level,ep,seed,makespan,done,total,reward,soft,hardExecuted,hardMask,travel,setup,move
L1_2C12L,1,101,221.553,12,12,172.2144603729248,1,0,1,20.951784296218587,110.0,209.51784296218588
L1_2C12L,2,102,220.329,12,12,178.76907300949097,2,0,2,14.103090261572722,90.0,141.0309026157272
L1_2C12L,3,103,221.541,12,12,180.2565188407898,3,0,2,9.144940157073925,80.0,91.44940157073927
L1_2C12L,4,104,255.591,12,12,178.0542857646942,3,0,3,16.48572894222746,80.0,164.8572894222746
L1_2C12L,5,105,222.466,12,12,190.43897342681885,1,0,3,11.870070738855365,70.0,118.70070738855365
L1_2C12L,6,106,206.502,12,12,197.8450527191162,0,0,2,10.516497063642353,60.0,105.16497063642352
L1_2C12L,7,107,202.272,12,12,194.86078906059265,3,0,6,13.79736935306988,40.0,137.97369353069882
L1_2C12L,8,108,198.397,12,12,186.41403198242188,4,0,1,10.28655889133017,60.0,102.86558891330168
L1_2C12L,9,109,217.508,12,12,186.82931232452393,0,0,1,10.568950367680953,90.0,105.68950367680955
L1_2C12L,10,110,210.184,12,12,198.383150100708,0,0,1,8.722833213922298,60.0,87.22833213922299
L1_2C12L,11,101,197.47,12,12,197.78294372558594,0,0,1,12.390203689670027,60.0,123.90203689670028
L1_2C12L,12,102,247.015,12,12,189.44275093078613,1,0,7,11.857495054832288,70.0,118.57495054832289
L1_2C12L,13,103,238.554,12,12,186.14855527877808,0,0,3,9.504806526618964,90.0,95.04806526618964
L1_2C12L,14,104,203.681,12,12,175.6655399799347,4,0,1,17.781525997867817,80.0,177.8152599786782
L1_2C12L,15,105,186.509,12,12,186.10096883773804,4,0,1,11.330116451695314,60.0,113.30116451695315
L1_2C12L,16,106,211.266,12,12,181.07158136367798,2,0,3,18.09471838800474,80.0,180.94718388004742
L1_2C12L,17,107,199.245,12,12,184.60084342956543,3,0,2,14.663862402097184,70.0,146.63862402097183
L1_2C12L,18,108,225.926,12,12,191.4316930770874,2,0,4,11.894356592073848,60.0,118.94356592073845
L1_2C12L,19,109,241.604,12,12,176.30964851379395,3,0,4,12.301171543271474,90.0,123.01171543271474
L1_2C12L,20,110,195.909,12,12,181.6648941040039,3,0,0,11.117030094400027,80.0,111.17030094400025
L1_2C12L,21,101,200.157,12,12,193.43783855438232,0,0,0,15.207216356274872,70.0,152.0721635627487
L1_2C12L,22,102,209.782,12,12,187.22288608551025,1,0,2,12.590378653966999,80.0,125.90378653967001
L1_2C12L,23,103,228.471,12,12,190.17343378067017,0,0,3,9.421879206434559,80.0,94.21879206434558
L1_2C12L,24,104,295.602,12,12,189.7090711593628,0,0,10,17.636428201954942,70.0,176.3642820195494
L1_2C12L,25,105,204.83,12,12,178.3246612548828,4,0,1,12.251134868931963,80.0,122.51134868931965
L1_2C12L,26,106,211.991,12,12,190.03975105285645,1,0,3,13.200826872861075,70.0,132.00826872861077
L1_2C12L,27,107,214.205,12,12,193.55972480773926,1,0,4,11.467584925690979,60.0,114.67584925690979
L1_2C12L,28,108,219.075,12,12,169.50877118110657,5,0,1,11.637435513814895,90.0,116.37435513814896
L1_2C12L,29,109,207.896,12,12,189.91711711883545,0,0,1,11.942957509236106,80.0,119.42957509236102
L1_2C12L,30,110,210.185,12,12,190.9530291557312,1,0,3,10.156563272419062,70.0,101.56563272419062
L1_2C12L,31,101,244.536,12,12,181.0071883201599,1,0,4,16.642719795618078,90.0,166.4271979561808
L1_2C12L,32,102,224.224,12,12,186.1527681350708,1,0,2,16.157439022614607,80.0,161.57439022614608
L1_2C12L,33,103,192.364,12,12,191.8470754623413,1,0,1,8.843074585205237,70.0,88.43074585205237
L1_2C12L,34,104,191.728,12,12,191.0801181793213,2,0,1,13.0662676403033,60.0,130.662676403033
L1_2C12L,35,105,209.206,12,12,195.13453578948975,1,0,3,9.551551290167314,60.0,95.51551290167313
L1_2C12L,36,106,250.384,12,12,195.55090379714966,0,0,8,14.830320253983178,60.0,148.30320253983174
L1_2C12L,37,107,192.434,12,12,178.99788331985474,5,0,4,11.67372199961398,70.0,116.7372199961398
L1_2C12L,38,108,245.207,12,12,172.35533666610718,4,0,3,15.482205423434092,90.0,154.82205423434092
L1_2C12L,39,109,221.777,12,12,185.24370050430298,0,0,2,12.520998727440382,90.0,125.20998727440383
L1_2C12L,40,110,210.185,12,12,202.444260597229,0,0,3,8.519119938618001,50.0,85.19119938618002
L1_2C12L,41,101,186.195,12,12,197.65890312194824,0,0,0,11.136984856285071,60.0,111.3698485628507
L1_2C12L,42,102,210.155,12,12,167.08175611495972,5,0,2,13.060824474507946,100.0,130.60824474507945
L1_2C12L,43,103,238.351,12,12,172.24139738082886,3,0,4,9.195342845331302,100.0,91.95342845331301
L1_2C12L,44,104,218.475,12,12,178.94185400009155,3,0,3,16.860503116479244,80.0,168.6050311647924
L1_2C12L,45,105,307.37,12,12,181.20127868652344,2,0,9,12.662423969511732,80.0,126.62423969511732
L1_2C12L,46,106,209.087,12,12,175.9932656288147,3,0,2,15.022433802795414,90.0,150.22433802795413
L1_2C12L,47,107,206.218,12,12,193.10207843780518,4,0,3,12.993073450632792,40.0,129.93073450632792
L1_2C12L,48,108,217.153,12,12,174.44484567642212,4,0,1,10.183858739542204,90.0,101.83858739542207
L1_2C12L,49,109,269.292,12,12,189.10379028320312,0,0,8,9.65404377978297,80.0,96.54043779782971
L1_2C12L,50,110,220.147,12,12,194.3916335105896,0,0,2,8.69454777030186,70.0,86.9454777030186
L1_2C12L,51,101,210.273,12,12,179.12687587738037,2,0,1,14.577068185555872,90.0,145.7706818555587
L1_2C12L,52,102,207.704,12,12,194.45943403244019,0,0,3,8.468550964677549,70.0,84.6855096467755
L1_2C12L,53,103,207.032,12,12,176.22728776931763,2,0,3,9.242378039831848,100.0,92.42378039831848
L1_2C12L,54,104,217.987,12,12,184.44824600219727,0,0,2,16.839183040862363,90.0,168.3918304086236
L1_2C12L,55,105,197.403,12,12,182.1147699356079,3,0,0,9.61742682429654,80.0,96.17426824296541
L1_2C12L,56,106,221.971,12,12,182.33013427257538,3,0,4,15.566218894842088,70.0,155.66218894842086
L1_2C12L,57,107,193.539,12,12,188.67741012573242,3,0,3,12.741966463065715,60.0,127.41966463065718
L1_2C12L,58,108,243.193,12,12,186.29212594032288,1,0,7,9.026239387792268,80.0,90.26239387792268
L1_2C12L,59,109,211.285,12,12,181.81107544898987,2,0,0,18.963103750007715,80.0,189.63103750007716
L1_2C12L,60,110,234.202,12,12,194.33564376831055,1,0,3,12.214529125077126,60.0,122.14529125077127
L1_2C12L,61,101,220.023,12,12,193.14425563812256,0,0,3,12.852489289021191,70.0,128.52489289021193
L1_2C12L,62,102,195.877,12,12,185.33829402923584,2,0,1,8.872367047190107,80.0,88.72367047190107
L1_2C12L,63,103,196.202,12,12,189.93107509613037,0,0,1,8.56306603388397,80.0,85.63066033883972
L1_2C12L,64,104,209.759,12,12,193.95009803771973,1,0,3,10.16633710882118,60.0,101.6633710882118
L1_2C12L,65,105,219.627,12,12,188.00822162628174,2,0,3,9.972589849864727,70.0,99.72589849864727
L1_2C12L,66,106,227.962,12,12,183.86001062393188,0,0,3,13.799954870051751,90.0,137.9995487005175
L1_2C12L,67,107,196.279,12,12,185.13159465789795,3,0,2,11.228024995678021,70.0,112.28024995678024
L1_2C12L,68,108,218.864,12,12,184.73006439208984,3,0,3,10.899798960239607,70.0,108.99798960239609
L1_2C12L,69,109,223.384,12,12,183.26922369003296,0,0,0,17.435921891048913,90.0,174.35921891048915
L1_2C12L,70,110,246.009,12,12,167.79540300369263,3,0,3,27.34865884820166,100.0,273.48658848201666
L1_2C12L,71,101,251.458,12,12,163.11807322502136,3,0,3,16.273090788168727,120.0,162.73090788168727
L1_2C12L,72,102,223.445,12,12,176.77335929870605,1,0,1,20.75547660963009,100.0,207.5547660963009
L1_2C12L,73,103,241.711,12,12,173.20902156829834,4,0,3,12.636610662807831,90.0,126.36610662807833
L1_2C12L,74,104,227.004,12,12,180.0097484588623,1,0,2,19.967526087145895,90.0,199.67526087145896
L1_2C12L,75,105,206.578,12,12,174.57381582260132,5,0,2,13.087276017544506,80.0,130.87276017544505
L1_2C12L,76,106,224.44,12,12,176.51057267189026,3,0,5,21.631405782512513,80.0,216.31405782512513
L1_2C12L,77,107,195.289,12,12,191.60858726501465,1,0,2,11.304716450712455,70.0,113.04716450712453
L1_2C12L,78,108,199.56,12,12,191.77058243751526,2,0,4,10.764721429306528,60.0,107.64721429306529
L1_2C12L,79,109,210.499,12,12,168.3503303527832,4,0,1,18.832222165597603,100.0,188.32222165597608
L1_2C12L,80,110,218.37,12,12,174.40922927856445,1,0,2,13.635894523005515,110.0,136.35894523005513
L1_2C12L,81,101,186.632,12,12,197.6518144607544,0,0,0,12.827281782469646,60.0,128.27281782469646
L1_2C12L,82,102,208.718,12,12,172.94447469711304,3,0,0,11.851754647640604,100.0,118.51754647640604
L1_2C12L,83,103,267.109,12,12,184.25760865211487,1,0,7,12.474640806192987,80.0,124.74640806192988
L1_2C12L,84,104,231.561,12,12,174.89718103408813,4,0,5,17.00940965060256,80.0,170.09409650602564
L1_2C12L,85,105,218.289,12,12,174.79621386528015,6,0,1,10.679290276523933,70.0,106.79290276523933
L1_2C12L,86,106,216.61,12,12,194.06283235549927,0,0,2,9.790553713488451,70.0,97.90553713488448
L1_2C12L,87,107,215.713,12,12,193.97283935546875,1,0,3,13.423865940908845,60.0,134.23865940908846
L1_2C12L,88,108,243.182,12,12,187.30039596557617,2,0,7,8.998674107665261,70.0,89.9867410766526
L1_2C12L,89,109,214.007,12,12,184.66821002960205,1,0,2,21.105956788794007,80.0,211.05956788794006
L1_2C12L,90,110,220.685,12,12,193.87146759033203,0,0,4,10.428438029552007,70.0,104.28438029552008
L1_2C12L,91,101,207.133,12,12,181.90208339691162,1,0,1,16.993056740812438,90.0,169.93056740812443
L1_2C12L,92,102,248.408,12,12,168.25721883773804,3,0,4,12.475928174051242,110.0,124.75928174051244
L1_2C12L,93,103,278.099,12,12,180.91497039794922,1,0,6,13.616749132713387,90.0,136.16749132713386
L1_2C12L,94,104,251.173,12,12,175.08115339279175,4,0,6,16.396168548685914,80.0,163.96168548685912
L1_2C12L,95,105,235.918,12,12,176.26754522323608,3,0,1,12.441513055177424,90.0,124.41513055177423
L1_2C12L,96,106,212.749,12,12,185.30806684494019,1,0,1,13.973099685345339,80.0,139.7309968534534
L1_2C12L,97,107,236.45,12,12,194.87450981140137,2,0,7,10.41829950197506,50.0,104.18299501975059
L1_2C12L,98,108,187.114,12,12,187.03007888793945,4,0,1,9.899741060134692,60.0,98.99741060134693
L1_2C12L,99,109,219.94,12,12,181.4460368156433,0,0,2,13.513208806753815,100.0,135.13208806753812
L1_2C12L,100,110,208.457,12,12,169.99462604522705,5,0,1,16.684574241341036,90.0,166.8457424134104
L1_2C12L,101,101,201.293,12,12,180.09716653823853,3,0,0,16.342778365014574,80.0,163.42778365014576
L1_2C12L,102,102,248.903,12,12,193.6733021736145,1,0,9,11.088994896329275,60.0,110.88994896329277
L1_2C12L,103,103,205.931,12,12,186.9115915298462,0,0,3,8.628015311867347,90.0,86.28015311867347
L1_2C12L,104,104,220.909,12,12,179.0800178050995,4,0,4,16.399939902972992,70.0,163.99939902972991
L1_2C12L,105,105,273.489,12,12,181.42214012145996,2,0,4,15.259525852098509,80.0,152.5952585209851
L1_2C12L,106,106,200.636,12,12,195.6168828010559,0,0,1,16.277046259579514,60.0,162.77046259579515
L1_2C12L,107,107,255.636,12,12,186.87441301345825,2,0,7,10.418609877196547,70.0,104.18609877196549
L1_2C12L,108,108,275.503,12,12,186.93437314033508,4,0,10,13.552087555022732,50.0,135.52087555022732
L1_2C12L,109,109,213.206,12,12,191.12706327438354,0,0,2,16.243132190579004,70.0,162.43132190579007
L1_2C12L,110,110,212.328,12,12,180.31380462646484,1,0,3,20.62065200112668,90.0,206.20652001126678
L1_2C12L,111,101,212.433,12,12,170.48325753211975,6,0,0,16.722488367321276,80.0,167.22488367321276
L1_2C12L,112,102,195.877,12,12,187.38594436645508,1,0,0,8.713517640604497,80.0,87.13517640604498
L1_2C12L,113,103,192.604,12,12,186.106840133667,3,0,1,7.977183649330564,70.0,79.77183649330564
L1_2C12L,114,104,200.217,12,12,184.5407199859619,3,0,1,13.197592536341755,70.0,131.97592536341756
L1_2C12L,115,105,236.053,12,12,167.23278045654297,6,0,2,12.55741299816974,90.0,125.5741299816974
L1_2C12L,116,106,223.145,12,12,189.61250162124634,1,0,4,14.624994079323622,70.0,146.24994079323625
L1_2C12L,117,107,214.205,12,12,200.58573532104492,0,0,4,11.380884356326327,50.0,113.80884356326328
L1_2C12L,118,108,243.374,12,12,187.25459837913513,2,0,8,9.151332938619268,70.0,91.51332938619267
L1_2C12L,119,109,253.465,12,12,185.64963722229004,0,0,3,11.167873619830212,90.0,111.6787361983021
L1_2C12L,120,110,269.891,12,12,184.06582117080688,1,0,7,16.447255959929308,80.0,164.4725595992931
L1_2C12L,121,101,219.771,12,12,188.85106325149536,0,0,2,13.829796934794393,80.0,138.29796934794393
L1_2C12L,122,102,207.63,12,12,191.75679683685303,1,0,5,7.477352627531501,70.0,74.773526275315
L1_2C12L,123,103,249.519,12,12,173.91635417938232,3,0,4,16.94548454722439,90.0,169.4548454722439
L1_2C12L,124,104,234.688,12,12,194.06710577011108,2,0,7,9.776317966234664,50.0,97.76317966234664
L1_2C12L,125,105,195.573,12,12,188.2829761505127,1,0,0,9.05675017913398,80.0,90.5675017913398
L1_2C12L,126,106,206.596,12,12,186.6667447090149,2,0,2,11.110850615437629,70.0,111.10850615437627
L1_2C12L,127,107,208.089,12,12,197.9882173538208,1,0,3,13.372609057019032,50.0,133.7260905701903
L1_2C12L,128,108,285.637,12,12,184.89289808273315,2,0,10,13.690337604401558,70.0,136.90337604401557
L1_2C12L,129,109,233.432,12,12,171.4841742515564,3,0,2,15.05275070713117,100.0,150.52750707131167
L1_2C12L,130,110,186.455,12,12,195.717866897583,2,0,1,14.273777164343421,50.0,142.73777164343417
L1_2C12L,131,101,200.989,12,12,193.22066116333008,0,0,0,15.93110859989486,70.0,159.31108599894856
L1_2C12L,132,102,206.02,12,12,180.8814525604248,2,0,2,8.728501341666467,90.0,87.28501341666465
L1_2C12L,133,103,228.357,12,12,177.944007396698,4,0,2,10.186639444809968,80.0,101.86639444809967
L1_2C12L,134,104,191.728,12,12,191.13872241973877,2,0,1,14.53758458950225,60.0,145.3758458950225
L1_2C12L,135,105,230.236,12,12,186.82534313201904,1,0,2,10.582191606329822,80.0,105.82191606329823
L1_2C12L,136,106,289.814,12,12,181.88692116737366,1,0,6,20.376912684333792,80.0,203.76912684333794
L1_2C12L,137,107,257.721,12,12,190.4340615272522,2,0,8,11.88647593646597,60.0,118.86475936465972
L1_2C12L,138,108,309.181,12,12,187.74578142166138,1,0,11,14.180730657669987,70.0,141.8073065766999
L1_2C12L,139,109,206.932,12,12,184.02471542358398,2,0,0,11.584277653184081,80.0,115.84277653184083
L1_2C12L,140,110,269.355,12,12,171.40869808197021,4,0,6,15.30435406894656,90.0,153.0435406894656
L1_2C12L,141,101,190.321,12,12,194.00710773468018,2,0,0,18.309638043056452,50.0,183.09638043056452
L1_2C12L,142,102,195.595,12,12,195.96148777008057,1,0,1,8.4617008094635,60.0,84.61700809463498
L1_2C12L,143,103,228.155,12,12,179.2647204399109,1,0,2,9.117599641172717,100.0,91.17599641172717
L1_2C12L,144,104,218.06,12,12,178.02215003967285,2,0,3,16.592836078951617,90.0,165.92836078951615
L1_2C12L,145,105,198.823,12,12,175.42235660552979,5,0,1,11.925460705575965,80.0,119.25460705575965
L1_2C12L,146,106,200.388,12,12,198.0373821258545,0,0,1,11.54205544128647,60.0,115.4205544128647
L1_2C12L,147,107,195.885,12,12,192.8976182937622,2,0,0,10.341283102315055,60.0,103.41283102315055
L1_2C12L,148,108,198.17,12,12,178.83151721954346,4,0,1,10.561610229870329,80.0,105.61610229870328
L1_2C12L,149,109,207.833,12,12,190.59559535980225,0,0,1,11.348018960259166,80.0,113.48018960259165
L1_2C12L,150,110,213.187,12,12,198.25828886032104,1,0,1,12.472370617245408,50.0,124.72370617245409
L1_2C12L,151,101,197.424,12,12,192.48335075378418,0,0,0,16.722165725968907,70.0,167.22165725968904
L1_2C12L,152,102,210.742,12,12,198.20678520202637,0,0,3,12.644046391143647,60.0,126.44046391143647
L1_2C12L,153,103,206.016,12,12,190.86948776245117,0,0,1,8.768369131025128,80.0,87.68369131025129
L1_2C12L,154,104,203.656,12,12,180.5847282409668,4,0,1,16.38423707843304,70.0,163.84237078433037
L1_2C12L,155,105,197.403,12,12,185.8913869857788,3,0,1,10.362049629069876,70.0,103.62049629069877
L1_2C12L,156,106,197.283,12,12,197.25553178787231,0,0,2,10.814899095253255,60.0,108.14899095253256
L1_2C12L,157,107,195.992,12,12,194.36731910705566,0,0,3,10.442257734650125,70.0,104.42257734650124
L1_2C12L,158,108,208.318,12,12,181.21570825576782,3,0,1,10.94765188719275,80.0,109.47651887192748
L1_2C12L,159,109,217.9,12,12,169.49048519134521,4,0,1,13.365033432090415,100.0,133.65033432090414
L1_2C12L,160,110,210.184,12,12,197.99499607086182,0,0,2,10.016682948173194,60.0,100.16682948173195
L1_2C12L,161,101,198.812,12,12,185.69999504089355,1,0,1,16.000015262864117,80.0,160.0001526286412
L1_2C12L,162,102,217.726,12,12,190.45275354385376,0,0,2,8.49082993047525,80.0,84.90829930475252
L1_2C12L,163,103,196.344,12,12,189.8415265083313,0,0,2,8.86156347289809,80.0,88.61563472898091
L1_2C12L,164,104,199.37,12,12,190.66718578338623,3,0,3,14.44271260493673,50.0,144.4271260493673
L1_2C12L,165,105,195.309,12,12,181.60035276412964,3,0,0,9.665482405742729,80.0,96.65482405742729
L1_2C12L,166,106,208.869,12,12,174.02192950248718,4,0,1,19.92691253042062,80.0,199.26912530420617
L1_2C12L,167,107,245.119,12,12,197.22704362869263,0,0,4,9.243202876807574,60.0,92.43202876807575
L1_2C12L,168,108,254.178,12,12,183.00162959098816,2,0,7,9.9945636480082,80.0,99.94563648008199
L1_2C12L,169,109,197.103,12,12,198.8158311843872,0,0,1,10.613902404287478,60.0,106.13902404287477
L1_2C12L,170,110,208.371,12,12,182.18505573272705,2,0,1,17.7164675059287,80.0,177.16467505928702
L1_2C12L,171,101,185.93,12,12,198.7273941040039,0,0,0,10.908679792724723,60.0,109.08679792724725
L1_2C12L,172,102,201.023,12,12,197.3681230545044,0,0,1,13.772922901245348,60.0,137.7292290124535
L1_2C12L,173,103,353.689,12,12,176.8713960647583,0,0,14,17.095342946430808,100.0,170.95342946430807
L1_2C12L,174,104,216.728,12,12,197.41946411132812,1,0,5,11.935115996933508,50.0,119.35115996933507
L1_2C12L,175,105,198.317,12,12,175.11435627937317,5,0,2,11.285479706781835,80.0,112.85479706781835
L1_2C12L,176,106,210.376,12,12,186.93657159805298,1,0,2,11.878090775573027,80.0,118.78090775573025
L1_2C12L,177,107,284.622,12,12,184.87627029418945,2,0,8,13.745771312060864,70.0,137.45771312060864
L1_2C12L,178,108,197.889,12,12,185.6300277709961,3,0,0,9.5665676671245,70.0,95.665676671245
L1_2C12L,179,109,210.8,12,12,179.96383476257324,0,0,1,20.120545625255122,100.0,201.20545625255127
L1_2C12L,180,110,234.22,12,12,171.14008569717407,3,0,2,16.199710981436457,100.0,161.99710981436456
L1_2C12L,181,101,273.831,12,12,174.15101099014282,3,0,4,16.16329474062364,90.0,161.63294740623638
L1_2C12L,182,102,219.742,12,12,163.76790761947632,6,0,0,12.440299712974724,100.0,124.40299712974728
L1_2C12L,183,103,202.662,12,12,181.58926057815552,3,0,1,8.03580314668884,80.0,80.35803146688842
L1_2C12L,184,104,210.383,12,12,193.2506332397461,1,0,2,15.831217356196051,60.0,158.31217356196052
L1_2C12L,185,105,219.952,12,12,185.84069681167603,1,0,1,10.531003656042543,80.0,105.31003656042543
L1_2C12L,186,106,197.283,12,12,198.20522594451904,0,0,2,10.982589950501842,60.0,109.82589950501841
L1_2C12L,187,107,214.205,12,12,193.55972528457642,1,0,5,11.467584925690979,60.0,114.67584925690979
L1_2C12L,188,108,207.16,12,12,185.0380220413208,2,0,2,8.206597062646042,80.0,82.06597062646041
L1_2C12L,189,109,221.182,12,12,172.03545904159546,4,0,1,18.215130379779673,90.0,182.15130379779671
L1_2C12L,190,110,232.828,12,12,174.906756401062,3,0,1,16.977482985228978,90.0,169.77482985228977
L1_2C12L,191,101,196.647,12,12,191.2603054046631,1,0,0,12.465650398108105,70.0,124.65650398108104
L1_2C12L,192,102,205.58,12,12,186.84088325500488,0,0,1,8.863713788938473,90.0,88.63713788938472
L1_2C12L,193,103,218.65,12,12,186.85604524612427,2,0,3,10.479860348540605,70.0,104.79860348540606
L1_2C12L,194,104,198.781,12,12,193.3747797012329,1,0,1,17.084067578473523,60.0,170.84067578473523
L1_2C12L,195,105,236.457,12,12,185.6398663520813,1,0,1,14.53377698744702,80.0,145.33776987447018
L1_2C12L,196,106,207.044,12,12,193.7772035598755,0,0,2,10.742654798496025,70.0,107.42654798496025
L1_2C12L,197,107,215.713,12,12,201.17464470863342,1,0,5,12.75118737929325,40.0,127.51187379293253
L1_2C12L,198,108,208.814,12,12,181.97287321090698,4,0,1,10.090419727902127,70.0,100.90419727902128
L1_2C12L,199,109,222.433,12,12,185.00448989868164,0,0,1,16.65169174667081,90.0,166.51691746670807
L1_2C12L,200,110,208.906,12,12,174.49517679214478,3,0,0,16.682736189412832,90.0,166.82736189412827
L1_2C12L,201,101,213.43,12,12,192.98535537719727,1,0,1,16.715483217795814,60.0,167.15483217795813
L1_2C12L,202,102,198.513,12,12,181.05392932891846,3,0,0,11.486903426245236,80.0,114.86903426245235
L1_2C12L,203,103,252.575,12,12,190.35313034057617,3,0,4,15.489564249848168,50.0,154.89564249848166
L1_2C12L,204,104,219.471,12,12,190.72067260742188,2,0,3,14.264424571627684,60.0,142.64424571627686
L1_2C12L,205,105,294.056,12,12,183.195330619812,3,0,9,9.348904293817947,70.0,93.48904293817947
L1_2C12L,206,106,197.283,12,12,195.07368087768555,1,0,1,11.421073138672174,60.0,114.21073138672173
L1_2C12L,207,107,193.302,12,12,188.92424297332764,3,0,1,13.58586257432855,60.0,135.8586257432855
L1_2C12L,208,108,197.064,12,12,203.69222736358643,1,0,2,7.692575073623943,40.0,76.92575073623942
L1_2C12L,209,109,225.733,12,12,181.49576902389526,2,0,1,18.34743618101192,80.0,183.47436181011918
L1_2C12L,210,110,220.268,12,12,191.35782432556152,1,0,2,8.80726070621669,70.0,88.07260706216692
L1_2C12L,211,101,237.44,12,12,181.70095252990723,2,0,2,17.66347575192844,80.0,176.63475751928442
L1_2C12L,212,102,212.465,12,12,194.68979835510254,1,0,4,14.367321955833301,60.0,143.67321955833302
L1_2C12L,213,103,192.252,12,12,182.71227359771729,4,0,5,7.625767440763283,70.0,76.25767440763282
L1_2C12L,214,104,228.85,12,12,195.78264808654785,0,0,5,14.05784781563055,60.0,140.57847815630547
L1_2C12L,215,105,305.789,12,12,184.67538738250732,1,0,8,11.082046246405389,80.0,110.82046246405389
L1_2C12L,216,106,200.388,12,12,194.91347408294678,1,0,1,11.955083217201521,60.0,119.5508321720152
L1_2C12L,217,107,245.735,12,12,194.0422763824463,1,0,5,9.859087415955832,60.0,98.59087415955833
L1_2C12L,218,108,307.429,12,12,184.26471042633057,1,0,11,12.450971101648868,80.0,124.5097110164887
L1_2C12L,219,109,212.014,12,12,185.74651050567627,1,0,1,15.844964272131485,80.0,158.44964272131483
L1_2C12L,220,110,210.468,12,12,193.34253072738647,0,0,2,12.191558426865738,70.0,121.91558426865738
L1_2C12L,221,101,194.989,12,12,191.25229358673096,1,0,1,12.492346687152311,70.0,124.92346687152312
L1_2C12L,222,102,195.877,12,12,189.41576957702637,2,0,1,8.614096436343294,70.0,86.14096436343294
L1_2C12L,223,103,192.364,12,12,186.17873859405518,3,0,2,7.737521024370059,70.0,77.3752102437006
L1_2C12L,224,104,217.843,12,12,186.62873458862305,2,0,2,14.570888436102427,70.0,145.70888436102427
L1_2C12L,225,105,199.5,12,12,178.61270236968994,5,0,1,12.957645526831481,70.0,129.57645526831482
L1_2C12L,226,106,216.61,12,12,184.81259632110596,3,0,3,10.62467948776247,70.0,106.2467948776247
L1_2C12L,227,107,284.546,12,12,184.89915227890015,2,0,9,13.669488837357022,70.0,136.69488837357022
L1_2C12L,228,108,198.707,12,12,179.5654878616333,5,0,0,11.448388681445389,70.0,114.4838868144539
L1_2C12L,229,109,217.987,12,12,173.05472421646118,1,0,1,18.150920785924974,110.0,181.50920785924973
L1_2C12L,230,110,214.551,12,12,182.66090774536133,2,0,1,16.13029527983848,80.0,161.3029527983848
L1_2C12L,231,101,210.011,12,12,182.16502380371094,1,0,2,16.116596722583186,90.0,161.16596722583185
L1_2C12L,232,102,232.45,12,12,186.2044334411621,1,0,4,12.651908725509783,80.0,126.5190872550978
L1_2C12L,233,103,238.212,12,12,180.01793098449707,4,0,3,16.606893307827775,70.0,166.06893307827778
L1_2C12L,234,104,285.006,12,12,186.08835649490356,3,0,7,13.038809649289785,60.0,130.38809649289786
L1_2C12L,235,105,229.692,12,12,177.37558841705322,4,0,2,8.748018354414235,80.0,87.48018354414233
L1_2C12L,236,106,208.513,12,12,179.13936138153076,2,0,0,16.20212400552139,90.0,162.0212400552139
L1_2C12L,237,107,235.643,12,12,198.069899559021,1,0,5,9.76698479483449,50.0,97.66984794834492
L1_2C12L,238,108,234.218,12,12,198.05938339233398,0,0,3,9.802067690443872,60.0,98.02067690443872
L1_2C12L,239,109,205.782,12,12,185.9607629776001,0,0,0,13.464131092557928,90.0,134.64131092557926
L1_2C12L,240,110,303.835,12,12,183.2803988456726,0,0,10,12.398673378125432,90.0,123.98673378125432
L1_2C12L,241,101,263.221,12,12,191.69709300994873,1,0,5,17.67637441026421,60.0,176.7637441026421
L1_2C12L,242,102,217.978,12,12,187.6522183418274,1,0,3,7.825956849527317,80.0,78.25956849527316
L1_2C12L,243,103,218.429,12,12,184.2179388999939,2,0,2,9.27353353880972,80.0,92.7353353880972
L1_2C12L,244,104,228.378,12,12,192.61352825164795,1,0,4,14.621568758636567,60.0,146.21568758636568
L1_2C12L,245,105,198.608,12,12,179.78732919692993,5,0,0,10.708890876057188,70.0,107.08890876057188
L1_2C12L,246,106,206.502,12,12,191.4900860786438,1,0,1,10.033050307081659,70.0,100.33050307081658
L1_2C12L,247,107,209.402,12,12,186.14591884613037,1,0,2,14.513616923074142,80.0,145.13616923074144
L1_2C12L,248,108,218.749,12,12,184.08635425567627,2,0,2,9.71214178725904,80.0,97.12141787259038
L1_2C12L,249,109,208.897,12,12,171.1889762878418,3,0,1,17.703416159754962,100.0,177.0341615975496
L1_2C12L,250,110,233.285,12,12,181.59653687477112,1,0,1,14.678197010856517,90.0,146.7819701085652
L1_2C12L,251,101,234.811,12,12,182.03099918365479,1,0,2,13.229995628680033,90.0,132.29995628680032
L1_2C12L,252,102,197.08,12,12,187.5222864151001,1,0,1,9.925715738055967,80.0,99.25715738055968
L1_2C12L,253,103,282.772,12,12,181.29402780532837,2,0,4,15.686564845593615,80.0,156.86564845593614
L1_2C12L,254,104,251.335,12,12,184.00802278518677,2,0,5,19.973257447198634,70.0,199.7325744719863
L1_2C12L,255,105,266.341,12,12,179.504234790802,3,0,7,11.652558150526552,80.0,116.5255815052655
L1_2C12L,256,106,199.703,12,12,191.22196292877197,1,0,2,10.926778041569,70.0,109.26778041569001
L1_2C12L,257,107,215.713,12,12,187.93228244781494,3,0,4,13.559060719444357,60.0,135.59060719444358
L1_2C12L,258,108,207.134,12,12,188.50014472007751,2,0,2,8.332848896943908,70.0,83.32848896943909
L1_2C12L,259,109,217.332,12,12,180.76968955993652,1,0,1,19.101042984088863,90.0,191.0104298408886
L1_2C12L,260,110,230.265,12,12,187.35867595672607,1,0,1,8.804405668705039,80.0,88.04405668705039
L1_2C12L,261,101,232.85,12,12,176.33383691310883,4,0,3,15.553873031119531,80.0,155.5387303111953
L1_2C12L,262,102,200.411,12,12,186.23268222808838,2,0,0,19.224396946204262,70.0,192.24396946204263
L1_2C12L,263,103,196.163,12,12,190.89587593078613,0,0,1,8.680412652759278,80.0,86.80412652759279
L1_2C12L,264,104,216.728,12,12,197.41946411132812,1,0,4,11.935115996933508,50.0,119.35115996933507
L1_2C12L,265,105,267.433,12,12,176.5646276473999,4,0,8,11.45123801093859,80.0,114.51238010938589
L1_2C12L,266,106,196.468,12,12,194.8083553314209,1,0,2,12.305483885047266,60.0,123.05483885047266
L1_2C12L,267,107,236.45,12,12,194.87450981140137,2,0,10,10.41829950197506,50.0,104.18299501975059
L1_2C12L,268,108,227.147,12,12,187.6540403366089,1,0,1,7.819854942878432,80.0,78.19854942878432
L1_2C12L,269,109,252.993,12,12,170.88386249542236,2,0,4,13.72047068883278,110.0,137.20470688832782
L1_2C12L,270,110,269.652,12,12,176.09545373916626,4,0,6,13.015161038995505,80.0,130.15161038995507
L1_2C12L,271,101,212.718,12,12,185.8104214668274,1,0,1,15.631940014542266,80.0,156.3194001454227
L1_2C12L,272,102,219.203,12,12,187.98731470108032,2,0,2,10.042288920308104,70.0,100.42288920308104
L1_2C12L,273,103,238.83,12,12,176.10042905807495,2,0,2,9.665240932643147,100.0,96.6524093264315
L1_2C12L,274,104,214.981,12,12,187.3590178489685,1,0,4,18.80328173744836,70.0,188.03281737448356
L1_2C12L,275,105,209.206,12,12,195.26555633544922,1,0,1,9.114810592243362,60.0,91.14810592243363
L1_2C12L,276,106,208.977,12,12,186.17566871643066,1,0,1,16.08111594103062,80.0,160.81115941030617
L1_2C12L,277,107,260.724,12,12,195.47071886062622,0,0,10,11.764276352561595,60.0,117.64276352561595
L1_2C12L,278,108,232.754,12,12,187.34388542175293,2,0,5,12.187045253313956,70.0,121.87045253313956
L1_2C12L,279,109,207.01,12,12,191.5634355545044,1,0,1,11.455215850794985,70.0,114.55215850794985
L1_2C12L,280,110,220.268,12,12,194.1193037033081,0,0,4,9.602332035148839,70.0,96.0233203514884
L1_2C12L,281,101,231.236,12,12,174.38339805603027,2,0,1,15.388651656655483,100.0,153.8865165665548
L1_2C12L,282,102,212.476,12,12,197.1966004371643,0,0,2,12.677999591338118,60.0,126.77999591338119
L1_2C12L,283,103,206.135,12,12,174.95221424102783,4,0,2,8.492615086457295,90.0,84.92615086457293
L1_2C12L,284,104,201.151,12,12,186.28283286094666,2,0,2,15.723884337857875,70.0,157.23884337857876
L1_2C12L,285,105,228.32,12,12,186.5659317970276,0,0,2,8.113559873256957,90.0,81.13559873256955
L1_2C12L,286,106,213.002,12,12,193.6554856300354,1,0,3,14.48171689862646,60.0,144.81716898626462
L1_2C12L,287,107,185.839,12,12,199.39711904525757,1,0,1,10.342938448992175,50.0,103.42938448992174
L1_2C12L,288,108,217.434,12,12,181.410231590271,3,0,2,8.63255731905726,80.0,86.3255731905726
L1_2C12L,289,109,243.304,12,12,185.69644165039062,0,0,4,11.011876261070597,90.0,110.11876261070596
L1_2C12L,290,110,223.228,12,12,173.59194040298462,5,0,2,14.693531834081659,80.0,146.9353183408166
L1_2C12L,291,101,226.693,12,12,186.5831174850464,2,0,2,14.72293433822916,70.0,147.2293433822916
L1_2C12L,292,102,208.483,12,12,193.76731395721436,0,0,2,10.775617819694338,70.0,107.75617819694338
L1_2C12L,293,103,206.328,12,12,181.9037618637085,0,0,2,8.65411943568139,100.0,86.54119435681392
L1_2C12L,294,104,216.728,12,12,197.41946411132812,1,0,5,11.935115996933508,50.0,119.35115996933507
L1_2C12L,295,105,303.922,12,12,182.23561096191406,2,0,11,9.214616464036828,80.0,92.1461646403683
L1_2C12L,296,106,210.53,12,12,191.4782485961914,1,0,0,11.739188116329318,70.0,117.39188116329316
L1_2C12L,297,107,258.981,12,12,189.0686001777649,1,0,6,13.104656374751713,70.0,131.04656374751715
L1_2C12L,298,108,263.515,12,12,182.21255540847778,1,0,9,9.29149114934277,90.0,92.91491149342767
L1_2C12L,299,109,210.123,12,12,193.40959882736206,0,0,0,13.634691196759547,70.0,136.34691196759547
L1_2C12L,300,110,221.509,12,12,189.027681350708,0,0,2,13.241068546209672,80.0,132.4106854620967
L1_2C12L,301,101,186.195,12,12,198.65890407562256,0,0,0,11.136984856285071,60.0,111.3698485628507
L1_2C12L,302,102,222.491,12,12,190.1920623779297,1,0,2,12.693136598635089,70.0,126.9313659863509
L1_2C12L,303,103,306.41,12,12,180.7025055885315,2,0,11,14.324974131332814,80.0,143.24974131332817
L1_2C12L,304,104,219.471,12,12,190.72067260742188,2,0,3,14.264424571627684,60.0,142.64424571627686
L1_2C12L,305,105,199.053,12,12,197.36082935333252,0,0,1,13.797240250596124,60.0,137.9724025059612
L1_2C12L,306,106,206.596,12,12,197.81443691253662,0,0,3,10.618544463331046,60.0,106.18544463331045
L1_2C12L,307,107,214.205,12,12,204.6268081665039,0,0,4,11.243975644378388,40.0,112.43975644378386
L1_2C12L,308,108,201.456,12,12,175.0885591506958,4,0,1,9.704819815172414,90.0,97.04819815172415
L1_2C12L,309,109,209.505,12,12,193.61945915222168,0,0,3,11.26846899082283,70.0,112.68468990822828
L1_2C12L,310,110,273.735,12,12,175.4241726398468,2,0,5,21.919430935342405,90.0,219.19430935342405
L1_2C12L,311,101,196.413,12,12,181.18168830871582,3,0,2,12.727697720033088,80.0,127.2769772003309
L1_2C12L,312,102,207.704,12,12,194.21848344802856,0,0,3,9.271718971155892,70.0,92.71718971155892
L1_2C12L,313,103,206.135,12,12,170.96753311157227,4,0,2,8.441560079321393,100.0,84.41560079321394
L1_2C12L,314,104,284.542,12,12,195.2275414466858,0,0,9,12.574845420863296,60.0,125.74845420863296
L1_2C12L,315,105,197.403,12,12,192.14624786376953,1,0,0,9.512516735953572,70.0,95.12516735953572
L1_2C12L,316,106,200.388,12,12,198.03738021850586,0,0,1,11.54205544128647,60.0,115.42055441286469
L1_2C12L,317,107,220.132,12,12,191.0005383491516,1,0,1,9.998199533553835,70.0,99.98199533553834
L1_2C12L,318,108,217.451,12,12,178.40486097335815,4,0,4,8.650457679016753,80.0,86.50457679016755
L1_2C12L,319,109,223.299,12,12,192.5095887184143,0,0,3,14.96803306327536,70.0,149.68033063275362
L1_2C12L,320,110,210.564,12,12,198.2643747329712,0,0,2,9.118761193378418,60.0,91.18761193378418
L1_2C12L,321,101,201.035,12,12,188.42053890228271,0,0,0,18.598201269935497,80.0,185.982012699355
L1_2C12L,322,102,197.305,12,12,195.98358726501465,1,0,1,10.054711172704863,60.0,100.54711172704864
L1_2C12L,323,103,228.322,12,12,187.24036264419556,1,0,2,9.198789463306936,80.0,91.98789463306935
L1_2C12L,324,104,191.355,12,12,190.6702365875244,2,0,2,16.099207245701827,60.0,160.99207245701828
L1_2C12L,325,105,219.952,12,12,190.9187240600586,1,0,2,10.270911534901341,70.0,102.70911534901342
L1_2C12L,326,106,199.703,12,12,198.2428436279297,0,0,2,10.85717795518832,60.0,108.57177955188321
L1_2C12L,327,107,214.205,12,12,204.62680768966675,0,0,5,11.243975644378388,40.0,112.43975644378386
L1_2C12L,328,108,243.376,12,12,187.25405597686768,2,0,6,9.153140343629412,70.0,91.53140343629411
L1_2C12L,329,109,200.864,12,12,191.35306024551392,0,0,1,20.48980727976364,70.0,204.89807279763636
L1_2C12L,330,110,212.194,12,12,183.49816179275513,3,0,3,15.00613478458427,70.0,150.06134784584273
L1_2C12L,331,101,199.305,12,12,188.928852558136,0,0,0,15.237146529403455,80.0,152.37146529403458
L1_2C12L,332,102,217.731,12,12,184.45138454437256,2,0,3,8.49538614189466,80.0,84.9538614189466
L1_2C12L,333,103,238.128,12,12,178.20025539398193,1,0,3,9.332477245751775,100.0,93.32477245751774
L1_2C12L,334,104,192.156,12,12,187.33503532409668,2,0,1,13.883210652513423,70.0,138.83210652513424
L1_2C12L,335,105,193.198,12,12,195.14570140838623,0,0,0,7.847653710946015,70.0,78.47653710946017
L1_2C12L,336,106,199.703,12,12,191.09015274047852,1,0,2,11.366151041912058,70.0,113.66151041912059
L1_2C12L,337,107,240.313,12,12,186.97154140472412,1,0,3,10.09485305172186,80.0,100.94853051721861
L1_2C12L,338,108,207.134,12,12,188.4976406097412,2,0,2,8.341190573253566,70.0,83.41190573253567
L1_2C12L,339,109,289.921,12,12,180.9020118713379,0,0,8,10.326631900563303,100.0,103.26631900563302
L1_2C12L,340,110,205.266,12,12,181.64746046066284,3,0,1,11.175150093820342,80.0,111.75150093820342
L1_2C12L,341,101,199.895,12,12,186.3264799118042,2,0,0,18.91173914433848,70.0,189.1173914433848
L1_2C12L,342,102,232.45,12,12,183.2044334411621,2,0,3,12.651908725509783,80.0,126.5190872550978
L1_2C12L,343,103,228.32,12,12,187.2409634590149,1,0,2,9.196786627483597,80.0,91.96786627483596
L1_2C12L,344,104,238.524,12,12,191.8804211616516,0,0,6,13.731928902018891,70.0,137.31928902018888
L1_2C12L,345,105,234.67,12,12,181.79083371162415,2,0,2,17.363875567784078,80.0,173.63875567784078
L1_2C12L,346,106,199.703,12,12,191.72196674346924,1,0,1,10.926778041569,70.0,109.26778041569
L1_2C12L,347,107,268.449,12,12,185.22827816009521,1,0,5,12.572411156592151,80.0,125.72411156592153
L1_2C12L,348,108,218.422,12,12,175.15930938720703,4,0,2,9.468949101578936,90.0,94.68949101578936
L1_2C12L,349,109,285.763,12,12,177.16262340545654,2,0,4,16.124575325377872,90.0,161.2457532537787
L1_2C12L,350,110,248.352,12,12,183.39124059677124,0,0,2,18.69588614695585,90.0,186.9588614695585
L1_2C12L,351,101,233.669,12,12,188.70122480392456,0,0,2,14.329247947840296,80.0,143.292479478403
L1_2C12L,352,102,217.837,12,12,187.41950750350952,1,0,2,8.6016568994108,80.0,86.016568994108
L1_2C12L,353,103,207.032,12,12,180.2147617340088,2,0,1,9.284132868879786,90.0,92.84132868879787
L1_2C12L,354,104,235.324,12,12,183.8357605934143,3,0,5,10.547453087363564,70.0,105.47453087363566
L1_2C12L,355,105,305.881,12,12,178.6478910446167,3,0,8,11.173685988307637,80.0,111.73685988307636
L1_2C12L,356,106,206.502,12,12,194.30823516845703,0,0,1,10.639224350500577,70.0,106.39224350500575
L1_2C12L,357,107,215.713,12,12,204.17464447021484,0,0,7,12.75118737929325,40.0,127.51187379293253
L1_2C12L,358,108,219.154,12,12,182.9500904083252,1,0,3,10.166362761874707,90.0,101.66362761874707
L1_2C12L,359,109,222.378,12,12,175.14467120170593,3,0,2,16.18442147795149,90.0,161.84421477951489
L1_2C12L,360,110,232.111,12,12,186.04696083068848,1,0,3,13.176807071869531,80.0,131.76807071869533
L1_2C12L,361,101,210.28,12,12,178.9416642189026,2,0,0,16.861114921117398,90.0,168.61114921117397
L1_2C12L,362,102,207.737,12,12,195.72603225708008,1,0,2,7.579877153691439,60.0,75.79877153691439
L1_2C12L,363,103,205.931,12,12,191.01539993286133,0,0,3,8.281989973170422,80.0,82.81989973170421
L1_2C12L,364,104,200.161,12,12,188.7631540298462,3,0,1,12.456150143283146,60.0,124.56150143283146
L1_2C12L,365,105,306.154,12,12,181.56608963012695,2,0,9,11.446360165473415,80.0,114.46360165473413
L1_2C12L,366,106,200.041,12,12,192.8414363861084,0,0,1,15.528540720833522,70.0,155.28540720833522
L1_2C12L,367,107,209.994,12,12,195.0515375137329,1,0,2,9.828213118539379,60.0,98.2821311853938
L1_2C12L,368,108,247.426,12,12,190.73543095588684,2,0,6,10.88190642920106,60.0,108.81906429201061
L1_2C12L,369,109,209.219,12,12,177.79431676864624,2,0,0,20.685603241117438,90.0,206.8560324111744
L1_2C12L,370,110,231.576,12,12,186.96545314788818,1,0,4,10.11516351738988,80.0,101.1516351738988
L1_2C12L,371,101,225.196,12,12,193.45057153701782,1,0,2,15.164768069533599,60.0,151.64768069533596
L1_2C12L,372,102,207.867,12,12,191.68567037582397,1,0,4,7.714435067301237,70.0,77.14435067301237
L1_2C12L,373,103,195.844,12,12,182.0393886566162,3,0,1,8.202038569214732,80.0,82.0203856921473
L1_2C12L,374,104,235.324,12,12,186.84058666229248,2,0,6,10.531368847680557,70.0,105.31368847680558
L1_2C12L,375,105,304.672,12,12,176.01045274734497,4,0,9,9.965157925346169,80.0,99.65157925346169
L1_2C12L,376,106,203.211,12,12,190.1696653366089,1,0,2,14.434435031222435,70.0,144.34435031222435
L1_2C12L,377,107,214.205,12,12,204.6268081665039,0,0,5,11.243975644378388,40.0,112.43975644378386
L1_2C12L,378,108,217.434,12,12,177.38196659088135,3,0,2,8.726768958421838,90.0,87.26768958421836
L1_2C12L,379,109,225.733,12,12,178.43381309509277,3,0,2,18.553958164056585,80.0,185.53958164056584
L1_2C12L,380,110,200.854,12,12,188.90850067138672,1,0,1,18.638328071153456,70.0,186.38328071153455
L1_2C12L,381,101,235.205,12,12,185.69851875305176,1,0,2,14.338253728515562,80.0,143.38253728515565
L1_2C12L,382,102,191.121,12,12,187.69771194458008,3,0,3,17.674312111319626,60.0,176.74312111319625
L1_2C12L,383,103,238.271,12,12,172.12333393096924,3,0,3,9.588874264941355,100.0,95.88874264941354
L1_2C12L,384,104,244.825,12,12,191.02615451812744,2,0,6,9.912815895522503,60.0,99.12815895522502
L1_2C12L,385,105,318.023,12,12,183.005211353302,0,0,6,13.315944659774754,90.0,133.15944659774755
L1_2C12L,386,106,197.283,12,12,197.97444820404053,0,0,1,11.751846227839803,60.0,117.51846227839802
L1_2C12L,387,107,188.019,12,12,195.84264183044434,2,0,0,13.857849732664597,50.0,138.57849732664596
L1_2C12L,388,108,220.337,12,12,178.27986764907837,4,0,1,12.400444012039776,80.0,124.00444012039776
L1_2C12L,389,109,257.905,12,12,180.98861265182495,1,0,4,16.704627712201678,90.0,167.04627712201676
L1_2C12L,390,110,250.951,12,12,189.74908590316772,2,0,8,14.169734739810774,60.0,141.69734739810775
L1_2C12L,391,101,200.258,12,12,193.5483226776123,0,0,1,13.172248660799777,70.0,131.72248660799778
L1_2C12L,392,102,207.706,12,12,191.4587574005127,1,0,4,8.470806822826713,70.0,84.70806822826711
L1_2C12L,393,103,206.027,12,12,190.98662185668945,0,0,1,8.377939332618391,80.0,83.77939332618392
L1_2C12L,394,104,234.759,12,12,181.8546848297119,5,0,6,10.484388282243364,60.0,104.84388282243366
L1_2C12L,395,105,218.376,12,12,187.21348571777344,1,0,4,9.288386799152502,80.0,92.88386799152504
L1_2C12L,396,106,206.869,12,12,191.0846028327942,1,0,2,11.384652514487819,70.0,113.84652514487817
L1_2C12L,397,107,209.558,12,12,192.38190269470215,2,0,1,8.726987389459905,60.0,87.26987389459906
L1_2C12L,398,108,247.17,12,12,193.88808345794678,1,0,7,10.373056714145312,60.0,103.73056714145315
L1_2C12L,399,109,225.364,12,12,170.79398155212402,4,0,3,20.686724207208993,90.0,206.8672420720899
L1_2C12L,400,110,197.542,12,12,190.05032300949097,1,0,1,14.832256204776614,70.0,148.32256204776616
L1_2C12L,401,101,196.699,12,12,187.06317138671875,2,0,0,16.456106360024854,70.0,164.56106360024853
L1_2C12L,402,102,258.888,12,12,189.67764711380005,1,0,8,11.074511636099396,70.0,110.74511636099399
L1_2C12L,403,103,192.364,12,12,196.22002983093262,1,0,2,7.599901904258956,60.0,75.99901904258955
L1_2C12L,404,104,274.904,12,12,196.11885166168213,1,0,10,12.93715987312259,50.0,129.3715987312259
L1_2C12L,405,105,230.512,12,12,180.61190557479858,3,0,3,11.293659933436611,80.0,112.93659933436612
L1_2C12L,406,106,213.002,12,12,188.6223292350769,1,0,5,14.59223416129177,70.0,145.9223416129177
L1_2C12L,407,107,210.456,12,12,198.491614818573,1,0,5,11.69461956982525,50.0,116.9461956982525
L1_2C12L,408,108,218.864,12,12,186.02985000610352,0,0,2,9.900516892845216,90.0,99.00516892845218
L1_2C12L,409,109,207.896,12,12,185.64174032211304,0,0,0,12.86088296119487,90.0,128.6088296119487
L1_2C12L,410,110,230.266,12,12,189.94914960861206,0,0,2,10.16951830566522,80.0,101.6951830566522
L1_2C12L,411,101,210.913,12,12,181.98633193969727,1,0,0,16.712234768808674,90.0,167.12234768808673
L1_2C12L,412,102,207.63,12,12,191.48168563842773,1,0,3,8.394389727231278,70.0,83.9438972723128
L1_2C12L,413,103,218.343,12,12,189.24652528762817,0,0,2,9.178252185007189,80.0,91.78252185007189
L1_2C12L,414,104,225.305,12,12,190.84631633758545,2,0,5,10.512282217182388,60.0,105.12282217182388
L1_2C12L,415,105,304.683,12,12,179.00734090805054,3,0,9,9.975531938595084,80.0,99.75531938595083
L1_2C12L,416,106,200.388,12,12,198.03738021850586,0,0,1,11.54205544128647,60.0,115.42055441286469
L1_2C12L,417,107,209.994,12,12,198.06700539588928,1,0,4,9.776649318781185,50.0,97.76649318781185
L1_2C12L,418,108,197.064,12,12,195.07699489593506,0,0,1,8.076676061873815,70.0,80.76676061873816
L1_2C12L,419,109,257.069,12,12,170.59804892539978,3,0,6,14.673152807451523,100.0,146.73152807451527
L1_2C12L,420,110,230.266,12,12,187.35854482650757,1,0,4,8.804867831759903,80.0,88.04867831759904
L1_2C12L,421,101,234.811,12,12,185.14735317230225,0,0,3,12.842147094186796,90.0,128.42147094186797
L1_2C12L,422,102,266.907,12,12,174.25262928009033,3,0,7,15.824576357733324,90.0,158.24576357733324
L1_2C12L,423,103,206.027,12,12,180.0286750793457,1,0,2,8.23776429755476,100.0,82.37764297554763
L1_2C12L,424,104,200.161,12,12,184.76315450668335,4,0,2,12.456150143283146,60.0,124.56150143283146
L1_2C12L,425,105,197.403,12,12,185.8913869857788,3,0,0,10.362049629069876,70.0,103.62049629069877
L1_2C12L,426,106,207.363,12,12,194.23175621032715,0,0,1,10.89415545540051,70.0,108.94155455400512
L1_2C12L,427,107,208.649,12,12,201.14455795288086,0,0,2,12.85149011830415,50.0,128.51490118304153
L1_2C12L,428,108,199.56,12,12,188.7647840976715,3,0,3,10.784049808614446,60.0,107.84049808614448
L1_2C12L,429,109,269.15,12,12,189.1332335472107,0,0,4,9.555883444751268,80.0,95.55883444751268
L1_2C12L,430,110,297.941,12,12,184.40299499034882,2,0,6,15.323359246296283,70.0,153.23359246296283
L1_2C12L,431,101,220.799,12,12,176.04345750808716,4,0,3,16.521807064211472,80.0,165.2180706421147
L1_2C12L,432,102,257.015,12,12,185.44268417358398,1,0,9,11.857701724966637,80.0,118.57701724966635
L1_2C12L,433,103,197.107,12,12,188.6628303527832,2,0,1,9.457245457129376,70.0,94.57245457129375
L1_2C12L,434,104,225.305,12,12,190.84631633758545,2,0,5,10.512282217182388,60.0,105.12282217182388
L1_2C12L,435,105,306.16,12,12,181.5643129348755,2,0,12,11.45229576954049,80.0,114.5229576954049
L1_2C12L,436,106,228.281,12,12,187.0384759902954,0,0,3,19.871744552327506,80.0,198.71744552327505
L1_2C12L,437,107,191.425,12,12,191.56334018707275,3,0,1,14.78886682898962,50.0,147.88866828989617
L1_2C12L,438,108,208.814,12,12,184.97287321090698,3,0,2,10.090419727902127,70.0,100.90419727902128
L1_2C12L,439,109,218.461,12,12,179.610205411911,2,0,0,12.965967448835952,90.0,129.6596744883595
L1_2C12L,440,110,214.972,12,12,179.15545392036438,4,0,2,19.481817002387317,70.0,194.81817002387317
L1_2C12L,441,101,232.689,12,12,186.09701490402222,1,0,2,13.009963692524657,80.0,130.09963692524656
L1_2C12L,442,102,196.029,12,12,195.86638736724854,1,0,0,8.778723111697655,60.0,87.78723111697656
L1_2C12L,443,103,259.229,12,12,185.57595777511597,2,0,7,14.7468093475476,70.0,147.468093475476
L1_2C12L,444,104,200.161,12,12,185.7631540298462,4,0,2,12.456150143283146,60.0,124.56150143283146
L1_2C12L,445,105,315.655,12,12,171.71583890914917,4,0,11,10.947212863890154,90.0,109.47212863890155
L1_2C12L,446,106,208.735,12,12,192.4837999343872,0,0,2,16.720656636790487,70.0,167.2065663679049
L1_2C12L,447,107,245.823,12,12,194.01584815979004,1,0,5,9.947177664111784,60.0,99.47177664111784
L1_2C12L,448,108,244.611,12,12,180.82088041305542,3,0,4,10.597054064997877,80.0,105.9705406499788
L1_2C12L,449,109,206.868,12,12,190.60400199890137,0,0,1,11.319975952359181,80.0,113.1997595235918
L1_2C12L,450,110,210.184,12,12,199.4446563720703,1,0,2,8.517806089419368,50.0,85.17806089419368
L1_2C12L,451,101,196.786,12,12,197.97359466552734,0,0,0,11.754686427567194,60.0,117.54686427567195
L1_2C12L,452,102,258.888,12,12,186.67764711380005,2,0,9,11.074511636099396,70.0,110.74511636099399
L1_2C12L,453,103,202.307,12,12,180.45907497406006,2,0,1,8.469751639732992,90.0,84.69751639732995
L1_2C12L,454,104,200.161,12,12,181.7625675201416,4,0,1,12.458100731786113,70.0,124.58100731786112
L1_2C12L,455,105,196.145,12,12,186.6901330947876,1,0,0,9.366220529739437,80.0,93.66220529739438
L1_2C12L,456,106,198.65,12,12,193.50909519195557,1,0,1,16.636343971691886,60.0,166.36343971691886
L1_2C12L,457,107,235.798,12,12,198.02355813980103,1,0,6,9.921474532212375,50.0,99.21474532212376
L1_2C12L,458,108,234.246,12,12,198.05087089538574,0,0,5,9.830423537129,60.0,98.30423537129
L1_2C12L,459,109,274.117,12,12,173.15754115581512,3,0,7,19.474875658781034,90.0,194.74875658781042
L1_2C12L,460,110,210.184,12,12,197.383150100708,0,0,1,8.722833213922298,60.0,87.22833213922299
L1_2C12L,461,101,223.529,12,12,178.477436542511,3,0,1,18.408550498531497,80.0,184.08550498531497
L1_2C12L,462,102,207.63,12,12,195.50148963928223,1,0,2,8.328380514051238,60.0,83.28380514051238
L1_2C12L,463,103,206.135,12,12,170.96753311157227,4,0,2,8.441560079321393,100.0,84.41560079321394
L1_2C12L,464,104,235.324,12,12,186.84058666229248,2,0,5,10.531368847680557,70.0,105.31368847680558
L1_2C12L,465,105,306.096,12,12,181.5834083557129,2,0,10,11.38863568149958,80.0,113.88635681499579
L1_2C12L,466,106,211.866,12,12,196.10181140899658,0,0,3,12.993963495195844,60.0,129.93963495195842
L1_2C12L,467,107,245.823,12,12,194.01584815979004,1,0,5,9.947177664111784,60.0,99.47177664111784
L1_2C12L,468,108,207.494,12,12,185.38402271270752,3,0,1,12.053253937694494,70.0,120.53253937694494
L1_2C12L,469,109,254.108,12,12,185.4568600654602,0,0,6,11.810473800821697,90.0,118.10473800821697
L1_2C12L,470,110,230.265,12,12,187.3586769104004,1,0,3,8.804405668705039,80.0,88.04405668705039
L1_2C12L,471,101,199.971,12,12,188.0802617073059,0,0,0,18.06581173612433,80.0,180.6581173612433
L1_2C12L,472,102,258.888,12,12,186.67764711380005,2,0,9,11.074511636099396,70.0,110.74511636099399
L1_2C12L,473,103,228.125,12,12,180.3118896484375,2,0,2,8.960352135921731,90.0,89.6035213592173
L1_2C12L,474,104,200.161,12,12,185.7631540298462,4,0,1,12.456150143283146,60.0,124.56150143283146
L1_2C12L,475,105,294.056,12,12,189.19530391693115,1,0,9,9.348979825089424,70.0,93.48979825089424
L1_2C12L,476,106,207.363,12,12,196.58428525924683,0,0,2,11.385718937214767,60.0,113.85718937214767
L1_2C12L,477,107,235.798,12,12,198.02355813980103,1,0,7,9.921474532212375,50.0,99.21474532212376
L1_2C12L,478,108,218.5,12,12,190.83081436157227,0,0,0,10.563943034719344,80.0,105.63943034719344
L1_2C12L,479,109,206.835,12,12,184.11413717269897,2,0,0,11.286210915011003,80.0,112.86210915011003
L1_2C12L,480,110,209.502,12,12,184.91424465179443,1,0,2,15.285861748353927,80.0,152.8586174835393
L1_2C12L,481,101,196.643,12,12,190.20312690734863,0,0,0,12.656232944767753,80.0,126.56232944767753
L1_2C12L,482,102,207.63,12,12,195.50148582458496,1,0,4,8.328380514051238,60.0,83.28380514051238
L1_2C12L,483,103,202.21,12,12,183.4880132675171,1,0,2,8.373297010161327,90.0,83.73297010161326
L1_2C12L,484,104,216.728,12,12,197.41946411132812,1,0,3,11.935115996933508,50.0,119.35115996933507
L1_2C12L,485,105,233.616,12,12,180.9505615234375,3,0,1,10.164807539538748,80.0,101.64807539538747
L1_2C12L,486,106,209.949,12,12,191.67686080932617,2,0,3,11.077124296883307,60.0,110.77124296883308
L1_2C12L,487,107,214.205,12,12,204.6268081665039,0,0,5,11.243975644378388,40.0,112.43975644378386
L1_2C12L,488,108,219.075,12,12,167.8896346092224,6,0,3,10.367887622307105,90.0,103.67887622307106
L1_2C12L,489,109,243.304,12,12,184.69644117355347,0,0,4,11.011876261070597,90.0,110.11876261070596
L1_2C12L,490,110,211.847,12,12,193.9049015045166,1,0,3,13.65033617454462,60.0,136.50336174544617
L1_2C12L,491,101,212.67,12,12,190.67187309265137,2,0,1,14.42709485879763,60.0,144.27094858797636
L1_2C12L,492,102,217.726,12,12,194.21782207489014,0,0,2,9.273931942800658,70.0,92.73931942800657
L1_2C12L,493,103,206.027,12,12,190.98662185668945,0,0,1,8.377939332618391,80.0,83.77939332618392
L1_2C12L,494,104,200.161,12,12,185.7631540298462,4,0,2,12.456150143283146,60.0,124.56150143283146
L1_2C12L,495,105,256.911,12,12,186.72115898132324,2,0,6,10.929481816873903,70.0,109.29481816873903
L1_2C12L,496,106,198.65,12,12,189.46634006500244,1,0,1,16.778859337654204,70.0,167.78859337654205
L1_2C12L,497,107,234.441,12,12,186.67336344718933,2,0,5,11.088783799195898,70.0,110.88783799195899
L1_2C12L,498,108,229.146,12,12,164.87546920776367,7,0,4,10.41509424388067,90.0,104.1509424388067
L1_2C12L,499,109,237.175,12,12,176.74799346923828,2,0,1,20.840032460029164,90.0,208.4003246002916
L1_2C12L,500,110,222.668,12,12,193.63805294036865,0,0,2,11.206505984554935,70.0,112.06505984554934
L1_2C12L,501,101,225.934,12,12,194.84931468963623,2,0,3,13.835625050675482,50.0,138.3562505067548
L1_2C12L,502,102,207.867,12,12,191.41055917739868,1,0,3,8.631472167001016,70.0,86.31472167001014
L1_2C12L,503,103,196.955,12,12,184.73786163330078,2,0,2,9.20712346972474,80.0,92.0712346972474
L1_2C12L,504,104,228.736,12,12,190.44018387794495,1,0,5,18.532717537390564,60.0,185.32717537390562
L1_2C12L,505,105,256.315,12,12,186.90004873275757,2,0,6,10.333154876447665,70.0,103.33154876447664
L1_2C12L,506,106,207.424,12,12,194.2132978439331,0,0,1,10.955661896603521,70.0,109.55661896603519
L1_2C12L,507,107,214.205,12,12,204.6268081665039,0,0,4,11.243975644378388,40.0,112.43975644378386
L1_2C12L,508,108,243.184,12,12,183.29495906829834,2,0,8,9.016795046337746,80.0,90.16795046337745
L1_2C12L,509,109,206.932,12,12,191.08677864074707,1,0,0,11.377401251630818,70.0,113.77401251630818
L1_2C12L,510,110,185.909,12,12,192.67206478118896,2,0,0,11.093115475982735,60.0,110.93115475982736
L1_2C12L,511,101,212.67,12,12,197.1491985321045,0,0,2,12.836011696965684,60.0,128.36011696965687
L1_2C12L,512,102,222.27,12,12,185.48252391815186,2,0,3,18.391589931715625,70.0,183.91589931715623
L1_2C12L,513,103,235.451,12,12,179.38909316062927,3,0,4,12.036374219129712,80.0,120.36374219129713
L1_2C12L,514,104,288.885,12,12,192.72413539886475,0,0,8,20.919541815664445,60.0,209.19541815664445
L1_2C12L,515,105,315.332,12,12,177.8126106262207,2,0,12,10.624651162814736,90.0,106.24651162814736
L1_2C12L,516,106,212.254,12,12,184.4301643371582,1,0,3,20.232797701304413,80.0,202.32797701304412
L1_2C12L,517,107,214.205,12,12,204.6268081665039,0,0,6,11.243975644378388,40.0,112.43975644378386
L1_2C12L,518,108,254.218,12,12,178.98467016220093,2,0,8,10.051109841616773,90.0,100.51109841616774
L1_2C12L,519,109,208.678,12,12,185.5419578552246,0,0,2,13.193481562503964,90.0,131.93481562503965
L1_2C12L,520,110,230.266,12,12,185.91948556900024,0,0,3,10.268394946145499,90.0,102.68394946145499
L1_2C12L,521,101,212.684,12,12,187.97870779037476,3,0,1,13.404302372233532,60.0,134.04302372233533
L1_2C12L,522,102,207.704,12,12,191.45943450927734,1,0,4,8.468550964677549,70.0,84.68550964677551
L1_2C12L,523,103,238.071,12,12,179.32812452316284,1,0,2,8.90623418177033,100.0,89.06234181770333
L1_2C12L,524,104,295.511,12,12,190.93681573867798,0,0,10,13.543963157945454,70.0,135.43963157945453
L1_2C12L,525,105,267.933,12,12,179.0266625881195,3,0,5,13.244457825416786,80.0,132.44457825416785
L1_2C12L,526,106,207.95,12,12,194.0555019378662,0,0,1,11.481670939968946,70.0,114.81670939968947
L1_2C12L,527,107,214.205,12,12,204.6268081665039,0,0,4,11.243975644378388,40.0,112.43975644378386
L1_2C12L,528,108,253.446,12,12,182.21644687652588,1,0,8,9.278501992863195,90.0,92.78501992863195
L1_2C12L,529,109,219.707,12,12,189.5588231086731,0,0,4,11.470585064095246,80.0,114.70585064095246
L1_2C12L,530,110,230.265,12,12,189.94928073883057,0,0,1,10.169056142610355,80.0,101.69056142610354
L1_2C12L,531,101,269.526,12,12,170.67267680168152,4,0,7,17.757759407627866,90.0,177.57759407627864
L1_2C12L,532,102,227.718,12,12,186.4550585746765,0,0,4,8.483138424022224,90.0,84.83138424022225
L1_2C12L,533,103,192.252,12,12,193.25355529785156,2,0,1,7.48814832065218,60.0,74.88148320652179
L1_2C12L,534,104,200.161,12,12,188.7631540298462,3,0,1,12.456150143283146,60.0,124.56150143283146
L1_2C12L,535,105,234.339,12,12,189.57602643966675,1,0,5,11.41324556263141,70.0,114.13245562631408
L1_2C12L,536,106,223.145,12,12,192.5828218460083,0,0,4,14.723928646101777,70.0,147.2392864610178
L1_2C12L,537,107,255.749,12,12,190.0381486415863,1,0,6,9.8728421205206,70.0,98.72842120520602
L1_2C12L,538,108,253.446,12,12,179.21644687652588,2,0,8,9.278501992863195,90.0,92.78501992863195
L1_2C12L,539,109,229.708,12,12,189.58707571029663,0,0,2,11.376411399209864,80.0,113.76411399209864
L1_2C12L,540,110,234.719,12,12,189.7985758781433,1,0,3,14.004728450800096,70.0,140.04728450800098
L1_2C12L,541,101,244.932,12,12,183.7441873550415,0,0,3,17.519367576737622,90.0,175.19367576737625
L1_2C12L,542,102,217.726,12,12,187.72786474227905,1,0,6,7.5737928307754725,80.0,75.73792830775473
L1_2C12L,543,103,269.184,12,12,178.58924341201782,3,0,8,14.702520520894037,80.0,147.0252052089404
L1_2C12L,544,104,245.817,12,12,180.53739976882935,4,0,6,11.54200194792519,70.0,115.42001947925192
L1_2C12L,545,105,232.127,12,12,177.38934803009033,4,0,1,12.03550703853506,80.0,120.35507038535063
L1_2C12L,546,106,217.618,12,12,193.16679859161377,0,0,2,12.777322252110476,70.0,127.77322252110477
L1_2C12L,547,107,256.261,12,12,189.88448429107666,1,0,6,10.38505718448265,70.0,103.85057184482649
L1_2C12L,548,108,243.241,12,12,183.2784276008606,2,0,7,9.071915870242142,80.0,90.7191587024214
L1_2C12L,549,109,281.099,12,12,177.4857406616211,1,0,9,11.714182391988338,100.0,117.1418239198834
L1_2C12L,550,110,210.817,12,12,198.19308853149414,0,0,1,9.356373275291448,60.0,93.56373275291449
L1_2C12L,551,101,185.93,12,12,202.74056816101074,0,0,0,10.86477233087709,50.0,108.6477233087709
L1_2C12L,552,102,196.029,12,12,190.84496212005615,0,0,0,8.850139510436593,80.0,88.50139510436594
L1_2C12L,553,103,205.931,12,12,187.03017234802246,0,0,2,8.232748637855513,90.0,82.32748637855514
L1_2C12L,554,104,235.766,12,12,184.55261135101318,4,0,6,11.49129635683602,60.0,114.91296356836023
L1_2C12L,555,105,307.055,12,12,184.2957682609558,1,0,7,12.34744323657927,80.0,123.4744323657927
L1_2C12L,556,106,201.408,12,12,184.67287254333496,4,0,1,16.09044281601991,60.0,160.90442816019913
L1_2C12L,557,107,210.069,12,12,197.02911615371704,0,0,2,9.902948032735575,60.0,99.02948032735574
L1_2C12L,558,108,217.136,12,12,180.55534267425537,2,0,3,8.148872287217804,90.0,81.48872287217803
L1_2C12L,559,109,229.708,12,12,185.55863428115845,0,0,2,11.471213432894412,90.0,114.71213432894412
L1_2C12L,560,110,230.266,12,12,187.3585443496704,1,0,1,8.804867831759903,80.0,88.04867831759904
L1_2C12L,561,101,224.707,12,12,193.1930022239685,0,0,2,12.689993622491304,70.0,126.89993622491305
L1_2C12L,562,102,217.679,12,12,187.46694660186768,1,0,2,8.443504099597357,80.0,84.43504099597357
L1_2C12L,563,103,206.135,12,12,174.95221424102783,4,0,2,8.492615086457295,90.0,84.92615086457293
L1_2C12L,564,104,199.038,12,12,187.27270317077637,2,0,1,14.090967969324549,70.0,140.9096796932455
L1_2C12L,565,105,306.394,12,12,178.49392223358154,3,0,10,11.68692945930652,80.0,116.8692945930652
L1_2C12L,566,106,213.002,12,12,189.62232971191406,1,0,2,14.59223416129177,70.0,145.9223416129177
L1_2C12L,567,107,214.205,12,12,204.6268081665039,0,0,5,11.243975644378388,40.0,112.43975644378386
L1_2C12L,568,108,218.422,12,12,178.15930843353271,3,0,1,9.468949101578936,90.0,94.68949101578936
L1_2C12L,569,109,260.301,12,12,177.87648963928223,2,0,7,13.745030517989903,90.0,137.450305179899
L1_2C12L,570,110,230.265,12,12,187.3586769104004,1,0,2,8.804405668705039,80.0,88.04405668705039
L1_2C12L,571,101,215.004,12,12,194.10400533676147,1,0,2,12.986646983533902,60.0,129.86646983533902
L1_2C12L,572,102,196.029,12,12,195.8663878440857,1,0,2,8.778723111697655,60.0,87.78723111697656
L1_2C12L,573,103,202.211,12,12,185.9760513305664,0,0,1,8.413170679659157,90.0,84.13170679659156
L1_2C12L,574,104,207.98,12,12,188.95079135894775,1,0,2,16.83069265331049,70.0,168.30692653310487
L1_2C12L,575,105,266.686,12,12,173.78863501548767,5,0,6,10.70454762476148,80.0,107.0454762476148
L1_2C12L,576,106,213.002,12,12,193.62580490112305,1,0,4,14.580651465404616,60.0,145.80651465404617
L1_2C12L,577,107,245.538,12,12,190.90402007102966,2,0,6,10.319932413676842,60.0,103.19932413676841
L1_2C12L,578,108,295.633,12,12,181.89545583724976,3,0,11,13.681828460760343,70.0,136.81828460760346
L1_2C12L,579,109,235.42,12,12,180.2588357925415,1,0,2,19.137209624327312,90.0,191.37209624327312
L1_2C12L,580,110,220.268,12,12,191.3578233718872,1,0,3,8.80726070621669,70.0,88.07260706216692
L1_2C12L,581,101,232.885,12,12,182.9185025691986,2,0,2,13.604988931861234,80.0,136.04988931861237
L1_2C12L,582,102,217.837,12,12,187.41950750350952,1,0,4,8.6016568994108,80.0,86.016568994108
L1_2C12L,583,103,218.335,12,12,190.2489047050476,0,0,2,9.170314918247106,80.0,91.70314918247105
L1_2C12L,584,104,257.699,12,12,187.87655591964722,1,0,6,17.07813397343924,70.0,170.78133973439236
L1_2C12L,585,105,316.329,12,12,174.51355028152466,3,0,8,11.621498206536383,90.0,116.21498206536383
L1_2C12L,586,106,213.002,12,12,189.62232971191406,1,0,4,14.59223416129177,70.0,145.9223416129177
L1_2C12L,587,107,214.205,12,12,204.6268081665039,0,0,5,11.243975644378388,40.0,112.43975644378386
L1_2C12L,588,108,244.507,12,12,182.89808583259583,2,0,8,10.3397004284316,80.0,103.39700428431601
L1_2C12L,589,109,216.902,12,12,183.093900680542,1,0,2,11.353642440056154,90.0,113.53642440056151
L1_2C12L,590,110,220.289,12,12,191.35154819488525,1,0,3,8.828167345225193,70.0,88.28167345225195
L1_2C12L,591,101,200.207,12,12,179.02403926849365,3,0,0,19.919880611821817,80.0,199.19880611821816
L1_2C12L,592,102,196.029,12,12,184.77158308029175,2,0,1,9.094745345257776,80.0,90.94745345257778
L1_2C12L,593,103,224.436,12,12,184.6825532913208,4,0,4,11.058156459125472,60.0,110.5815645912547
L1_2C12L,594,104,200.161,12,12,188.7631540298462,3,0,2,12.456150143283146,60.0,124.56150143283146
L1_2C12L,595,105,307.37,12,12,181.20127868652344,2,0,8,12.662423969511732,80.0,126.62423969511732
L1_2C12L,596,106,203.211,12,12,193.19054698944092,1,0,1,14.364834944841755,60.0,143.64834944841758
L1_2C12L,597,107,210.377,12,12,191.63526105880737,2,0,3,11.215800665537088,60.0,112.1580066553709
L1_2C12L,598,108,199.56,12,12,191.7647840976715,2,0,3,10.784049808614446,60.0,107.84049808614448
L1_2C12L,599,109,216.902,12,12,185.5957202911377,1,0,2,11.347577090061122,80.0,113.47577090061121
L1_2C12L,600,110,220.268,12,12,191.35782194137573,1,0,3,8.80726070621669,70.0,88.07260706216692
L1_2C12L,601,101,196.013,12,12,194.00554370880127,0,0,0,13.314860398170488,70.0,133.1486039817049
L1_2C12L,602,102,248.874,12,12,190.6818299293518,2,0,9,11.060568404021904,60.0,110.60568404021905
L1_2C12L,603,103,272.781,12,12,179.29148769378662,4,0,4,15.695038026906131,70.0,156.9503802690613
L1_2C12L,604,104,209.678,12,12,186.5746111869812,3,0,3,14.75129520497976,60.0,147.5129520497976
L1_2C12L,605,105,317.282,12,12,177.22763872146606,2,0,10,12.574540862543529,90.0,125.74540862543529
L1_2C12L,606,106,212.254,12,12,187.4301643371582,0,0,3,20.232797701304413,80.0,202.32797701304412
L1_2C12L,607,107,214.205,12,12,204.6268081665039,0,0,5,11.243975644378388,40.0,112.43975644378386
L1_2C12L,608,108,217.501,12,12,186.4459171295166,0,0,1,8.513600526752835,90.0,85.13600526752836
L1_2C12L,609,109,209.279,12,12,177.10031366348267,2,0,0,21.332281967679148,90.0,213.32281967679145
L1_2C12L,610,110,222.328,12,12,186.7604637145996,2,0,2,14.131789709216743,70.0,141.31789709216744
L1_2C12L,611,101,194.46,12,12,187.69995212554932,2,0,0,14.333502980606971,70.0,143.3350298060697
L1_2C12L,612,102,192.978,12,12,188.89653301239014,2,0,1,8.678222913751675,70.0,86.78222913751675
L1_2C12L,613,103,247.994,12,12,173.08316135406494,5,0,2,16.389449776288878,80.0,163.89449776288882
L1_2C12L,614,104,235.324,12,12,186.8357605934143,2,0,5,10.547453087363564,70.0,105.47453087363566
L1_2C12L,615,105,315.775,12,12,177.6796360015869,2,0,9,11.067876842601427,90.0,110.6787684260143
L1_2C12L,616,106,209.379,12,12,192.29051303863525,0,0,3,17.364961392978916,70.0,173.64961392978915
L1_2C12L,617,107,256.104,12,12,189.93156337738037,1,0,6,10.228135105871576,70.0,102.2813510587158
L1_2C12L,618,108,217.434,12,12,181.40772676467896,3,0,1,8.64089899536692,80.0,86.40898995366919
L1_2C12L,619,109,308.215,12,12,172.44873476028442,2,0,10,15.17087289507364,100.0,151.7087289507364
L1_2C12L,620,110,198.287,12,12,186.44499826431274,1,0,1,13.516673518222369,80.0,135.1667351822237
L1_2C12L,621,101,199.226,12,12,193.85815143585205,0,0,2,12.139494363244976,70.0,121.39494363244978
L1_2C12L,622,102,217.837,12,12,187.18368482589722,1,0,4,9.387737941061708,80.0,93.8773794106171
L1_2C12L,623,103,196.163,12,12,191.9459581375122,1,0,2,8.513472045224958,70.0,85.13472045224957
L1_2C12L,624,104,247.626,12,12,184.18588590621948,4,0,5,12.713711626120645,60.0,127.13711626120646
L1_2C12L,625,105,305.471,12,12,178.770987033844,3,0,7,10.763380981534384,80.0,107.63380981534384
L1_2C12L,626,106,224.079,12,12,190.53067111968994,0,0,3,18.231089321143735,70.0,182.31089321143736
L1_2C12L,627,107,235.643,12,12,198.069899559021,1,0,6,9.76698479483449,50.0,97.66984794834492
L1_2C12L,628,108,210.432,12,12,185.14921283721924,3,0,2,12.835961351285556,70.0,128.35961351285556
L1_2C12L,629,109,279.406,12,12,185.05650997161865,0,0,5,9.811630047572603,90.0,98.11630047572602
L1_2C12L,630,110,220.289,12,12,191.35154962539673,1,0,3,8.828167345225193,70.0,88.28167345225195
L1_2C12L,631,101,212.684,12,12,197.1277356147766,0,0,2,12.907543374344124,60.0,129.07543374344127
L1_2C12L,632,102,210.585,12,12,185.02519130706787,3,0,3,13.24937731695151,70.0,132.4937731695151
L1_2C12L,633,103,216.047,12,12,172.02265167236328,2,0,3,8.25782777105754,110.0,82.57827771057543
L1_2C12L,634,104,209.744,12,12,189.1702389717102,2,0,5,16.099207245701827,60.0,160.99207245701825
L1_2C12L,635,105,308.428,12,12,180.8839373588562,2,0,7,13.72020809162748,80.0,137.20208091627478
L1_2C12L,636,106,217.474,12,12,188.69849491119385,0,0,2,11.005013224895619,80.0,110.05013224895619
L1_2C12L,637,107,196.454,12,12,190.91476917266846,1,0,1,11.950768930471959,70.0,119.50768930471958
L1_2C12L,638,108,218.422,12,12,175.15930938720703,4,0,2,9.468949101578936,90.0,94.68949101578936
L1_2C12L,639,109,222.466,12,12,181.16092014312744,1,0,2,16.13027840075751,90.0,161.3027840075751
L1_2C12L,640,110,220.289,12,12,191.35154962539673,1,0,3,8.828167345225193,70.0,88.28167345225195
L1_2C12L,641,101,200.464,12,12,189.06964778900146,0,0,0,14.767838156142243,80.0,147.67838156142244
L1_2C12L,642,102,217.837,12,12,191.439311504364,1,0,5,8.535647686230758,70.0,85.35647686230759
L1_2C12L,643,103,228.273,12,12,174.26759815216064,4,0,2,9.107995251958682,90.0,91.07995251958681
L1_2C12L,644,104,200.161,12,12,187.7631540298462,3,0,1,12.456150143283146,60.0,124.56150143283146
L1_2C12L,645,105,219.349,12,12,191.47700548171997,1,0,1,8.409980929541844,70.0,84.09980929541844
L1_2C12L,646,106,198.65,12,12,193.50909519195557,1,0,1,16.636343971691886,60.0,166.36343971691886
L1_2C12L,647,107,210.069,12,12,201.04458618164062,0,0,3,9.85138423297738,50.0,98.5138423297738
L1_2C12L,648,108,244.211,12,12,186.99195671081543,2,0,7,10.02680957579736,70.0,100.2680957579736
L1_2C12L,649,109,197.002,12,12,188.06397199630737,2,0,0,11.453421976832814,70.0,114.53421976832813
L1_2C12L,650,110,210.185,12,12,195.3827567100525,1,0,2,8.724147063120931,60.0,87.24147063120931
L1_2C12L,651,101,198.095,12,12,192.28396224975586,0,0,0,17.38679766812326,70.0,173.86797668123262
L1_2C12L,652,102,207.706,12,12,191.733868598938,1,0,4,7.553769723126933,70.0,75.53769723126932
L1_2C12L,653,103,206.135,12,12,182.8515863418579,0,0,2,8.828044093368364,100.0,88.28044093368365
L1_2C12L,654,104,274.555,12,12,193.22361373901367,2,0,10,12.587951448108694,50.0,125.87951448108696
L1_2C12L,655,105,316.725,12,12,177.3946886062622,2,0,7,12.01770138119506,90.0,120.17701381195062
L1_2C12L,656,106,223.145,12,12,189.5828218460083,1,0,3,14.723928646101777,70.0,147.2392864610178
L1_2C12L,657,107,186.016,12,12,199.34404039382935,1,0,1,10.51986866549128,50.0,105.19868665491279
L1_2C12L,658,108,255.022,12,12,182.76029205322266,2,0,7,10.799027500654585,80.0,107.99027500654586
L1_2C12L,659,109,229.708,12,12,181.6014847755432,0,0,2,11.328375853568405,100.0,113.28375853568403
L1_2C12L,660,110,231.1,12,12,190.1083869934082,0,0,3,9.638714937555246,80.0,96.38714937555247
L1_2C12L,661,101,201.346,12,12,185.3140001296997,1,0,1,17.286656832427816,80.0,172.86656832427818
L1_2C12L,662,102,207.63,12,12,191.4816837310791,1,0,5,8.394389727231278,70.0,83.9438972723128
L1_2C12L,663,103,208.497,12,12,177.111478805542,3,0,1,11.295054578384406,90.0,112.95054578384405
L1_2C12L,664,104,200.161,12,12,188.7631549835205,3,0,1,12.456150143283145,60.0,124.56150143283146
L1_2C12L,665,105,316.538,12,12,177.45083475112915,2,0,11,11.830552413635335,90.0,118.30552413635337
L1_2C12L,666,106,213.002,12,12,192.62232971191406,0,0,3,14.59223416129177,70.0,145.9223416129177
L1_2C12L,667,107,214.205,12,12,194.384446144104,1,0,3,12.051848984529492,60.0,120.51848984529492
L1_2C12L,668,108,207.134,12,12,185.04895114898682,2,0,2,8.17015982133006,80.0,81.70159821330063
L1_2C12L,669,109,208.744,12,12,185.10935354232788,0,0,0,14.635508187673393,90.0,146.35508187673395
L1_2C12L,670,110,187.764,12,12,198.62900066375732,1,0,0,14.569996941287442,50.0,145.69996941287442
L1_2C12L,671,101,224.373,12,12,193.29473781585693,0,0,2,12.350879149717285,70.0,123.50879149717284
L1_2C12L,672,102,207.704,12,12,191.73454523086548,1,0,3,7.551513864977772,70.0,75.51513864977773
L1_2C12L,673,103,236.909,12,12,183.40868186950684,3,0,2,15.304395088011585,70.0,153.04395088011586
L1_2C12L,674,104,200.161,12,12,188.7631540298462,3,0,1,12.456150143283146,60.0,124.56150143283146
L1_2C12L,675,105,306.16,12,12,178.5643129348755,3,0,11,11.45229576954049,80.0,114.5229576954049
L1_2C12L,676,106,196.468,12,12,201.10537242889404,0,0,4,9.648758924643762,50.0,96.48758924643761
L1_2C12L,677,107,214.205,12,12,204.6268081665039,0,0,3,11.243975644378388,40.0,112.43975644378386
L1_2C12L,678,108,218.5,12,12,190.83081436157227,0,0,1,10.563943034719344,80.0,105.63943034719344
L1_2C12L,679,109,208.417,12,12,177.12157821655273,3,0,1,12.928078726465401,90.0,129.280787264654
L1_2C12L,680,110,210.185,12,12,195.3827567100525,1,0,1,8.724147063120931,60.0,87.24147063120931
L1_2C12L,681,101,225.064,12,12,190.0861086845398,1,0,3,13.046316262286155,70.0,130.46316262286155
L1_2C12L,682,102,217.837,12,12,191.439311504364,1,0,3,8.535647686230758,70.0,85.35647686230759
L1_2C12L,683,103,192.252,12,12,189.0612964630127,2,0,1,8.129008478371796,70.0,81.29008478371794
L1_2C12L,684,104,217.987,12,12,184.94884395599365,1,0,2,16.83718480586227,80.0,168.3718480586227
L1_2C12L,685,105,303.818,12,12,182.26686906814575,2,0,9,9.110434751058348,80.0,91.1043475105835
L1_2C12L,686,106,196.468,12,12,201.511785030365,0,0,2,11.627382165306313,50.0,116.27382165306314
L1_2C12L,687,107,195.992,12,12,198.35134935379028,0,0,1,10.495489699902569,60.0,104.95489699902569
L1_2C12L,688,108,218.114,12,12,177.26181435585022,3,0,2,9.127278541822095,90.0,91.27278541822096
L1_2C12L,689,109,229.708,12,12,189.58707571029663,0,0,1,11.376411399209864,80.0,113.76411399209864
L1_2C12L,690,110,230.266,12,12,187.35854482650757,1,0,1,8.804867831759903,80.0,88.04867831759904
L1_2C12L,691,101,196.013,12,12,194.21354913711548,0,0,1,10.954854760898314,70.0,109.54854760898314
L1_2C12L,692,102,207.63,12,12,191.48168563842773,1,0,1,8.394389727231278,70.0,83.9438972723128
L1_2C12L,693,103,202.211,12,12,186.26580333709717,3,0,1,7.447321695677146,70.0,74.47321695677147
L1_2C12L,694,104,203.656,12,12,182.9453706741333,3,0,1,18.515433937370357,70.0,185.1543393737036
L1_2C12L,695,105,231.792,12,12,171.3642020225525,6,0,1,12.119333637648927,80.0,121.19333637648927
L1_2C12L,696,106,213.002,12,12,188.6223292350769,1,0,3,14.59223416129177,70.0,145.9223416129177
L1_2C12L,697,107,214.205,12,12,204.6268081665039,0,0,4,11.243975644378388,40.0,112.43975644378386
L1_2C12L,698,108,218.5,12,12,187.72891998291016,1,0,0,10.903578683313386,80.0,109.03578683313387
L1_2C12L,699,109,196.898,12,12,191.59503650665283,1,0,1,11.349865050265562,70.0,113.49865050265562
L1_2C12L,700,110,230.266,12,12,187.35854482650757,1,0,2,8.804867831759903,80.0,88.04867831759904
L1_2C12L,701,101,232.71,12,12,182.9709277153015,2,0,2,13.430243633432148,80.0,134.30243633432147
L1_2C12L,702,102,217.726,12,12,187.45275354385376,1,0,3,8.49082993047525,80.0,84.90829930475252
L1_2C12L,703,103,192.252,12,12,193.25355529785156,2,0,1,7.48814832065218,60.0,74.88148320652179
L1_2C12L,704,104,210.383,12,12,196.25063228607178,0,0,2,15.831217356196051,60.0,158.31217356196052
L1_2C12L,705,105,233.616,12,12,177.9505615234375,4,0,1,10.164807539538748,80.0,101.64807539538747
L1_2C12L,706,106,223.145,12,12,185.579345703125,1,0,5,14.735511341988934,80.0,147.35511341988934
L1_2C12L,707,107,195.937,12,12,190.54357624053955,1,0,0,13.18806870639079,70.0,131.88068706390789
L1_2C12L,708,108,234.246,12,12,198.05087089538574,0,0,3,9.830423537129,60.0,98.30423537129
L1_2C12L,709,109,206.932,12,12,187.52471542358398,1,0,0,11.584277653184081,80.0,115.84277653184083
L1_2C12L,710,110,230.266,12,12,187.35854482650757,1,0,1,8.804867831759903,80.0,88.04867831759904
L1_2C12L,711,101,244.394,12,12,181.94171237945557,1,0,3,13.527629956422738,90.0,135.27629956422743
L1_2C12L,712,102,258.915,12,12,189.66961288452148,1,0,6,11.101296826262205,70.0,111.01296826262205
L1_2C12L,713,103,206.328,12,12,180.4256317615509,2,0,1,8.581207339381084,90.0,85.81207339381083
L1_2C12L,714,104,296.056,12,12,190.77333688735962,0,0,8,14.08887958288612,70.0,140.8887958288612
L1_2C12L,715,105,317.151,12,12,174.26683807373047,3,0,12,12.443875084841002,90.0,124.43875084841001
L1_2C12L,716,106,198.65,12,12,193.50909519195557,1,0,2,16.636343971691886,60.0,166.36343971691886
L1_2C12L,717,107,214.205,12,12,204.6268081665039,0,0,4,11.243975644378388,40.0,112.43975644378386
L1_2C12L,718,108,244.254,12,12,194.048583984375,0,0,4,9.838043938586953,70.0,98.38043938586954
L1_2C12L,719,109,207.65,12,12,186.86956071853638,1,0,1,12.101452488668736,80.0,121.01452488668735
L1_2C12L,720,110,206.481,12,12,187.52859687805176,1,0,0,11.571332961256191,80.0,115.7133296125619
L1_2C12L,721,101,200.955,12,12,185.66565990447998,1,0,0,17.781135718313458,80.0,177.8113571831346
L1_2C12L,722,102,217.709,12,12,191.4776792526245,1,0,2,8.407737521575056,70.0,84.07737521575055
L1_2C12L,723,103,206.328,12,12,183.9260025024414,1,0,2,8.579990460711047,90.0,85.79990460711045
L1_2C12L,724,104,224.788,12,12,179.91617226600647,3,0,3,20.279428277999102,70.0,202.79428277999102
L1_2C12L,725,105,196.998,12,12,190.45440340042114,1,0,0,11.818659138718168,70.0,118.18659138718166
L1_2C12L,726,106,200.043,12,12,191.64087867736816,2,0,2,11.197066417829593,60.0,111.97066417829595
L1_2C12L,727,107,245.823,12,12,194.01584815979004,1,0,6,9.947177664111784,60.0,99.47177664111784
L1_2C12L,728,108,243.376,12,12,186.2372751235962,1,0,7,9.209075687320691,80.0,92.09075687320693
L1_2C12L,729,109,222.466,12,12,184.10274124145508,0,0,2,16.324205427894636,90.0,163.24205427894634
L1_2C12L,730,110,230.266,12,12,187.35854482650757,1,0,2,8.804867831759903,80.0,88.04867831759904
L1_2C12L,731,101,212.684,12,12,187.97870779037476,3,0,2,13.404302372233532,60.0,134.04302372233533
L1_2C12L,732,102,207.63,12,12,194.1623420715332,0,0,4,9.458866135177571,70.0,94.58866135177571
L1_2C12L,733,103,231.679,12,12,187.4256534576416,2,0,3,11.914500925012385,70.0,119.14500925012385
L1_2C12L,734,104,257.401,12,12,184.96605920791626,2,0,5,16.77981129310726,70.0,167.7981129310726
L1_2C12L,735,105,306.112,12,12,181.57861709594727,2,0,11,11.404621617540968,80.0,114.04621617540968
L1_2C12L,736,106,208.735,12,12,185.44104480743408,1,0,2,16.863172002752805,80.0,168.63172002752808
L1_2C12L,737,107,214.205,12,12,204.6268081665039,0,0,4,11.243975644378388,40.0,112.43975644378386
L1_2C12L,738,108,218.757,12,12,171.99215054512024,6,0,1,10.02616895191977,80.0,100.26168951919767
L1_2C12L,739,109,221.645,12,12,188.31847476959229,0,0,0,18.93841393020726,80.0,189.3841393020726
L1_2C12L,740,110,234.187,12,12,181.9070987701416,2,0,3,16.976329299820367,80.0,169.7632929982037
L1_2C12L,741,101,214.289,12,12,197.31980752944946,0,0,2,12.267309960233742,60.0,122.67309960233742
L1_2C12L,742,102,217.679,12,12,187.46694898605347,1,0,4,8.443504099597357,80.0,84.43504099597357
L1_2C12L,743,103,182.351,12,12,197.22402954101562,2,0,1,7.586568526667873,50.0,75.86568526667872
L1_2C12L,744,104,245.372,12,12,189.57487440109253,2,0,5,14.750423955995371,60.0,147.5042395599537
L1_2C12L,745,105,315.02,12,12,171.90605783462524,4,0,10,10.313133193546351,90.0,103.13133193546352
L1_2C12L,746,106,212.716,12,12,188.3736400604248,0,0,2,17.087870758252777,80.0,170.87870758252777
L1_2C12L,747,107,235.643,12,12,198.069899559021,1,0,6,9.76698479483449,50.0,97.66984794834492
L1_2C12L,748,108,244.179,12,12,182.99627709388733,2,0,8,10.012404564987746,80.0,100.12404564987746
L1_2C12L,749,109,219.707,12,12,172.6227777004242,4,0,1,14.590747224796129,90.0,145.9074722479613
L1_2C12L,750,110,230.266,12,12,187.35854482650757,1,0,1,8.804867831759903,80.0,88.04867831759904
L1_2C12L,751,101,202.577,12,12,185.29412746429443,1,0,0,19.0195933571013,80.0,190.195933571013
L1_2C12L,752,102,227.718,12,12,187.4748616218567,1,0,3,8.417129210842184,80.0,84.17129210842184
L1_2C12L,753,103,206.027,12,12,187.01614952087402,0,0,1,8.279519126602699,90.0,82.79519126602699
L1_2C12L,754,104,235.324,12,12,179.81138467788696,3,0,5,10.628705618371505,80.0,106.28705618371505
L1_2C12L,755,105,305.578,12,12,181.73867845535278,2,0,11,10.871074781826433,80.0,108.71074781826434
L1_2C12L,756,106,213.002,12,12,192.62232971191406,0,0,3,14.59223416129177,70.0,145.9223416129177
L1_2C12L,757,107,190.465,12,12,198.66948556900024,1,0,1,12.768380370803605,50.0,127.68380370803605
L1_2C12L,758,108,254.82,12,12,178.80419731140137,2,0,8,10.652666947909024,90.0,106.52666947909024
L1_2C12L,759,109,245.278,12,12,187.9419927597046,0,0,5,16.860035797164237,80.0,168.60035797164238
L1_2C12L,760,110,230.266,12,12,189.94914960861206,0,0,4,10.16951830566522,80.0,101.6951830566522
L1_2C12L,761,101,233.669,12,12,181.13484525680542,1,0,2,16.21718080930491,90.0,162.17180809304912
L1_2C12L,762,102,207.704,12,12,191.45943450927734,1,0,3,8.468550964677549,70.0,84.68550964677551
L1_2C12L,763,103,185.374,12,12,193.1827392578125,2,0,2,7.724187646778976,60.0,77.24187646778975
L1_2C12L,764,104,228.85,12,12,195.78264665603638,0,0,6,14.05784781563055,60.0,140.57847815630547
L1_2C12L,765,105,315.655,12,12,174.71583890914917,3,0,11,10.947212863890154,90.0,109.47212863890155
L1_2C12L,766,106,200.388,12,12,194.91347408294678,1,0,1,11.955083217201521,60.0,119.5508321720152
L1_2C12L,767,107,215.713,12,12,197.13356971740723,1,0,4,12.888096091241193,50.0,128.88096091241192
L1_2C12L,768,108,218.7,12,12,180.08602833747864,2,0,2,9.713225766462005,90.0,97.13225766462006
L1_2C12L,769,109,216.902,12,12,186.59571933746338,1,0,3,11.347577090061122,80.0,113.47577090061121
L1_2C12L,770,110,230.266,12,12,189.94914960861206,0,0,2,10.16951830566522,80.0,101.6951830566522
L1_2C12L,771,101,206.769,12,12,181.70662021636963,1,0,0,15.977934234355754,90.0,159.77934234355754
L1_2C12L,772,102,207.704,12,12,195.47923755645752,1,0,4,8.402541751497509,60.0,84.02541751497509
L1_2C12L,773,103,192.252,12,12,186.21226501464844,3,0,1,7.625767440763283,70.0,76.25767440763283
L1_2C12L,774,104,225.305,12,12,184.84149026870728,4,0,5,10.528366456865395,60.0,105.28366456865396
L1_2C12L,775,105,316.108,12,12,177.57988023757935,2,0,11,11.400385177670646,90.0,114.00385177670647
L1_2C12L,776,106,208.735,12,12,192.4837999343872,0,0,2,16.720656636790487,70.0,167.2065663679049
L1_2C12L,777,107,192.642,12,12,181.32783889770508,4,0,1,13.907205816747169,70.0,139.07205816747168
L1_2C12L,778,108,207.066,12,12,190.57637071609497,0,0,1,8.078760957286136,80.0,80.78760957286136
L1_2C12L,779,109,196.898,12,12,191.59503650665283,1,0,0,11.349865050265562,70.0,113.49865050265562
L1_2C12L,780,110,230.265,12,12,187.3586769104004,1,0,2,8.804405668705039,80.0,88.04405668705039
L1_2C12L,781,101,232.632,12,12,186.11432552337646,1,0,2,12.952243459380508,80.0,129.5224345938051
L1_2C12L,782,102,196.075,12,12,185.8665337562561,3,0,0,8.778233648672359,70.0,87.78233648672361
L1_2C12L,783,103,206.328,12,12,183.9260025024414,1,0,1,8.579990460711047,90.0,85.79990460711045
L1_2C12L,784,104,225.305,12,12,187.84631633758545,3,0,5,10.512282217182388,60.0,105.12282217182388
L1_2C12L,785,105,316.628,12,12,174.4238200187683,3,0,11,11.920610807155118,90.0,119.20610807155118
L1_2C12L,786,106,225.13,12,12,183.9836983680725,1,0,3,16.72098833539333,80.0,167.20988335393326
L1_2C12L,787,107,209.994,12,12,196.06700611114502,2,0,2,9.776649318781185,50.0,97.76649318781185
L1_2C12L,788,108,218.422,12,12,175.15930938720703,4,0,1,9.468949101578936,90.0,94.68949101578936
L1_2C12L,789,109,216.902,12,12,187.59571933746338,1,0,0,11.347577090061122,80.0,113.47577090061121
L1_2C12L,790,110,230.265,12,12,187.3586769104004,1,0,3,8.804405668705039,80.0,88.04405668705039
L1_2C12L,791,101,196.647,12,12,187.2664098739624,1,0,1,12.445302226139631,80.0,124.45302226139631
L1_2C12L,792,102,217.726,12,12,187.45275402069092,1,0,3,8.49082993047525,80.0,84.90829930475252
L1_2C12L,793,103,228.085,12,12,180.32396125793457,2,0,2,8.920111846720845,90.0,89.20111846720845
L1_2C12L,794,104,235.324,12,12,186.84058666229248,2,0,5,10.531368847680557,70.0,105.31368847680558
L1_2C12L,795,105,305.578,12,12,178.73867845535278,3,0,11,10.871074781826433,80.0,108.71074781826434
L1_2C12L,796,106,216.61,12,12,186.99407768249512,1,0,3,10.019736635814407,80.0,100.19736635814405
L1_2C12L,797,107,189.205,12,12,197.99612998962402,0,0,2,11.679567416926963,60.0,116.79567416926962
L1_2C12L,798,108,198.397,12,12,192.91854095458984,2,0,1,10.271528370146518,60.0,102.71528370146518
L1_2C12L,799,109,206.868,12,12,187.60400009155273,1,0,0,11.319975952359181,80.0,113.1997595235918
L1_2C12L,800,110,295.849,12,12,184.06460523605347,2,0,7,16.45132204182869,70.0,164.5132204182869
L1_2C12L,801,101,199.209,12,12,180.25922012329102,3,0,0,15.802618290390493,80.0,158.02618290390495
L1_2C12L,802,102,217.726,12,12,187.45275354385376,1,0,3,8.49082993047525,80.0,84.90829930475252
L1_2C12L,803,103,196.83,12,12,184.77532482147217,2,0,1,9.08225359706689,80.0,90.8225359706689
L1_2C12L,804,104,216.728,12,12,200.4146375656128,0,0,4,11.951200236616513,50.0,119.51200236616512
L1_2C12L,805,105,231.171,12,12,180.33314657211304,3,0,2,12.22283192518262,80.0,122.2283192518262
L1_2C12L,806,106,207.363,12,12,194.03003120422363,0,0,1,11.566572669300411,70.0,115.6657266930041
L1_2C12L,807,107,187.276,12,12,198.05466151237488,1,0,2,13.151131637847662,50.0,131.51131637847664
L1_2C12L,808,108,197.372,12,12,192.47434425354004,1,0,1,8.41886138582292,70.0,84.18861385822919
L1_2C12L,809,109,212.118,12,12,181.38413429260254,0,0,0,15.38622671133998,100.0,153.86226711339984
L1_2C12L,810,110,305.064,12,12,180.30014753341675,2,0,8,15.666184178893403,80.0,156.66184178893405
L1_2C12L,811,101,196.013,12,12,190.19650745391846,0,0,0,11.011660663129243,80.0,110.11660663129243
L1_2C12L,812,102,217.726,12,12,191.47255754470825,1,0,2,8.424820717295209,70.0,84.2482071729521
L1_2C12L,813,103,185.374,12,12,193.1827392578125,2,0,1,7.724187646778976,60.0,77.24187646778975
L1_2C12L,814,104,219.471,12,12,193.72067260742188,1,0,3,14.264424571627684,60.0,142.64424571627686
L1_2C12L,815,105,233.616,12,12,181.0018012523651,3,0,1,9.994004231338122,80.0,99.94004231338121
L1_2C12L,816,106,200.388,12,12,194.01650142669678,0,0,1,11.611655527667148,70.0,116.11655527667149
L1_2C12L,817,107,214.205,12,12,197.57935190200806,1,0,4,11.402164354016179,50.0,114.02164354016179
L1_2C12L,818,108,276.509,12,12,189.63263034820557,3,0,7,14.557897387267012,50.0,145.57897387267013
L1_2C12L,819,109,256.327,12,12,177.29668879508972,2,0,5,15.677695012495002,90.0,156.77695012495
L1_2C12L,820,110,230.265,12,12,194.42018508911133,0,0,3,8.599378544202109,70.0,85.99378544202108
L1_2C12L,821,101,199.209,12,12,190.38616466522217,1,0,0,15.379465767093464,70.0,153.79465767093467
L1_2C12L,822,102,217.726,12,12,187.45275354385376,1,0,2,8.49082993047525,80.0,84.90829930475252
L1_2C12L,823,103,202.21,12,12,175.72479248046875,5,0,1,7.584012611715345,80.0,75.84012611715346
L1_2C12L,824,104,235.324,12,12,186.84058666229248,2,0,5,10.531368847680557,70.0,105.31368847680558
L1_2C12L,825,105,209.352,12,12,195.47766399383545,1,0,3,8.407802336292301,60.0,84.078023362923
L1_2C12L,826,106,199.519,12,12,185.2144660949707,1,0,1,17.61844149218782,80.0,176.18441492187821
L1_2C12L,827,107,214.205,12,12,193.55972480773926,1,0,5,11.467584925690979,60.0,114.67584925690979
L1_2C12L,828,108,197.064,12,12,198.59183502197266,0,0,3,8.02721804892381,60.0,80.27218048923811
L1_2C12L,829,109,229.708,12,12,168.62258887290955,4,0,1,14.591375593595295,100.0,145.91375593595296
L1_2C12L,830,110,210.184,12,12,198.38315105438232,0,0,2,8.722833213922298,60.0,87.22833213922299
L1_2C12L,831,101,238.204,12,12,185.17463970184326,1,0,2,16.08453090454129,80.0,160.8453090454129
L1_2C12L,832,102,222.359,12,12,181.23183822631836,4,0,4,12.560541719947985,70.0,125.60541719947983
L1_2C12L,833,103,185.374,12,12,193.1827392578125,2,0,1,7.724187646778976,60.0,77.24187646778975
L1_2C12L,834,104,228.85,12,12,195.78264808654785,0,0,6,14.05784781563055,60.0,140.57847815630547
L1_2C12L,835,105,219.357,12,12,191.47464752197266,1,0,2,8.417833468734067,70.0,84.17833468734067
L1_2C12L,836,106,217.474,12,12,189.41741561889648,0,0,2,11.941960357482165,80.0,119.41960357482165
L1_2C12L,837,107,209.558,12,12,195.38190364837646,1,0,2,8.726987389459905,60.0,87.26987389459906
L1_2C12L,838,108,218.865,12,12,191.04107451438904,1,0,2,9.863100568045283,70.0,98.63100568045284
L1_2C12L,839,109,281.099,12,12,181.56160163879395,1,0,8,11.461308685155148,90.0,114.61308685155149
L1_2C12L,840,110,304.362,12,12,180.5107045173645,2,0,8,14.964334777699351,80.0,149.6433477769935
L1_2C12L,841,101,212.67,12,12,197.13210487365723,0,0,2,12.892987291041411,60.0,128.92987291041413
L1_2C12L,842,102,207.63,12,12,191.48168563842773,1,0,2,8.394389727231278,70.0,83.9438972723128
L1_2C12L,843,103,228.153,12,12,190.26876068115234,0,0,2,9.10412131965196,80.0,91.04121319651959
L1_2C12L,844,104,216.168,12,12,173.00322008132935,5,0,2,18.322588473873342,80.0,183.2258847387334
L1_2C12L,845,105,315.332,12,12,177.8126106262207,2,0,12,10.624651162814736,90.0,106.24651162814736
L1_2C12L,846,106,213.698,12,12,184.25533771514893,1,0,3,20.815533017060858,80.0,208.1553301706086
L1_2C12L,847,107,187.276,12,12,194.04824900627136,1,0,3,13.172510875222942,60.0,131.72510875222943
L1_2C12L,848,108,253.237,12,12,183.29585552215576,2,0,7,9.013819774107093,80.0,90.13819774107091
L1_2C12L,849,109,221.862,12,12,182.08989238739014,1,0,0,16.367031018525193,90.0,163.6703101852519
L1_2C12L,850,110,210.817,12,12,202.25459575653076,0,0,3,9.151346150788518,50.0,91.51346150788521
L1_2C12L,851,101,232.71,12,12,182.9709277153015,2,0,2,13.430243633432148,80.0,134.30243633432147
L1_2C12L,852,102,217.726,12,12,187.45275354385376,1,0,4,8.49082993047525,80.0,84.90829930475252
L1_2C12L,853,103,192.252,12,12,186.21226501464844,3,0,1,7.625767440763283,70.0,76.25767440763283
L1_2C12L,854,104,235.324,12,12,186.84058666229248,2,0,5,10.531368847680557,70.0,105.31368847680558
L1_2C12L,855,105,233.616,12,12,177.9433286190033,4,0,1,10.188911811235917,80.0,101.88911811235917
L1_2C12L,856,106,218.091,12,12,193.36594200134277,0,0,2,12.113527509752531,70.0,121.13527509752531
L1_2C12L,857,107,214.205,12,12,204.6268081665039,0,0,5,11.243975644378388,40.0,112.43975644378386
L1_2C12L,858,108,319.278,12,12,180.71670389175415,2,0,6,14.277649585443273,80.0,142.7764958544327
L1_2C12L,859,109,209.505,12,12,189.8503293991089,0,0,2,10.498901650236997,80.0,104.98901650236996
L1_2C12L,860,110,230.266,12,12,187.35367059707642,1,0,2,8.821115742594358,80.0,88.21115742594358
L1_2C12L,861,101,234.978,12,12,182.0971760749817,1,0,2,13.0094166052723,90.0,130.09416605272298
L1_2C12L,862,102,227.718,12,12,183.7301697731018,1,0,4,7.566101324322447,90.0,75.66101324322446
L1_2C12L,863,103,228.226,12,12,183.2789855003357,1,0,2,9.070043030124443,90.0,90.70043030124444
L1_2C12L,864,104,203.378,12,12,186.6661834716797,2,0,1,16.11271689092633,70.0,161.1271689092633
L1_2C12L,865,105,233.616,12,12,180.9505615234375,3,0,1,10.164807539538748,80.0,101.64807539538747
L1_2C12L,866,106,210.53,12,12,189.97400188446045,0,0,1,11.753344968919146,80.0,117.53344968919146
L1_2C12L,867,107,189.205,12,12,199.58478546142578,1,0,1,11.384051964585076,50.0,113.84051964585078
L1_2C12L,868,108,254.665,12,12,182.98651456832886,2,0,7,10.044954626506133,80.0,100.44954626506133
L1_2C12L,869,109,248.019,12,12,178.95425415039062,3,0,4,16.81915077658218,80.0,168.19150776582183
L1_2C12L,870,110,210.184,12,12,198.38315105438232,0,0,2,8.722833213922298,60.0,87.22833213922299
L1_2C12L,871,101,199.642,12,12,183.32767868041992,2,0,0,15.574415251748327,80.0,155.7441525174833
L1_2C12L,872,102,228.935,12,12,186.855122089386,1,0,2,10.482915802227518,80.0,104.8291580222752
L1_2C12L,873,103,185.877,12,12,196.03177070617676,1,0,1,8.227428684387489,60.0,82.27428684387486
L1_2C12L,874,104,219.101,12,12,183.62240934371948,3,0,2,14.591964396201071,70.0,145.9196439620107
L1_2C12L,875,105,197.403,12,12,192.14624786376953,1,0,0,9.512516735953572,70.0,95.12516735953572
L1_2C12L,876,106,207.363,12,12,194.04990482330322,0,0,1,11.50032949881943,70.0,115.0032949881943
L1_2C12L,877,107,210.497,12,12,191.59921741485596,2,0,3,11.335943441579152,60.0,113.35943441579153
L1_2C12L,878,108,199.56,12,12,195.83281350135803,2,0,2,10.557287523300458,50.0,105.57287523300458
L1_2C12L,879,109,233.775,12,12,168.33071064949036,4,0,1,15.564297126249619,100.0,155.6429712624962
L1_2C12L,880,110,294.515,12,12,184.46504640579224,2,0,10,15.116505900614786,70.0,151.16505900614789
L1_2C12L,881,101,247.057,12,12,181.68319845199585,1,0,4,14.389324855183624,90.0,143.89324855183622
L1_2C12L,882,102,207.706,12,12,195.4785614013672,1,0,3,8.40479760964667,60.0,84.0479760964667
L1_2C12L,883,103,282.285,12,12,175.4400782585144,4,0,5,15.19975105836093,80.0,151.9975105836093
L1_2C12L,884,104,219.471,12,12,190.72067260742188,2,0,4,14.264424571627684,60.0,142.64424571627686
L1_2C12L,885,105,305.295,12,12,184.82358360290527,1,0,6,10.58805735001505,80.0,105.88057350015052
L1_2C12L,886,106,206.502,12,12,197.89740371704102,0,0,4,10.34199605924962,60.0,103.4199605924962
L1_2C12L,887,107,214.205,12,12,197.57935190200806,1,0,5,11.402164354016179,50.0,114.02164354016179
L1_2C12L,888,108,296.329,12,12,195.60138702392578,0,0,8,11.328721137753165,60.0,113.28721137753163
L1_2C12L,889,109,288.824,12,12,181.2312216758728,0,0,8,9.229253226336738,100.0,92.29253226336738
L1_2C12L,890,110,295.77,12,12,184.08834314346313,2,0,9,16.372179292766514,70.0,163.72179292766515
L1_2C12L,891,101,213.43,12,12,192.98535537719727,1,0,2,16.715483217795814,60.0,167.15483217795813
L1_2C12L,892,102,217.731,12,12,184.4513840675354,2,0,3,8.49538614189466,80.0,84.9538614189466
L1_2C12L,893,103,202.21,12,12,188.073823928833,1,0,2,8.087253649323857,80.0,80.87253649323858
L1_2C12L,894,104,203.115,12,12,186.42702102661133,2,0,1,16.909932350889733,70.0,169.09932350889733
L1_2C12L,895,105,266.841,12,12,179.3541660308838,3,0,8,12.152794857582421,80.0,121.52794857582421
L1_2C12L,896,106,207.363,12,12,193.45066738128662,0,0,1,11.83110258798706,70.0,118.31102587987058
L1_2C12L,897,107,214.205,12,12,197.57935190200806,1,0,4,11.402164354016179,50.0,114.02164354016179
L1_2C12L,898,108,316.417,12,12,187.57497262954712,0,0,8,11.416775665865144,80.0,114.16775665865143
L1_2C12L,899,109,268.544,12,12,189.31513690948486,0,0,7,8.949547324122873,80.0,89.49547324122875
L1_2C12L,900,110,210.817,12,12,197.9545669555664,0,0,2,10.151444604223595,60.0,101.51444604223596
L1_2C12L,901,101,213.366,12,12,193.545796751976,2,0,2,18.180672166211473,50.0,181.80672166211477
L1_2C12L,902,102,196.445,12,12,185.14854907989502,2,0,0,9.50484480620765,80.0,95.04844806207649
L1_2C12L,903,103,192.361,12,12,186.17954444885254,3,0,1,7.7348361700130654,70.0,77.34836170013065
L1_2C12L,904,104,209.131,12,12,190.459885597229,2,0,2,15.133723760873721,60.0,151.3372376087372
L1_2C12L,905,105,220.018,12,12,184.27631998062134,3,0,4,9.07894577773024,70.0,90.78945777730239
L1_2C12L,906,106,209.949,12,12,191.67686080932617,2,0,2,11.077124296883307,60.0,110.77124296883308
L1_2C12L,907,107,214.205,12,12,197.57935190200806,1,0,4,11.402164354016179,50.0,114.02164354016179
L1_2C12L,908,108,218.757,12,12,180.46813249588013,3,0,2,11.772900430330965,80.0,117.72900430330964
L1_2C12L,909,109,218.461,12,12,180.11020374298096,2,0,0,12.965967448835952,90.0,129.6596744883595
L1_2C12L,910,110,297.453,12,12,184.54942798614502,2,0,6,14.835256062933047,70.0,148.35256062933044
L1_2C12L,911,101,232.689,12,12,185.97717905044556,1,0,2,13.409415729946666,80.0,134.09415729946664
L1_2C12L,912,102,207.867,12,12,191.16960859298706,1,0,3,9.434640173479359,70.0,94.34640173479359
L1_2C12L,913,103,236.987,12,12,183.38553142547607,3,0,2,15.381563747974251,70.0,153.81563747974252
L1_2C12L,914,104,225.305,12,12,187.84149026870728,3,0,4,10.528366456865395,60.0,105.28366456865396
L1_2C12L,915,105,196.145,12,12,189.19112586975098,2,0,0,9.362912988505991,70.0,93.62912988505992
L1_2C12L,916,106,208.871,12,12,188.20733070373535,0,0,2,15.975560399276757,80.0,159.75560399276753
L1_2C12L,917,107,199.464,12,12,188.0660605430603,2,0,2,11.446469711933966,70.0,114.46469711933966
L1_2C12L,918,108,198.397,12,12,186.91854095458984,4,0,1,10.271528370146518,60.0,102.71528370146518
L1_2C12L,919,109,242.967,12,12,181.9710397720337,1,0,3,13.429879239436964,90.0,134.29879239436963
L1_2C12L,920,110,294.123,12,12,184.58248662948608,2,0,8,14.725049677299749,70.0,147.25049677299748
L1_2C12L,921,101,194.998,12,12,198.78677940368652,0,0,0,10.710745297613524,60.0,107.10745297613525
L1_2C12L,922,102,208.029,12,12,191.63697338104248,1,0,5,7.87674575580146,70.0,78.7674575580146
L1_2C12L,923,103,192.604,12,12,186.10683917999268,3,0,1,7.977183649330563,70.0,79.77183649330564
L1_2C12L,924,104,212.323,12,12,185.56359672546387,1,0,2,16.45468264359048,80.0,164.54682643590485
L1_2C12L,925,105,268.84,12,12,182.14254570007324,2,0,5,12.858174943697332,80.0,128.58174943697333
L1_2C12L,926,106,200.224,12,12,189.0731167793274,1,0,2,18.08960714316816,70.0,180.89607143168158
L1_2C12L,927,107,256.795,12,12,190.7120418548584,2,0,8,10.95985608053304,60.0,109.59856080533041
L1_2C12L,928,108,245.675,12,12,183.4968237876892,2,0,3,11.677249561207244,80.0,116.77249561207245
L1_2C12L,929,109,221.721,12,12,184.41032314300537,0,0,1,15.298918300728719,90.0,152.9891830072872
L1_2C12L,930,110,220.588,12,12,194.25927114486694,0,0,1,9.135752862396794,70.0,91.35752862396794
L1_2C12L,931,101,226.061,12,12,189.07960033416748,1,0,3,16.401351398876628,70.0,164.01351398876625
L1_2C12L,932,102,212.347,12,12,185.2353515625,4,0,3,12.548832434015825,60.0,125.48832434015824
L1_2C12L,933,103,185.877,12,12,198.41131591796875,0,0,1,8.62895141238703,60.0,86.28951412387029
L1_2C12L,934,104,274.611,12,12,198.00650644302368,0,0,7,16.644992248703872,50.0,166.4499224870387
L1_2C12L,935,105,228.252,12,12,171.80722856521606,6,0,1,10.642585523921348,80.0,106.42585523921348
L1_2C12L,936,106,207.363,12,12,192.71674013137817,0,0,1,12.610874935713657,70.0,126.10874935713656
L1_2C12L,937,107,209.558,12,12,195.38190364837646,1,0,3,8.726987389459905,60.0,87.26987389459906
L1_2C12L,938,108,207.134,12,12,199.67122745513916,1,0,2,7.7625724334550865,50.0,77.62572433455088
L1_2C12L,939,109,225.598,12,12,190.67691707611084,0,0,1,21.076939638941475,70.0,210.76939638941474
L1_2C12L,940,110,210.185,12,12,198.38024425506592,0,0,3,8.732510939207375,60.0,87.32510939207374
L1_2C12L,941,101,233.278,12,12,184.30390977859497,0,0,2,15.653635413500902,90.0,156.53635413500902
L1_2C12L,942,102,196.029,12,12,196.3663845062256,1,0,0,8.778723111697655,60.0,87.78723111697656
L1_2C12L,943,103,238.364,12,12,186.20530128479004,0,0,3,9.315655532269545,90.0,93.15655532269545
L1_2C12L,944,104,198.781,12,12,192.94758987426758,2,0,3,16.84136761995611,50.0,168.4136761995611
L1_2C12L,945,105,238.822,12,12,169.89227867126465,5,0,3,13.692417528640856,90.0,136.92417528640854
L1_2C12L,946,106,206.502,12,12,191.28836297988892,1,0,2,10.705467520981557,70.0,107.05467520981556
L1_2C12L,947,107,187.276,12,12,198.05466151237488,1,0,2,13.151131637847662,50.0,131.51131637847664
L1_2C12L,948,108,229.179,12,12,180.94693422317505,3,0,2,10.176869081618435,80.0,101.76869081618437
L1_2C12L,949,109,212.897,12,12,182.8163914680481,2,0,3,15.612014014986432,80.0,156.1201401498643
L1_2C12L,950,110,232.131,12,12,190.0501413345337,1,0,4,13.166215173948947,70.0,131.66215173948947
L1_2C12L,951,101,223.381,12,12,184.27677249908447,4,0,2,15.744106899857618,60.0,157.44106899857616
L1_2C12L,952,102,207.63,12,12,191.2407350540161,1,0,4,9.19755773370962,70.0,91.97557733709623
L1_2C12L,953,103,192.379,12,12,189.21559238433838,3,0,2,7.614687855250931,60.0,76.1468785525093
L1_2C12L,954,104,264.387,12,12,202.07380056381226,0,0,10,16.420663330900553,40.0,164.20663330900553
L1_2C12L,955,105,220.339,12,12,184.7946548461914,3,0,1,10.684480069484785,70.0,106.84480069484782
L1_2C12L,956,106,207.363,12,12,193.6288022994995,0,0,1,12.904004569053864,70.0,129.04004569053862
L1_2C12L,957,107,249.253,12,12,196.83978581428528,1,0,9,10.534050545991345,50.0,105.34050545991346
L1_2C12L,958,108,198.17,12,12,176.98794269561768,6,0,1,10.040192438819222,70.0,100.40192438819221
L1_2C12L,959,109,216.371,12,12,180.51507759094238,2,0,2,9.949736145911553,90.0,99.49736145911552
L1_2C12L,960,110,224.613,12,12,198.21222400665283,1,0,3,12.625912070559579,50.0,126.25912070559579
L1_2C12L,961,101,198.964,12,12,197.330171585083,0,0,1,13.899417540532765,60.0,138.99417540532764
L1_2C12L,962,102,232.45,12,12,185.88382720947266,1,0,3,13.720595798422389,80.0,137.2059579842239
L1_2C12L,963,103,192.379,12,12,185.67430210113525,3,0,2,7.752306975362035,70.0,77.52306975362035
L1_2C12L,964,104,200.161,12,12,185.7631540298462,4,0,2,12.456150143283146,60.0,124.56150143283146
L1_2C12L,965,105,277.928,12,12,178.41615104675293,2,0,4,11.946156177667191,90.0,119.4615617766719
L1_2C12L,966,106,210.765,12,12,187.45481204986572,2,0,1,13.483945122034378,70.0,134.8394512203438
L1_2C12L,967,107,209.669,12,12,199.1645188331604,1,0,2,9.451608669494242,50.0,94.51608669494242
L1_2C12L,968,108,253.446,12,12,183.22148442268372,2,0,6,9.26171529922854,80.0,92.61715299228538
L1_2C12L,969,109,212.56,12,12,185.9172706604004,1,0,0,15.275760184455404,80.0,152.75760184455402
L1_2C12L,970,110,235.521,12,12,187.71717882156372,1,0,3,20.942745163755866,70.0,209.4274516375587
L1_2C12L,971,101,185.796,12,12,201.7805962562561,0,0,0,10.731360427052888,50.0,107.31360427052887
L1_2C12L,972,102,207.867,12,12,191.7956280708313,1,0,3,7.347905483522901,70.0,73.47905483522901
L1_2C12L,973,103,242.502,12,12,180.17854976654053,3,0,4,12.738146383038899,80.0,127.38146383038901
L1_2C12L,974,104,203.726,12,12,190.2899284362793,2,0,1,17.366901613813813,60.0,173.66901613813815
L1_2C12L,975,105,230.899,12,12,184.01189017295837,2,0,2,9.960353458138947,80.0,99.60353458138947
L1_2C12L,976,106,207.474,12,12,194.19838523864746,0,0,1,11.005380328230538,70.0,110.0538032823054
L1_2C12L,977,107,215.713,12,12,204.17464208602905,0,0,3,12.75118737929325,40.0,127.51187379293253
L1_2C12L,978,108,296.828,12,12,192.45149278640747,1,0,11,11.828358963335575,60.0,118.28358963335575
L1_2C12L,979,109,217.434,12,12,184.62067985534668,1,0,1,21.264392579235484,80.0,212.6439257923548
L1_2C12L,980,110,222.328,12,12,186.76046562194824,2,0,5,14.131789709216743,70.0,141.31789709216744
L1_2C12L,981,101,194.437,12,12,184.70690250396729,3,0,0,14.310307047916133,70.0,143.1030704791613
L1_2C12L,982,102,210.742,12,12,195.20678520202637,1,0,3,12.644046391143647,60.0,126.44046391143647
L1_2C12L,983,103,206.135,12,12,183.96918869018555,1,0,1,8.436039149498448,90.0,84.36039149498448
L1_2C12L,984,104,193.06,12,12,199.93519735336304,0,0,1,16.88266457863397,50.0,168.8266457863397
L1_2C12L,985,105,211.339,12,12,181.35332775115967,5,0,1,12.155577337016435,60.0,121.55577337016437
L1_2C12L,986,106,197.283,12,12,202.10806369781494,0,0,1,11.30646257706751,50.0,113.0646257706751
L1_2C12L,987,107,195.992,12,12,198.35134935379028,0,0,1,10.495489699902569,60.0,104.95489699902569
L1_2C12L,988,108,207.477,12,12,176.3759160041809,6,0,3,8.746943003312849,70.0,87.46943003312848
L1_2C12L,989,109,205.82,12,12,190.94108963012695,0,0,0,8.529718158146226,80.0,85.29718158146228
L1_2C12L,990,110,212.194,12,12,186.49816179275513,2,0,2,15.00613478458427,70.0,150.06134784584273
L1_2C12L,991,101,211.463,12,12,186.99637603759766,2,0,1,16.678744701533176,70.0,166.78744701533176
L1_2C12L,992,102,207.704,12,12,195.22450304031372,1,0,2,9.251652977002957,60.0,92.51652977002956
L1_2C12L,993,103,192.252,12,12,193.25355529785156,2,0,1,7.48814832065218,60.0,74.88148320652179
L1_2C12L,994,104,210.383,12,12,195.25063228607178,0,0,2,15.831217356196051,60.0,158.31217356196052
L1_2C12L,995,105,232.43,12,12,183.55274486541748,2,0,2,11.490848723744566,80.0,114.90848723744566
L1_2C12L,996,106,216.61,12,12,193.6894941329956,0,0,4,11.035013101917704,70.0,110.35013101917703
L1_2C12L,997,107,226.326,12,12,196.79551815986633,1,0,6,14.014953937488892,50.0,140.14953937488892
L1_2C12L,998,108,199.56,12,12,190.77058243751526,2,0,2,10.764721429306528,60.0,107.64721429306529
L1_2C12L,999,109,213.532,12,12,192.36808156967163,0,0,0,17.106386044184767,70.0,171.06386044184765
L1_2C12L,1000,110,231.855,12,12,184.13295316696167,3,0,3,12.890167353377485,70.0,128.90167353377484
L2_3C24L,1,101,379.508,24,24,283.0644416809082,0,0,12,23.118498098498904,140.0,231.18498098498893
L2_3C24L,2,102,287.289,24,24,269.28459644317627,9,0,5,34.051309438215895,110.0,340.51309438215895
L2_3C24L,3,103,472.293,24,24,268.3324189186096,1,0,23,25.55858374954342,160.0,255.5858374954342
L2_3C24L,4,104,328.217,24,24,274.02830839157104,10,0,9,16.572307118842048,100.0,165.7230711884205
L2_3C24L,5,105,294.978,24,24,291.26656103134155,5,0,12,9.111462299565508,100.0,91.11462299565508
L2_3C24L,6,106,335.917,24,24,270.0885257720947,6,0,15,24.704893621546656,130.0,247.0489362154666
L2_3C24L,7,107,304.646,24,24,276.63754653930664,4,0,13,14.541517835426571,140.0,145.41517835426575
L2_3C24L,8,108,315.421,24,24,258.31710958480835,9,0,5,30.609624833584103,140.0,306.09624833584104
L2_3C24L,9,109,316.458,24,24,274.2823181152344,5,0,13,20.725604513411152,130.0,207.25604513411153
L2_3C24L,10,110,341.426,24,24,284.30113554000854,5,0,13,13.996221257604564,110.0,139.96221257604566
L2_3C24L,11,101,267.751,24,24,286.21860694885254,3,0,1,14.271324078389142,130.0,142.7132407838914
L2_3C24L,12,102,328.933,24,24,272.9389235973358,7,0,13,20.203587847610454,120.0,202.03587847610453
L2_3C24L,13,103,407.766,24,24,269.82683181762695,5,0,18,30.577214063160806,130.0,305.7721406316081
L2_3C24L,14,104,382.399,24,24,285.1700563430786,5,0,15,24.433142276729342,100.0,244.33142276729347
L2_3C24L,15,105,288.856,24,24,281.0208463668823,5,0,9,8.263825263548924,130.0,82.63825263548924
L2_3C24L,16,106,283.916,24,24,261.2379813194275,9,0,11,24.206734437713376,130.0,242.0673443771338
L2_3C24L,17,107,411.127,24,24,277.1462655067444,4,0,42,11.179081096029071,130.0,111.79081096029071
L2_3C24L,18,108,349.102,24,24,260.43832778930664,7,0,12,25.20557667326222,150.0,252.05576673262223
L2_3C24L,19,109,291.666,24,24,283.69435119628906,7,0,6,19.352164913078706,100.0,193.52164913078707
L2_3C24L,20,110,294.739,24,24,282.6552667617798,5,0,15,12.81577522270145,120.0,128.1577522270145
L2_3C24L,21,101,303.221,24,24,276.5407004356384,5,0,10,19.86434350168536,130.0,198.6434350168536
L2_3C24L,22,102,276.689,24,24,284.2463130950928,5,0,5,25.845587659459632,110.0,258.45587659459636
L2_3C24L,23,103,318.887,24,24,266.67079854011536,5,0,16,19.43066873442585,150.0,194.30668734425848
L2_3C24L,24,104,260.546,24,24,289.76654720306396,5,0,6,15.77817743068718,100.0,157.7817743068718
L2_3C24L,25,105,292.23,24,24,279.54681873321533,6,0,8,11.510602692417779,120.0,115.10602692417777
L2_3C24L,26,106,305.371,24,24,261.71165895462036,6,0,8,19.294454605744157,160.0,192.94454605744156
L2_3C24L,27,107,340.92,24,24,259.7419228553772,10,0,21,19.193594782965885,130.0,191.9359478296589
L2_3C24L,28,108,356.114,24,24,261.47533893585205,7,0,5,21.74882809272547,150.0,217.48828092725472
L2_3C24L,29,109,326.656,24,24,282.985631942749,4,0,16,15.047891233658584,120.0,150.47891233658584
L2_3C24L,30,110,350.718,24,24,281.7437810897827,2,0,16,12.52071728963301,140.0,125.2071728963301
L2_3C24L,31,101,364.948,24,24,288.2373037338257,1,0,11,14.208988532643973,130.0,142.08988532643974
L2_3C24L,32,102,293.641,24,24,242.88248538970947,17,0,8,25.3917039478389,120.0,253.917039478389
L2_3C24L,33,103,399.23,24,24,257.8802123069763,7,0,22,23.73258556852797,150.0,237.3258556852797
L2_3C24L,34,104,336.468,24,24,232.68634510040283,18,0,13,21.045505305483125,140.0,210.45505305483127
L2_3C24L,35,105,306.087,24,24,271.59734535217285,7,0,4,19.675497739351112,130.0,196.75497739351113
L2_3C24L,36,106,333.065,24,24,271.63047313690186,11,0,22,17.898427501456307,90.0,178.98427501456308
L2_3C24L,37,107,367.821,24,24,273.29249024391174,7,0,17,12.35837185849378,120.0,123.58371858493781
L2_3C24L,38,108,318.875,24,24,264.93949794769287,5,0,12,16.86829882519289,160.0,168.68298825192886
L2_3C24L,39,109,302.096,24,24,282.99930000305176,3,0,9,16.66896357513448,130.0,166.68963575134478
L2_3C24L,40,110,325.573,24,24,259.1511564254761,11,0,8,16.162792369563224,130.0,161.6279236956323
L2_3C24L,41,101,382.217,24,24,279.2902340888977,3,0,22,19.03251741674153,130.0,190.32517416741533
L2_3C24L,42,102,358.974,24,24,254.71087741851807,7,0,20,27.630386081776425,160.0,276.30386081776425
L2_3C24L,43,103,389.963,24,24,253.72686052322388,6,0,16,20.910475357566515,170.0,209.10475357566517
L2_3C24L,44,104,329.666,24,24,296.08549880981445,4,0,7,16.381656342925087,90.0,163.81656342925083
L2_3C24L,45,105,305.499,24,24,265.06881833076477,11,0,8,9.770559596119229,120.0,97.70559596119229
L2_3C24L,46,106,326.532,24,24,243.6360821723938,9,0,10,21.21304207213413,180.0,212.13042072134135
L2_3C24L,47,107,426.208,24,24,252.750497341156,9,0,33,15.831653605926121,150.0,158.3165360592612
L2_3C24L,48,108,391.037,24,24,269.8230652809143,6,0,28,20.589770572059276,130.0,205.89770572059274
L2_3C24L,49,109,348.176,24,24,256.7238941192627,10,0,7,20.920347261533244,140.0,209.20347261533246
L2_3C24L,50,110,290.374,24,24,284.67744541168213,4,0,8,14.408523318141857,120.0,144.08523318141852
L2_3C24L,51,101,294.935,24,24,282.7129340171814,2,0,5,15.956884625076022,140.0,159.5688462507602
L2_3C24L,52,102,257.72,24,24,291.15711975097656,4,0,7,12.809595613486279,110.0,128.09595613486277
L2_3C24L,53,103,364.425,24,24,261.7134761810303,6,0,13,25.95504002803381,150.0,259.55040028033807
L2_3C24L,54,104,364.624,24,24,273.97688388824463,8,0,22,18.410367045627524,110.0,184.1036704562752
L2_3C24L,55,105,313.86,24,24,286.5859041213989,4,0,14,8.046965205930118,120.0,80.46965205930118
L2_3C24L,56,106,256.684,24,24,274.3454780578613,8,0,4,17.18172469384937,120.0,171.81724693849375
L2_3C24L,57,107,403.695,24,24,283.84246921539307,4,0,22,20.52508145851632,110.0,205.2508145851632
L2_3C24L,58,108,316.212,24,24,255.0020809173584,11,0,13,31.659726610903107,130.0,316.59726610903107
L2_3C24L,59,109,325.643,24,24,255.09922003746033,9,0,14,18.002570651308474,150.0,180.02570651308474
L2_3C24L,60,110,289.817,24,24,264.13366413116455,10,0,4,14.554437193755774,130.0,145.54437193755777
L2_3C24L,61,101,264.235,24,24,300.4587697982788,2,0,4,10.137423277849095,100.0,101.37423277849093
L2_3C24L,62,102,304.163,24,24,253.94500160217285,11,0,12,21.84999672651763,140.0,218.49996726517628
L2_3C24L,63,103,351.885,24,24,246.7705078125,11,0,12,25.76497898074487,150.0,257.6497898074487
L2_3C24L,64,104,378.276,24,24,257.01044750213623,12,0,22,21.631844679788262,120.0,216.31844679788261
L2_3C24L,65,105,326.184,24,24,271.453706741333,6,0,15,11.820973571350486,140.0,118.20973571350481
L2_3C24L,66,106,283.634,24,24,265.1260623931885,7,0,4,27.913117966302853,140.0,279.13117966302855
L2_3C24L,67,107,290.971,24,24,263.55295848846436,9,0,7,13.156787394617064,140.0,131.5678739461706
L2_3C24L,68,108,303.273,24,24,269.24424743652344,8,0,6,14.185836283753531,130.0,141.8583628375353
L2_3C24L,69,109,307.29,24,24,268.8415699005127,10,0,10,22.194747579816134,110.0,221.94747579816135
L2_3C24L,70,110,300.352,24,24,262.42273569107056,9,0,4,16.924205527069216,140.0,169.24205527069216
L2_3C24L,71,101,302.933,24,24,307.0083956718445,1,0,9,9.972005517345766,90.0,99.72005517345765
L2_3C24L,72,102,282.81,24,24,261.9168338775635,9,0,8,20.27720544288682,140.0,202.7720544288682
L2_3C24L,73,103,317.476,24,24,267.9651050567627,2,0,6,23.449659103215442,170.0,234.4965910321544
L2_3C24L,74,104,281.374,24,24,282.79440689086914,10,0,5,19.01864059284747,80.0,190.18640592847467
L2_3C24L,75,105,324.844,24,24,274.77362394332886,6,0,21,9.087906369337194,130.0,90.87906369337193
L2_3C24L,76,106,360.393,24,24,287.11856031417847,3,0,19,24.604782661820824,110.0,246.0478266182083
L2_3C24L,77,107,299.889,24,24,254.407395362854,14,0,8,16.975325912463525,120.0,169.75325912463526
L2_3C24L,78,108,352.742,24,24,269.57686948776245,4,0,13,24.743753679979367,150.0,247.43753679979375
L2_3C24L,79,109,351.973,24,24,258.0619888305664,7,0,35,16.459997617106698,160.0,164.599976171067
L2_3C24L,80,110,348.902,24,24,276.27096605300903,5,0,18,14.096731569127877,130.0,140.96731569127877
L2_3C24L,81,101,267.596,24,24,294.655912399292,2,0,6,16.14692772361868,110.0,161.46927723618683
L2_3C24L,82,102,295.003,24,24,250.35671997070312,11,0,8,18.810907477031652,150.0,188.10907477031645
L2_3C24L,83,103,361.648,24,24,265.9355978965759,8,0,14,18.548001813248945,130.0,185.48001813248942
L2_3C24L,84,104,443.106,24,24,276.15834283828735,6,0,25,21.138832233256977,110.0,211.3883223325698
L2_3C24L,85,105,279.864,24,24,282.0276794433594,6,0,5,9.90773101390726,120.0,99.07731013907264
L2_3C24L,86,106,270.655,24,24,275.7722969055176,8,0,11,19.09233424144596,110.0,190.92334241445963
L2_3C24L,87,107,294.083,24,24,258.1103777885437,9,0,7,12.965401940106434,150.0,129.65401940106435
L2_3C24L,88,108,257.659,24,24,285.6779975891113,3,0,3,14.406630879426022,130.0,144.06630879426018
L2_3C24L,89,109,428.4,24,24,269.2955574989319,7,0,28,20.681461464995877,120.0,206.81461464995883
L2_3C24L,90,110,331.514,24,24,278.75627994537354,4,0,7,20.812381973304433,130.0,208.12381973304434
L2_3C24L,91,101,267.791,24,24,285.92028045654297,3,0,4,13.599066022454613,130.0,135.99066022454613
L2_3C24L,92,102,303.519,24,24,263.63211393356323,8,0,12,17.89294864741304,140.0,178.92948647413036
L2_3C24L,93,103,362.036,24,24,269.9510898590088,5,0,15,21.82970580374543,140.0,218.29705803745424
L2_3C24L,94,104,318.318,24,24,274.71069145202637,11,0,11,17.631022956395782,90.0,176.31022956395782
L2_3C24L,95,105,294.985,24,24,290.22915172576904,4,0,12,9.236128427281363,110.0,92.36128427281362
L2_3C24L,96,106,317.262,24,24,271.36799812316895,5,0,9,22.106632747062804,140.0,221.06632747062807
L2_3C24L,97,107,504.483,24,24,265.50073194503784,3,0,51,23.33088315036133,150.0,233.3088315036133
L2_3C24L,98,108,281.942,24,24,278.4399218559265,3,0,6,20.200259498565682,140.0,202.00259498565686
L2_3C24L,99,109,337.979,24,24,263.84706592559814,9,0,8,20.509773709196825,130.0,205.09773709196827
L2_3C24L,100,110,326.126,24,24,274.1389579772949,6,0,12,16.203461173727042,130.0,162.03461173727044
L2_3C24L,101,101,269.833,24,24,289.0926933288574,3,0,3,14.691008398490307,120.0,146.91008398490305
L2_3C24L,102,102,279.969,24,24,271.1610584259033,7,0,7,17.796440734166136,130.0,177.96440734166137
L2_3C24L,103,103,348.654,24,24,248.80798864364624,7,0,7,23.97332318737906,180.0,239.7332318737906
L2_3C24L,104,104,435.655,24,24,255.77182340621948,11,0,21,25.760584874541543,120.0,257.6058487454154
L2_3C24L,105,105,269.135,24,24,287.98937034606934,8,0,6,8.368756728854809,90.0,83.6875672885481
L2_3C24L,106,106,255.188,24,24,270.9033613204956,7,0,9,23.655468727879498,130.0,236.55468727879494
L2_3C24L,107,107,266.178,24,24,238.39117574691772,15,0,6,13.696037953458784,160.0,136.96037953458782
L2_3C24L,108,108,380.055,24,24,260.26287841796875,9,0,17,27.457059993230963,130.0,274.5705999323096
L2_3C24L,109,109,363.465,24,24,255.79663109779358,7,0,22,17.34455886771363,160.0,173.44558867713636
L2_3C24L,110,110,306.855,24,24,274.7801275253296,7,0,4,22.39957423657067,120.0,223.99574236570672
L2_3C24L,111,101,268.635,24,24,299.1913528442383,0,0,7,11.028827648767543,120.0,110.28827648767543
L2_3C24L,112,102,410.141,24,24,269.2334027290344,5,0,21,32.55528573658137,130.0,325.5528573658137
L2_3C24L,113,103,415.886,24,24,273.4636549949646,4,0,22,23.454475670899257,130.0,234.54475670899257
L2_3C24L,114,104,340.18,24,24,275.46983909606934,8,0,10,18.433862574365307,110.0,184.3386257436531
L2_3C24L,115,105,269.134,24,24,285.31377816200256,7,0,9,8.954027386885683,100.0,89.54027386885683
L2_3C24L,116,106,292.194,24,24,275.5454502105713,4,0,7,19.848499099259524,140.0,198.48499099259521
L2_3C24L,117,107,481.501,24,24,269.3012194633484,6,0,36,20.662563665403088,120.0,206.6256366540309
L2_3C24L,118,108,303.362,24,24,258.41018772125244,11,0,10,18.632706170176842,130.0,186.32706170176843
L2_3C24L,119,109,263.303,24,24,249.341157913208,13,0,3,23.862805326786358,140.0,238.62805326786355
L2_3C24L,120,110,304.653,24,24,291.3537254333496,3,0,5,17.15424856947966,110.0,171.5424856947966
L2_3C24L,121,101,267.6,24,24,283.1343307495117,7,0,3,9.552224704049877,110.0,95.5222470404988
L2_3C24L,122,102,316.551,24,24,281.60766410827637,9,0,12,14.641107893793135,90.0,146.41107893793134
L2_3C24L,123,103,283.771,24,24,229.45611190795898,14,0,5,25.14631087246108,180.0,251.46310872461078
L2_3C24L,124,104,446.092,24,24,272.26243448257446,7,0,26,24.125212576698818,110.0,241.25212576698817
L2_3C24L,125,105,304.94,24,24,286.5163106918335,4,0,13,9.945612719019259,120.0,99.45612719019259
L2_3C24L,126,106,292.766,24,24,257.91128492355347,7,0,4,25.29571837376286,160.0,252.95718373762855
L2_3C24L,127,107,296.182,24,24,281.15852546691895,4,0,10,12.804892724415767,130.0,128.04892724415765
L2_3C24L,128,108,352.36,24,24,271.70909214019775,4,0,9,25.969668713836437,140.0,259.6966871383645
L2_3C24L,129,109,421.559,24,24,278.9231653213501,2,0,20,30.256122490264467,130.0,302.5612249026447
L2_3C24L,130,110,272.732,24,24,280.34656524658203,4,0,2,22.178101655001047,130.0,221.7810165500105
L2_3C24L,131,101,269.255,24,24,291.2641611099243,4,0,5,10.786124444365448,110.0,107.86124444365447
L2_3C24L,132,102,419.531,24,24,270.77003145217896,4,0,18,24.09987401381571,140.0,240.99874013815707
L2_3C24L,133,103,380.133,24,24,271.5198287963867,5,0,14,29.93390019958816,130.0,299.3390019958816
L2_3C24L,134,104,317.951,24,24,271.55502462387085,8,0,21,13.149922664869944,120.0,131.49922664869945
L2_3C24L,135,105,288.864,24,24,283.82802295684814,4,0,8,8.906546171396784,130.0,89.06546171396782
L2_3C24L,136,106,351.769,24,24,255.16958665847778,12,0,22,22.76803323322673,120.0,227.6803323322673
L2_3C24L,137,107,409.936,24,24,258.099383354187,6,0,21,14.668719343939582,160.0,146.6871934393958
L2_3C24L,138,108,334.139,24,24,270.2737102508545,5,0,15,25.75426397803833,140.0,257.5426397803833
L2_3C24L,139,109,379.389,24,24,259.7195806503296,8,0,26,20.934721813195758,140.0,209.34721813195765
L2_3C24L,140,110,300.352,24,24,260.32422065734863,8,0,5,17.25257392097945,150.0,172.52573920979452
L2_3C24L,141,101,303.008,24,24,302.27575397491455,0,0,10,10.747471747710659,110.0,107.47471747710657
L2_3C24L,142,102,293.514,24,24,288.29161405563354,3,0,9,14.027921987866975,120.0,140.27921987866975
L2_3C24L,143,103,362.53,24,24,259.66649436950684,7,0,9,22.77831452230228,150.0,227.7831452230228
L2_3C24L,144,104,344.279,24,24,289.1101484298706,7,0,19,17.966166479866388,80.0,179.66166479866388
L2_3C24L,145,105,343.976,24,24,277.4648873806,4,0,13,20.11704733621979,130.0,201.17047336219792
L2_3C24L,146,106,337.452,24,24,260.87293910980225,7,0,13,18.756867763145532,150.0,187.56867763145533
L2_3C24L,147,107,350.107,24,24,275.44593715667725,7,0,25,10.180210378526706,120.0,101.80210378526708
L2_3C24L,148,108,342.557,24,24,244.47173476219177,10,0,12,21.760881173296568,170.0,217.6088117329657
L2_3C24L,149,109,373.48,24,24,268.57612705230713,6,0,24,16.41290291966608,140.0,164.12902919666078
L2_3C24L,150,110,319.872,24,24,257.9954459667206,10,0,12,16.681840974422748,140.0,166.81840974422747
L2_3C24L,151,101,255.979,24,24,291.4191474914551,4,0,5,11.936184590930866,110.0,119.36184590930867
L2_3C24L,152,102,304.823,24,24,272.0961718559265,7,0,10,13.012752250632031,130.0,130.1275225063203
L2_3C24L,153,103,428.487,24,24,266.62876176834106,6,0,44,16.23744388648823,130.0,162.3744388648823
L2_3C24L,154,104,392.014,24,24,288.38091373443604,4,0,24,18.730266378081993,100.0,187.30266378081993
L2_3C24L,155,105,325.926,24,24,289.02051639556885,3,0,12,9.93159323824553,120.0,99.3159323824553
L2_3C24L,156,106,260.468,24,24,286.9003372192383,4,0,5,25.332198841498144,110.0,253.32198841498143
L2_3C24L,157,107,448.561,24,24,264.3609538078308,6,0,27,20.463473208395055,140.0,204.63473208395055
L2_3C24L,158,108,268.615,24,24,283.77682304382324,4,0,3,24.077235715143885,120.0,240.77235715143885
L2_3C24L,159,109,321.103,24,24,268.9562373161316,7,0,15,18.479203171881746,130.0,184.79203171881744
L2_3C24L,160,110,298.432,24,24,277.7346706390381,5,0,7,14.217741148600474,130.0,142.17741148600481
L2_3C24L,161,101,355.597,24,24,284.7009611129761,2,0,14,15.996802435014114,130.0,159.96802435014112
L2_3C24L,162,102,303.419,24,24,286.8789987564087,6,0,14,13.736666878793681,100.0,137.36666878793676
L2_3C24L,163,103,300.012,24,24,262.5829496383667,8,0,9,23.056821842017715,140.0,230.56821842017717
L2_3C24L,164,104,255.478,24,24,268.69334506988525,11,0,4,14.355518008735906,110.0,143.55518008735908
L2_3C24L,165,105,306.495,24,24,297.85399198532104,4,0,9,10.486693497016594,90.0,104.86693497016594
L2_3C24L,166,106,270.77,24,24,263.5724267959595,9,0,4,23.091890144175945,130.0,230.91890144175943
L2_3C24L,167,107,383.262,24,24,250.48370885849,11,0,19,13.387614871092964,150.0,133.8761487109296
L2_3C24L,168,108,286.012,24,24,270.70427417755127,5,0,8,25.98574931433641,140.0,259.8574931433641
L2_3C24L,169,109,471.183,24,24,262.85925912857056,8,0,26,27.135803524848857,120.0,271.3580352484886
L2_3C24L,170,110,290.289,24,24,265.3431487083435,8,0,5,17.189473253419184,140.0,171.89473253419186
L2_3C24L,171,101,329.446,24,24,287.8039174079895,1,0,11,17.32027429631225,130.0,173.2027429631225
L2_3C24L,172,102,293.209,24,24,289.42027950286865,4,0,9,13.59907671002659,110.0,135.9907671002659
L2_3C24L,173,103,375.718,24,24,273.4368796348572,2,0,15,26.87705855688137,150.0,268.77058556881366
L2_3C24L,174,104,365.801,24,24,281.2448215484619,7,0,19,17.517239967827685,100.0,175.17239967827683
L2_3C24L,175,105,305.026,24,24,288.5399284362793,3,0,9,11.533538236130866,120.0,115.33538236130866
L2_3C24L,176,106,380.205,24,24,279.32240104675293,3,0,27,27.258661978459763,120.0,272.5866197845976
L2_3C24L,177,107,435.339,24,24,263.37994956970215,8,0,27,17.066829215862025,130.0,170.66829215862026
L2_3C24L,178,108,310.179,24,24,284.44534969329834,3,0,10,20.182159576436817,120.0,201.8215957643682
L2_3C24L,179,109,300.256,24,24,275.505295753479,8,0,15,18.315675457916267,110.0,183.15675457916265
L2_3C24L,180,110,289.666,24,24,299.3154602050781,1,0,6,13.948468302335135,110.0,139.48468302335135
L2_3C24L,181,101,260.178,24,24,287.1722812652588,6,0,4,19.425710107670763,100.0,194.2571010767076
L2_3C24L,182,102,313.661,24,24,228.42471027374268,18,0,12,16.917623028795262,150.0,169.1762302879526
L2_3C24L,183,103,517.14,24,24,258.15698432922363,3,0,39,34.476693876599086,160.0,344.76693876599086
L2_3C24L,184,104,293.724,24,24,291.8405170440674,6,0,7,15.531578272228698,90.0,155.31578272228697
L2_3C24L,185,105,356.277,24,24,291.10507678985596,4,0,20,9.64971338676838,100.0,96.4971338676838
L2_3C24L,186,106,324.535,24,24,274.7207703590393,5,0,15,24.264089727216042,130.0,242.64089727216043
L2_3C24L,187,107,398.633,24,24,260.9934597015381,7,0,41,13.355128712379747,150.0,133.55128712379747
L2_3C24L,188,108,365.291,24,24,267.9147505760193,9,0,18,28.617498736184668,110.0,286.1749873618467
L2_3C24L,189,109,375.91,24,24,272.7584705352783,5,0,17,25.805066359555536,130.0,258.05066359555536
L2_3C24L,190,110,289.817,24,24,270.9051170349121,9,0,7,15.31628179290238,120.0,153.16281792902382
L2_3C24L,191,101,257.499,24,24,292.95680236816406,2,0,2,13.47729051419595,120.0,134.77290514195948
L2_3C24L,192,102,353.831,24,24,250.9498438835144,10,0,9,26.83385558585433,150.0,268.3385558585434
L2_3C24L,193,103,344.605,24,24,273.1008710861206,4,0,19,21.33042900096105,140.0,213.30429000961053
L2_3C24L,194,104,285.508,24,24,272.9737844467163,8,0,6,18.42072003635144,120.0,184.2072003635144
L2_3C24L,195,105,294.873,24,24,281.4279284477234,7,0,7,8.573539528667972,110.0,85.73539528667973
L2_3C24L,196,106,323.304,24,24,272.0212240219116,7,0,19,21.59590290660064,120.0,215.95902906600642
L2_3C24L,197,107,399.457,24,24,281.09190607070923,4,0,20,16.3603065497102,120.0,163.60306549710197
L2_3C24L,198,108,283.813,24,24,245.74335765838623,15,0,7,22.52210458133886,130.0,225.2210458133886
L2_3C24L,199,109,366.528,24,24,261.4918646812439,8,0,29,15.02712066960706,140.0,150.27120669607058
L2_3C24L,200,110,278.312,24,24,271.27130222320557,10,0,11,14.095659650742013,110.0,140.9565965074201
L2_3C24L,201,101,295.176,24,24,300.26723766326904,0,0,8,15.775847402755371,110.0,157.75847402755372
L2_3C24L,202,102,392.866,24,24,287.6322937011719,2,0,29,27.89235917293939,110.0,278.9235917293938
L2_3C24L,203,103,351.375,24,24,269.17103481292725,7,0,20,17.763218542031343,130.0,177.63218542031342
L2_3C24L,204,104,395.865,24,24,284.1025605201721,5,0,28,22.991458104666034,100.0,229.91458104666032
L2_3C24L,205,105,339.548,24,24,275.02370500564575,6,0,13,8.254279694416823,130.0,82.54279694416823
L2_3C24L,206,106,263.378,24,24,278.3795704841614,6,0,4,22.06810367921466,120.0,220.6810367921466
L2_3C24L,207,107,440.108,24,24,271.6694083213806,5,0,39,14.435301309423016,130.0,144.35301309423016
L2_3C24L,208,108,323.402,24,24,272.7449378967285,5,0,14,27.516869782205433,130.0,275.1686978220543
L2_3C24L,209,109,290.515,24,24,286.92862129211426,6,0,9,18.571245081250318,100.0,185.71245081250316
L2_3C24L,210,110,299.795,24,24,268.21759033203125,10,0,6,14.274673064581172,120.0,142.74673064581174
L2_3C24L,211,101,377.56,24,24,285.3681311607361,1,0,18,18.77285282398083,130.0,187.72852823980836
L2_3C24L,212,102,354.147,24,24,275.8311128616333,5,0,15,28.89627918053678,120.0,288.96279180536783
L2_3C24L,213,103,383.241,24,24,243.60191202163696,7,0,13,22.99360128668542,190.0,229.9360128668541
L2_3C24L,214,104,341.044,24,24,280.7274250984192,7,0,16,19.24191412747312,100.0,192.41914127473123
L2_3C24L,215,105,352.534,24,24,275.3028874397278,7,0,15,10.65700079290012,120.0,106.57000792900119
L2_3C24L,216,106,352.191,24,24,268.0450929403305,7,0,24,21.516315314972896,130.0,215.16315314972894
L2_3C24L,217,107,389.929,24,24,255.3859052658081,10,0,24,15.380306059284745,140.0,153.8030605928475
L2_3C24L,218,108,350.973,24,24,269.3822703361511,7,0,10,22.05909146904446,130.0,220.59091469044455
L2_3C24L,219,109,326.843,24,24,264.19569730758667,4,0,13,24.347645213480025,160.0,243.47645213480027
L2_3C24L,220,110,316.371,24,24,284.5317544937134,4,0,8,14.894114523904285,120.0,148.94114523904287
L2_3C24L,221,101,280.719,24,24,260.6889753341675,10,0,7,22.703398240562482,130.0,227.0339824056248
L2_3C24L,222,102,293.409,24,24,256.5003852844238,12,0,10,16.665384235625456,130.0,166.65384235625453
L2_3C24L,223,103,351.802,24,24,269.85568618774414,5,0,18,22.147671478970633,140.0,221.47671478970628
L2_3C24L,224,104,360.393,24,24,288.08823013305664,4,0,16,24.705895712967408,100.0,247.05895712967404
L2_3C24L,225,105,257.11,24,24,289.48793053627014,6,0,3,10.040232424969426,100.0,100.40232424969426
L2_3C24L,226,106,303.877,24,24,245.70432090759277,13,0,10,22.652266778938504,140.0,226.52266778938508
L2_3C24L,227,107,280.625,24,24,286.73218727111816,9,0,11,12.55937046337284,80.0,125.59370463372838
L2_3C24L,228,108,361.992,24,24,252.0553479194641,9,0,9,33.14881823772448,150.0,331.4881823772448
L2_3C24L,229,109,339.608,24,24,270.1406469345093,5,0,15,21.197847944232215,140.0,211.9784794423221
L2_3C24L,230,110,294.653,24,24,287.2211580276489,4,0,16,20.929469883016637,110.0,209.29469883016637
L2_3C24L,231,101,306.243,24,24,294.2093801498413,2,0,10,17.635406716757082,110.0,176.35406716757078
L2_3C24L,232,102,339.932,24,24,279.5263285636902,5,0,15,16.578881538659246,120.0,165.78881538659246
L2_3C24L,233,103,324.157,24,24,245.05044889450073,13,0,15,26.49850070487197,140.0,264.98500704871964
L2_3C24L,234,104,343.683,24,24,281.73758697509766,7,0,9,20.874690960601477,100.0,208.74690960601478
L2_3C24L,235,105,288.42,24,24,266.2417869567871,7,0,3,12.527367909054673,150.0,125.27367909054672
L2_3C24L,236,106,297.131,24,24,269.3150358200073,8,0,10,27.28320993799862,120.0,272.8320993799862
L2_3C24L,237,107,304.465,24,24,262.4072279930115,10,0,19,11.975901129967998,130.0,119.75901129967995
L2_3C24L,238,108,387.889,24,24,246.88554430007935,10,0,12,22.048163705007187,160.0,220.48163705007187
L2_3C24L,239,109,319.215,24,24,268.27051734924316,7,0,8,25.76492883506919,130.0,257.6492883506919
L2_3C24L,240,110,317.093,24,24,280.18651580810547,3,0,11,14.378253905839523,140.0,143.78253905839523
L2_3C24L,241,101,316.668,24,24,280.08116579055786,4,0,11,16.396114023411606,130.0,163.96114023411604
L2_3C24L,242,102,300.68,24,24,272.8925585746765,7,0,15,23.69147220524494,120.0,236.91472205244938
L2_3C24L,243,103,316.609,24,24,273.8632183074951,3,0,6,33.78924057280625,140.0,337.89240572806244
L2_3C24L,244,104,317.547,24,24,277.51060152053833,8,0,20,19.9646645812371,100.0,199.64664581237102
L2_3C24L,245,105,314.009,24,24,282.0745711326599,4,0,10,9.75143267927165,130.0,97.51432679271649
L2_3C24L,246,106,309.759,24,24,281.4667167663574,3,0,11,21.777572944370533,130.0,217.77572944370533
L2_3C24L,247,107,327.405,24,24,251.74832487106323,11,0,12,14.172225680119128,150.0,141.7222568011913
L2_3C24L,248,108,291.291,24,24,263.11545848846436,10,0,12,14.615133150179132,130.0,146.15133150179133
L2_3C24L,249,109,296.752,24,24,278.2094326019287,6,0,11,17.635210451328376,120.0,176.35210451328376
L2_3C24L,250,110,299.795,24,24,278.09422636032104,4,0,4,14.68589495982383,140.0,146.85894959823833
L2_3C24L,251,101,279.99,24,24,281.9294128417969,3,0,4,11.901927645251586,140.0,119.01927645251588
L2_3C24L,252,102,247.247,24,24,276.34604930877686,11,0,6,18.846473655506536,90.0,188.46473655506534
L2_3C24L,253,103,327.459,24,24,275.71467542648315,2,0,7,24.284414302440464,150.0,242.84414302440464
L2_3C24L,254,104,270.224,24,24,288.36372232437134,8,0,10,15.454254144468933,80.0,154.54254144468933
L2_3C24L,255,105,295.081,24,24,297.6205987930298,3,0,12,9.597963386487365,100.0,95.97963386487366
L2_3C24L,256,106,292.538,24,24,255.82005310058594,11,0,6,18.933150326350827,140.0,189.33150326350827
L2_3C24L,257,107,374.239,24,24,256.51436591148376,7,0,23,14.952109754839986,160.0,149.52109754839984
L2_3C24L,258,108,273.817,24,24,283.8561954498291,5,0,8,20.479322625667585,110.0,204.7932262566759
L2_3C24L,259,109,326.771,24,24,282.9511651992798,4,0,12,15.162780364088972,120.0,151.6278036408897
L2_3C24L,260,110,304.396,24,24,279.26489639282227,7,0,7,15.783680710477157,110.0,157.83680710477157
L2_3C24L,261,101,247.438,24,24,308.55907440185547,1,0,4,9.803083858191314,90.0,98.03083858191314
L2_3C24L,262,102,384.108,24,24,247.79833793640137,5,0,30,25.67220391997119,190.0,256.72203919971184
L2_3C24L,263,103,390.576,24,24,249.902587890625,7,0,10,28.658024398742025,170.0,286.58024398742026
L2_3C24L,264,104,291.603,24,24,270.4049611091614,11,0,13,18.6501376611174,100.0,186.501376611174
L2_3C24L,265,105,272.181,24,24,284.2656488418579,6,0,6,10.781158935218485,110.0,107.81158935218485
L2_3C24L,266,106,365.957,24,24,259.25507259368896,9,0,13,25.816395257203915,130.0,258.16395257203914
L2_3C24L,267,107,329.439,24,24,241.7436718940735,15,0,24,12.521064486255574,140.0,125.21064486255575
L2_3C24L,268,108,396.13,24,24,274.77464056015015,4,0,26,24.08448660085959,130.0,240.8448660085959
L2_3C24L,269,109,342.886,24,24,259.25538969039917,9,0,17,17.482038937404507,140.0,174.82038937404513
L2_3C24L,270,110,281.737,24,24,277.5362982749939,8,0,1,16.54566925143851,110.0,165.4566925143851
L2_3C24L,271,101,257.499,24,24,297.1600046157837,2,0,4,12.799941894489038,110.0,127.99941894489042
L2_3C24L,272,102,282.051,24,24,277.5019521713257,6,0,12,14.9934619079982,120.0,149.934619079982
L2_3C24L,273,103,309.437,24,24,262.80837631225586,5,0,7,25.63873725102954,160.0,256.38737251029545
L2_3C24L,274,104,245.227,24,24,297.35475158691406,6,0,4,12.150831729493753,80.0,121.50831729493753
L2_3C24L,275,105,368.639,24,24,295.56371784210205,1,0,22,11.454262628086175,110.0,114.54262628086175
L2_3C24L,276,106,300.42,24,24,273.576961517334,8,0,12,24.74344543352822,110.0,247.43445433528217
L2_3C24L,277,107,341.398,24,24,272.4499320983887,4,0,16,11.833527316848569,150.0,118.33527316848567
L2_3C24L,278,108,386.93,24,24,259.4232425689697,9,0,18,30.255853777635288,130.0,302.558537776353
L2_3C24L,279,109,296.008,24,24,246.69070303440094,12,0,8,22.697630973127545,150.0,226.97630973127545
L2_3C24L,280,110,315.585,24,24,273.6200523376465,9,0,12,14.599824990778917,110.0,145.9982499077892
L2_3C24L,281,101,263.736,24,24,280.93280601501465,1,0,2,13.557301755659262,160.0,135.57301755659265
L2_3C24L,282,102,294.914,24,24,272.2072410583496,9,0,12,19.309198521725758,110.0,193.09198521725762
L2_3C24L,283,103,347.935,24,24,272.76680183410645,7,0,24,22.44398557450561,110.0,224.43985574505612
L2_3C24L,284,104,428.237,24,24,287.6189646720886,4,0,25,16.2701106192572,100.0,162.701106192572
L2_3C24L,285,105,324.503,24,24,272.2245306968689,6,0,10,9.251562621772624,140.0,92.51562621772625
L2_3C24L,286,106,341.683,24,24,283.13640785217285,5,0,15,17.87863121334918,110.0,178.78631213349172
L2_3C24L,287,107,398.043,24,24,270.9554171562195,5,0,26,13.481929516287344,140.0,134.81929516287343
L2_3C24L,288,108,317.291,24,24,242.9935324192047,13,0,8,23.354876438798257,150.0,233.54876438798254
L2_3C24L,289,109,363.65,24,24,276.5471658706665,6,0,21,16.50944759569738,120.0,165.0944759569738
L2_3C24L,290,110,290.606,24,24,283.67650508880615,6,0,5,16.07831111848192,110.0,160.7831111848192
L2_3C24L,291,101,302.651,24,24,288.39767837524414,3,0,11,12.007731313225626,120.0,120.07731313225625
L2_3C24L,292,102,278.463,24,24,273.6798448562622,5,0,6,19.400501500971945,140.0,194.00501500971947
L2_3C24L,293,103,334.555,24,24,280.15600538253784,3,0,17,21.146633884211667,130.0,211.46633884211667
L2_3C24L,294,104,328.584,24,24,253.40719938278198,14,0,16,18.642634717325354,120.0,186.42634717325353
L2_3C24L,295,105,278.747,24,24,280.89812564849854,5,0,7,8.672874031545161,130.0,86.72874031545162
L2_3C24L,296,106,407.855,24,24,255.2857847213745,7,0,29,19.04739287128359,160.0,190.47392871283594
L2_3C24L,297,107,376.606,24,24,260.226993560791,6,0,35,12.576655132238919,160.0,125.7665513223892
L2_3C24L,298,108,329.554,24,24,273.09013628959656,5,0,12,24.69955034429169,130.0,246.99550344291694
L2_3C24L,299,109,339.364,24,24,264.4122145175934,5,0,16,21.95927244174619,150.0,219.59272441746194
L2_3C24L,300,110,271.566,24,24,285.39482021331787,7,0,5,13.6839157104206,100.0,136.83915710420598
L2_3C24L,301,101,291.223,24,24,283.8459539413452,5,0,6,12.180118418762127,120.0,121.80118418762129
L2_3C24L,302,102,357.513,24,24,267.822060585022,4,0,19,27.25980121652254,150.0,272.59801216522544
L2_3C24L,303,103,347.633,24,24,266.4781246185303,4,0,15,21.73957354541741,160.0,217.39573545417412
L2_3C24L,304,104,292.287,24,24,275.5868787765503,9,0,12,23.04372689733154,100.0,230.43726897331538
L2_3C24L,305,105,304.94,24,24,290.2121810913086,4,0,10,9.29271359084191,110.0,92.92713590841907
L2_3C24L,306,106,252.661,24,24,276.62281227111816,8,0,7,22.92394936292359,110.0,229.23949362923588
L2_3C24L,307,107,360.186,24,24,253.0263843536377,9,0,16,11.578710665033501,160.0,115.78710665033506
L2_3C24L,308,108,305.724,24,24,284.74459314346313,3,0,7,24.184685960892672,120.0,241.8468596089267
L2_3C24L,309,109,280.818,24,24,270.51698207855225,6,0,3,19.94339762117648,140.0,199.43397621176473
L2_3C24L,310,110,278.177,24,24,265.8736720085144,10,0,11,13.754428940280658,120.0,137.54428940280658
L2_3C24L,311,101,355.044,24,24,288.06551027297974,1,0,22,14.781628218293902,130.0,147.81628218293903
L2_3C24L,312,102,299.953,24,24,260.87023305892944,7,0,10,23.765874438756665,150.0,237.65874438756663
L2_3C24L,313,103,425.177,24,24,276.8453035354614,3,0,22,22.182305837724947,130.0,221.82305837724948
L2_3C24L,314,104,254.924,24,24,277.9458541870117,11,0,6,11.847144260328172,90.0,118.47144260328172
L2_3C24L,315,105,258.471,24,24,292.23676109313965,5,0,5,12.544135177252556,100.0,125.44135177252556
L2_3C24L,316,106,256.341,24,24,285.26708602905273,5,0,9,17.44305056591259,110.0,174.43050565912588
L2_3C24L,317,107,279.209,24,24,248.34151458740234,10,0,5,15.528283103567569,170.0,155.28283103567566
L2_3C24L,318,108,303.896,24,24,273.2827651500702,3,0,12,19.057420172809767,150.0,190.5742017280976
L2_3C24L,319,109,374.215,24,24,280.3323760032654,2,0,14,17.225418489102495,140.0,172.254184891025
L2_3C24L,320,110,395.197,24,24,286.25989961624146,3,0,31,12.467000879841798,110.0,124.67000879841797
L2_3C24L,321,101,365.097,24,24,292.1931586265564,1,0,15,14.356136501376472,120.0,143.5613650137647
L2_3C24L,322,102,257.313,24,24,271.7872323989868,10,0,7,19.0425491487091,110.0,190.42549148709097
L2_3C24L,323,103,358.238,24,24,239.72612285614014,11,0,12,35.91291694817436,160.0,359.1291694817437
L2_3C24L,324,104,334.323,24,24,282.24376821517944,8,0,10,22.520774356363685,90.0,225.20774356363685
L2_3C24L,325,105,315.015,24,24,280.4202547073364,6,0,9,8.599144306837735,120.0,85.99144306837735
L2_3C24L,326,106,304.653,24,24,280.7951965332031,5,0,9,17.34931033767536,120.0,173.4931033767536
L2_3C24L,327,107,398.221,24,24,260.9903907775879,7,0,36,13.365350242822004,150.0,133.65350242822004
L2_3C24L,328,108,326.625,24,24,258.3711247444153,10,0,13,15.429578160105804,140.0,154.29578160105802
L2_3C24L,329,109,300.636,24,24,265.9868850708008,5,0,17,18.377031881280324,160.0,183.77031881280323
L2_3C24L,330,110,258.007,24,24,272.83218002319336,8,0,4,22.22603993927656,120.0,222.26039939276563
L2_3C24L,331,101,293.273,24,24,285.73626804351807,4,0,6,15.879090858897632,120.0,158.79090858897632
L2_3C24L,332,102,282.146,24,24,274.91456413269043,3,0,3,18.618093223653883,150.0,186.1809322365388
L2_3C24L,333,103,316.969,24,24,266.6997938156128,4,0,7,21.000652753073847,160.0,210.0065275307385
L2_3C24L,334,104,305.87,24,24,298.75740242004395,2,0,6,19.14199923360534,100.0,191.41999233605338
L2_3C24L,335,105,292.473,24,24,296.0650444030762,2,0,9,9.783192053564033,110.0,97.83192053564034
L2_3C24L,336,106,461.828,24,24,246.41453075408936,11,0,50,25.284870065707334,140.0,252.84870065707327
L2_3C24L,337,107,367.793,24,24,263.4361231327057,9,0,34,11.879588894090798,130.0,118.79588894090796
L2_3C24L,338,108,390.473,24,24,266.0600938796997,3,0,19,28.132992557115635,160.0,281.3299255711564
L2_3C24L,339,109,306.787,24,24,274.09938621520996,6,0,10,16.335365357959315,130.0,163.35365357959316
L2_3C24L,340,110,306.147,24,24,295.7159309387207,0,0,9,17.613572433809917,120.0,176.13572433809918
L2_3C24L,341,101,257.499,24,24,297.01459884643555,2,0,5,13.284631980491621,110.0,132.84631980491625
L2_3C24L,342,102,284.184,24,24,274.33255767822266,9,0,9,18.89146323224259,110.0,188.91463232242586
L2_3C24L,343,103,312.578,24,24,259.31960678100586,7,0,11,38.93462494625001,140.0,389.34624946250005
L2_3C24L,344,104,385.0,24,24,266.6588978767395,8,0,17,29.47032234525961,120.0,294.70322345259615
L2_3C24L,345,105,340.035,24,24,286.1396532058716,6,0,11,11.201157048478105,100.0,112.01157048478106
L2_3C24L,346,106,294.646,24,24,280.1594009399414,4,0,7,21.135310826215424,130.0,211.35310826215422
L2_3C24L,347,107,275.278,24,24,251.48685026168823,10,0,6,15.043797860850379,160.0,150.43797860850376
L2_3C24L,348,108,304.131,24,24,259.1686372756958,12,0,16,19.437847511218866,120.0,194.37847511218862
L2_3C24L,349,109,356.668,24,24,247.48586559295654,8,0,17,28.380418286658642,170.0,283.8041828665864
L2_3C24L,350,110,350.815,24,24,272.587450504303,5,0,17,13.041803419401665,140.0,130.41803419401666
L2_3C24L,351,101,257.499,24,24,286.2589726448059,4,0,7,10.803394810878203,120.0,108.03394810878201
L2_3C24L,352,102,290.358,24,24,251.96246814727783,12,0,12,18.458429158578117,140.0,184.58429158578122
L2_3C24L,353,103,411.289,24,24,266.1062593460083,6,0,20,32.97910801821449,130.0,329.79108018214487
L2_3C24L,354,104,283.948,24,24,285.40898728370667,8,0,8,20.303376937119836,80.0,203.0337693711984
L2_3C24L,355,105,294.985,24,24,289.84630584716797,4,0,12,10.512307574305533,110.0,105.12307574305532
L2_3C24L,356,106,249.224,24,24,289.38182640075684,5,0,4,17.060582564022774,100.0,170.60582564022772
L2_3C24L,357,107,365.073,24,24,236.44306182861328,15,0,23,20.189752740704918,150.0,201.89752740704918
L2_3C24L,358,108,375.862,24,24,250.20282363891602,8,0,12,30.990546699981383,160.0,309.90546699981377
L2_3C24L,359,109,273.123,24,24,261.15362548828125,7,0,3,17.82124945457395,160.0,178.21249454573953
L2_3C24L,360,110,304.786,24,24,283.1090245246887,6,0,16,12.96992211909551,110.0,129.69922119095511
L2_3C24L,361,101,355.241,24,24,289.89316987991333,3,0,17,15.35606640546754,110.0,153.56066405467539
L2_3C24L,362,102,293.52,24,24,279.1734428405762,7,0,13,16.08852365886205,110.0,160.8852365886205
L2_3C24L,363,103,311.624,24,24,247.2317509651184,9,0,10,22.560828076957115,170.0,225.60828076957114
L2_3C24L,364,104,305.953,24,24,276.3126277923584,8,0,5,20.624590019511473,110.0,206.2459001951147
L2_3C24L,365,105,305.791,24,24,281.9539747238159,4,0,8,10.1533667397328,130.0,101.53366739732799
L2_3C24L,366,106,322.822,24,24,264.36691069602966,8,0,14,25.443612337435447,130.0,254.43612337435454
L2_3C24L,367,107,446.057,24,24,252.9016833305359,9,0,31,15.327709084952003,150.0,153.27709084952005
L2_3C24L,368,108,410.644,24,24,256.701452255249,8,0,24,30.99514357487476,140.0,309.9514357487476
L2_3C24L,369,109,342.255,24,24,266.10472202301025,7,0,23,16.317586090192293,140.0,163.1758609019229
L2_3C24L,370,110,289.817,24,24,278.7862491607666,5,0,7,15.712528806588365,130.0,157.12528806588367
L2_3C24L,371,101,333.043,24,24,284.53936672210693,3,0,16,19.868737490171327,120.0,198.6873749017133
L2_3C24L,372,102,315.315,24,24,251.01823472976685,9,0,6,24.93921119964809,160.0,249.39211199648088
L2_3C24L,373,103,318.718,24,24,252.3948884010315,10,0,9,22.01702854545496,150.0,220.17028545454954
L2_3C24L,374,104,331.524,24,24,284.4083003997803,6,0,10,21.972314819256635,100.0,219.72314819256627
L2_3C24L,375,105,257.188,24,24,278.2467336654663,6,0,2,9.177558612069156,130.0,91.77558612069156
L2_3C24L,376,106,280.258,24,24,281.15767097473145,5,0,9,17.807759343758217,120.0,178.07759343758212
L2_3C24L,377,107,427.499,24,24,270.2141590118408,7,0,40,17.619467314892876,120.0,176.19467314892876
L2_3C24L,378,108,358.905,24,24,270.1207695007324,7,0,10,32.93074654479179,120.0,329.3074654479179
L2_3C24L,379,109,311.741,24,24,252.6761884689331,9,0,7,22.746028672750413,160.0,227.46028672750413
L2_3C24L,380,110,289.743,24,24,269.7397184371948,9,0,6,14.20094117022095,120.0,142.00941170220955
L2_3C24L,381,101,318.774,24,24,295.45037841796875,2,0,11,11.832070597013908,110.0,118.32070597013907
L2_3C24L,382,102,268.458,24,24,286.8943204879761,5,0,5,15.352267559832246,110.0,153.52267559832242
L2_3C24L,383,103,362.886,24,24,259.659423828125,8,0,19,26.135260429478958,140.0,261.3526042947896
L2_3C24L,384,104,305.68,24,24,290.8303470611572,4,0,9,20.565494624933145,100.0,205.6549462493315
L2_3C24L,385,105,402.021,24,24,284.5816855430603,3,0,28,9.727719350818095,120.0,97.27719350818096
L2_3C24L,386,106,330.256,24,24,253.95037460327148,10,0,10,30.165392990249067,140.0,301.65392990249063
L2_3C24L,387,107,475.787,24,24,260.03325176239014,7,0,37,19.889151430211236,140.0,198.89151430211237
L2_3C24L,388,108,337.498,24,24,266.03883934020996,8,0,16,23.203874748445802,130.0,232.038747484458
L2_3C24L,389,109,312.432,24,24,259.94483375549316,8,0,4,21.85053209942018,150.0,218.50532099420184
L2_3C24L,390,110,327.387,24,24,270.60696840286255,7,0,9,17.976758919386793,130.0,179.7675891938679
L2_3C24L,391,101,335.302,24,24,276.32141971588135,3,0,21,22.26193416193159,140.0,222.6193416193159
L2_3C24L,392,102,278.63,24,24,244.60814332962036,12,0,4,21.306152345848666,160.0,213.06152345848665
L2_3C24L,393,103,407.328,24,24,264.58309507369995,1,0,15,21.38967791647936,180.0,213.89677916479357
L2_3C24L,394,104,338.791,24,24,283.661572933197,5,0,12,21.12807633888746,110.0,211.28076338887462
L2_3C24L,395,105,315.621,24,24,278.15465927124023,4,0,7,9.484483001402374,140.0,94.84483001402374
L2_3C24L,396,106,267.098,24,24,285.229106426239,1,0,3,20.902980848084162,140.0,209.0298084808416
L2_3C24L,397,107,293.964,24,24,265.69751834869385,8,0,14,11.008279879590026,140.0,110.08279879590027
L2_3C24L,398,108,304.672,24,24,283.6586666107178,3,0,8,16.137740589708567,130.0,161.37740589708568
L2_3C24L,399,109,342.804,24,24,261.08186292648315,7,0,9,18.060458347332926,150.0,180.60458347332928
L2_3C24L,400,110,303.798,24,24,275.0390615463257,6,0,12,14.869804032653224,130.0,148.69804032653226
L2_3C24L,401,101,259.334,24,24,293.8073787689209,2,0,3,12.308735415068295,120.0,123.08735415068294
L2_3C24L,402,102,304.938,24,24,261.7193946838379,11,0,16,20.935316264682204,120.0,209.35316264682203
L2_3C24L,403,103,480.445,24,24,253.72283363342285,2,0,20,24.257199098227435,190.0,242.57199098227423
L2_3C24L,404,104,339.736,24,24,272.1170074939728,9,0,15,19.609967976410097,110.0,196.09967976410098
L2_3C24L,405,105,289.581,24,24,272.5500020980835,9,0,4,9.833299115818123,120.0,98.33299115818126
L2_3C24L,406,106,332.235,24,24,273.3954133987427,6,0,13,27.015241784831886,120.0,270.15241784831886
L2_3C24L,407,107,374.157,24,24,259.14862871170044,10,0,16,21.171250283925676,130.0,211.7125028392568
L2_3C24L,408,108,315.503,24,24,268.54958724975586,5,0,5,23.168033538367496,150.0,231.680335383675
L2_3C24L,409,109,292.068,24,24,297.84414863586426,2,0,12,17.186170386383406,100.0,171.86170386383407
L2_3C24L,410,110,278.095,24,24,278.70866680145264,8,0,5,12.637775615772748,110.0,126.37775615772746
L2_3C24L,411,101,266.093,24,24,292.8019390106201,1,0,2,12.326857247330892,130.0,123.26857247330894
L2_3C24L,412,102,345.05,24,24,257.42007207870483,9,0,11,28.599737229989955,140.0,285.99737229989955
L2_3C24L,413,103,467.027,24,24,269.5945782661438,3,0,28,28.01805759855034,140.0,280.1805759855034
L2_3C24L,414,104,395.447,24,24,268.42792797088623,10,0,21,25.240230304955666,100.0,252.40230304955665
L2_3C24L,415,105,288.864,24,24,276.5052909851074,5,0,4,9.982335081295977,140.0,99.82335081295976
L2_3C24L,416,106,294.39,24,24,275.7553503513336,5,0,8,22.482114030537225,130.0,224.82114030537227
L2_3C24L,417,107,472.408,24,24,262.97783184051514,5,0,37,16.740564694684444,150.0,167.40564694684446
L2_3C24L,418,108,387.108,24,24,265.944091796875,4,0,19,18.51967464759706,160.0,185.1967464759706
L2_3C24L,419,109,373.757,24,24,266.6334776878357,5,0,18,19.55506083921158,150.0,195.5506083921158
L2_3C24L,420,110,303.548,24,24,282.84014225006104,6,0,10,13.866189155628406,110.0,138.66189155628408
L2_3C24L,421,101,337.588,24,24,287.7456455230713,1,0,11,15.847813765640796,130.0,158.47813765640797
L2_3C24L,422,102,283.903,24,24,270.3825511932373,9,0,6,32.05817204198235,110.0,320.58172041982357
L2_3C24L,423,103,311.638,24,24,279.1943483352661,1,0,5,22.685456161678943,150.0,226.85456161678943
L2_3C24L,424,104,326.981,24,24,284.27848863601685,5,0,11,19.071680052885206,110.0,190.71680052885202
L2_3C24L,425,105,289.452,24,24,280.8172836303711,5,0,3,8.94239087295517,130.0,89.4239087295517
L2_3C24L,426,106,369.63,24,24,273.5848550796509,4,0,17,28.05048928935701,130.0,280.5048928935701
L2_3C24L,427,107,349.076,24,24,239.24289178848267,11,0,14,15.857024162641302,180.0,158.570241626413
L2_3C24L,428,108,342.858,24,24,271.94128465652466,8,0,8,30.195711487659686,110.0,301.95711487659685
L2_3C24L,429,109,409.437,24,24,255.2486743927002,9,0,13,25.837715309780673,140.0,258.3771530978067
L2_3C24L,430,110,326.303,24,24,267.13881254196167,8,0,21,14.537269854419002,130.0,145.37269854418997
L2_3C24L,431,101,301.927,24,24,286.6908369064331,1,0,4,17.697196091348392,140.0,176.97196091348394
L2_3C24L,432,102,283.357,24,24,293.2323684692383,5,0,14,15.892066193448077,90.0,158.9206619344808
L2_3C24L,433,103,306.643,24,24,257.55533266067505,8,0,14,19.81555112723043,150.0,198.1555112723043
L2_3C24L,434,104,281.746,24,24,288.9744429588318,6,0,11,21.751841372901872,90.0,217.51841372901873
L2_3C24L,435,105,343.155,24,24,273.89741253852844,6,0,14,12.008630013636608,130.0,120.08630013636609
L2_3C24L,436,106,274.359,24,24,277.4399356842041,6,0,5,23.533515080124097,120.0,235.335150801241
L2_3C24L,437,107,497.236,24,24,258.7799162864685,6,0,41,15.733602932602722,150.0,157.3360293260272
L2_3C24L,438,108,378.475,24,24,268.59797167778015,6,0,14,24.673401018532246,130.0,246.7340101853225
L2_3C24L,439,109,331.425,24,24,274.76974725723267,9,0,12,24.100836011761924,100.0,241.0083601176192
L2_3C24L,440,110,262.543,24,24,275.1952199935913,8,0,4,12.68258019005617,120.0,126.8258019005617
L2_3C24L,441,101,264.098,24,24,296.43068504333496,0,0,1,10.23100944864675,130.0,102.3100944864675
L2_3C24L,442,102,313.153,24,24,288.56382513046265,3,0,10,11.453867003254196,120.0,114.53867003254194
L2_3C24L,443,103,319.301,24,24,253.34913778305054,7,0,9,22.16951856324316,170.0,221.69518563243162
L2_3C24L,444,104,287.334,24,24,281.4832239151001,9,0,7,16.72258991368772,90.0,167.22589913687725
L2_3C24L,445,105,304.892,24,24,286.25346970558167,4,0,10,9.155062163439421,120.0,91.55062163439422
L2_3C24L,446,106,282.462,24,24,270.1802296638489,8,0,9,22.732552959480135,120.0,227.32552959480137
L2_3C24L,447,107,475.569,24,24,272.0531244277954,3,0,28,19.822909415137644,140.0,198.22909415137647
L2_3C24L,448,108,351.483,24,24,266.2291078567505,8,0,11,22.569622281510032,130.0,225.69622281510036
L2_3C24L,449,109,422.403,24,24,266.4518623352051,4,0,25,25.160454506748486,150.0,251.60454506748482
L2_3C24L,450,110,269.067,24,24,292.8714828491211,3,0,2,15.42837566952102,110.0,154.2837566952102
L2_3C24L,451,101,296.753,24,24,295.6962833404541,6,0,9,11.012392400148716,80.0,110.12392400148717
L2_3C24L,452,102,267.569,24,24,268.23820304870605,11,0,8,19.205962283176937,110.0,192.05962283176942
L2_3C24L,453,103,383.922,24,24,264.77669286727905,4,0,15,22.410977886226913,160.0,224.10977886226917
L2_3C24L,454,104,298.455,24,24,292.0570344924927,5,0,3,24.80986915730568,90.0,248.0986915730568
L2_3C24L,455,105,314.542,24,24,289.4353713989258,3,0,13,8.548729748285785,120.0,85.48729748285785
L2_3C24L,456,106,308.19,24,24,272.97711849212646,6,0,10,20.07628314310014,130.0,200.76283143100142
L2_3C24L,457,107,387.221,24,24,270.90894651412964,9,0,35,13.636836644598688,110.0,136.3683664459869
L2_3C24L,458,108,470.74,24,24,266.42224311828613,3,0,16,30.259163912925086,150.0,302.59163912925084
L2_3C24L,459,109,307.308,24,24,262.3586597442627,8,0,8,23.80443794958115,140.0,238.04437949581148
L2_3C24L,460,110,325.696,24,24,268.114294052124,8,0,10,16.28569162868136,130.0,162.8569162868136
L2_3C24L,461,101,284.767,24,24,289.55560541152954,2,0,9,19.814639421724298,120.0,198.14639421724297
L2_3C24L,462,102,354.928,24,24,257.8547172546387,7,0,8,33.81759810201637,150.0,338.1759810201637
L2_3C24L,463,103,298.671,24,24,278.6977996826172,3,0,5,19.340669045873675,140.0,193.40669045873676
L2_3C24L,464,104,282.581,24,24,299.9684467315674,4,0,6,21.77181553211641,80.0,217.7181553211641
L2_3C24L,465,105,288.371,24,24,293.84066581726074,2,0,6,8.864426739344836,120.0,88.64426739344836
L2_3C24L,466,106,364.015,24,24,264.08416509628296,10,0,13,31.386117675389276,110.0,313.8611767538927
L2_3C24L,467,107,324.847,24,24,274.30093479156494,5,0,16,12.330195314702296,140.0,123.30195314702296
L2_3C24L,468,108,276.125,24,24,265.30364751815796,10,0,2,25.654496755126676,120.0,256.5449675512668
L2_3C24L,469,109,274.137,24,24,291.9992427825928,0,0,5,16.669186466962532,130.0,166.69186466962535
L2_3C24L,470,110,383.584,24,24,273.26491928100586,6,0,13,22.45026905754812,120.0,224.50269057548118
L2_3C24L,471,101,443.048,24,24,290.01826333999634,0,0,23,21.60579016059188,120.0,216.0579016059188
L2_3C24L,472,102,342.852,24,24,267.49008560180664,7,0,19,25.033009855281577,130.0,250.3300985528158
L2_3C24L,473,103,302.233,24,24,244.21192359924316,9,0,5,24.29356612687228,180.0,242.93566126872273
L2_3C24L,474,104,419.685,24,24,256.8785147666931,11,0,24,27.071612399588894,120.0,270.7161239958889
L2_3C24L,475,105,256.741,24,24,275.72287368774414,7,0,2,10.923744028152878,130.0,109.23744028152879
L2_3C24L,476,106,260.205,24,24,273.2154588699341,7,0,3,29.281772671066893,120.0,292.8177267106689
L2_3C24L,477,107,397.844,24,24,263.9292297363281,6,0,28,13.569200907811682,150.0,135.69200907811683
L2_3C24L,478,108,357.156,24,24,252.52343940734863,8,0,15,24.92186053866641,160.0,249.21860538666417
L2_3C24L,479,109,334.598,24,24,266.26932859420776,5,0,11,20.76889843687052,150.0,207.6889843687052
L2_3C24L,480,110,341.962,24,24,282.7925567626953,3,0,14,12.358142581211666,130.0,123.58142581211668
L2_3C24L,481,101,369.351,24,24,299.2898006439209,1,0,18,12.367336795100272,100.0,123.67336795100272
L2_3C24L,482,102,367.444,24,24,266.8377561569214,7,0,22,20.54078670834378,130.0,205.4078670834378
L2_3C24L,483,103,309.482,24,24,273.40025782585144,3,0,7,21.99913674427293,150.0,219.9913674427293
L2_3C24L,484,104,367.308,24,24,268.5915470123291,11,0,11,19.69481954557612,100.0,196.94819545576118
L2_3C24L,485,105,329.073,24,24,272.1012363433838,7,0,12,12.995883807827381,130.0,129.95883807827383
L2_3C24L,486,106,285.205,24,24,273.93442153930664,6,0,4,21.885229525215607,130.0,218.85229525215607
L2_3C24L,487,107,398.859,24,24,260.9227023124695,7,0,28,13.590973062473317,150.0,135.90973062473316
L2_3C24L,488,108,291.189,24,24,259.65731620788574,11,0,6,27.808914780290856,120.0,278.0891478029086
L2_3C24L,489,109,272.945,24,24,280.2843761444092,4,0,6,20.71873611211858,130.0,207.18736112118586
L2_3C24L,490,110,401.065,24,24,268.6014504432678,3,0,19,14.661819051334128,160.0,146.6181905133413
L2_3C24L,491,101,254.097,24,24,298.2323760986328,2,0,2,10.892059510395905,110.0,108.92059510395904
L2_3C24L,492,102,298.14,24,24,273.7997417449951,6,0,15,17.334189777137887,130.0,173.34189777137885
L2_3C24L,493,103,404.087,24,24,253.72482299804688,8,0,12,27.58391730675278,150.0,275.83917306752784
L2_3C24L,494,104,255.153,24,24,298.81946563720703,5,0,2,15.601791513006397,80.0,156.01791513006398
L2_3C24L,495,105,283.51,24,24,304.29650020599365,2,0,10,9.011662587542018,90.0,90.1166258754202
L2_3C24L,496,106,308.02,24,24,273.16876792907715,9,0,16,26.104108968966095,100.0,261.04108968966096
L2_3C24L,497,107,300.836,24,24,256.39345359802246,12,0,8,20.355156229908072,130.0,203.5515622990807
L2_3C24L,498,108,290.098,24,24,270.9279842376709,8,0,1,28.573381189492853,120.0,285.7338118949287
L2_3C24L,499,109,300.623,24,24,282.89624786376953,6,0,11,18.679175347725735,110.0,186.79175347725734
L2_3C24L,500,110,290.391,24,24,277.2208390235901,8,0,7,14.263874007502766,110.0,142.63874007502767
L2_3C24L,501,101,257.499,24,24,299.91236877441406,0,0,4,10.292057280654994,120.0,102.92057280654994
L2_3C24L,502,102,280.063,24,24,281.58595418930054,7,0,10,21.380150768914927,100.0,213.80150768914925
L2_3C24L,503,103,301.882,24,24,256.2516689300537,8,0,6,30.827774263192165,150.0,308.2777426319217
L2_3C24L,504,104,361.871,24,24,250.42316722869873,13,0,17,20.256091588535575,130.0,202.56091588535574
L2_3C24L,505,105,288.864,24,24,292.0192403793335,4,0,5,8.269163222122613,110.0,82.69163222122612
L2_3C24L,506,106,257.365,24,24,281.6174507141113,5,0,3,21.275145168350015,120.0,212.75145168350014
L2_3C24L,507,107,400.42,24,24,248.22222423553467,11,0,21,15.925900389136137,150.0,159.25900389136137
L2_3C24L,508,108,311.75,24,24,265.82283210754395,5,0,8,18.923859315567295,160.0,189.23859315567296
L2_3C24L,509,109,286.685,24,24,274.52205181121826,6,0,8,16.593158617562988,130.0,165.93158617562992
L2_3C24L,510,110,294.581,24,24,274.5655565261841,6,0,4,19.781439465057343,130.0,197.8143946505735
L2_3C24L,511,101,260.178,24,24,300.0690517425537,2,0,5,16.436497307858488,100.0,164.36497307858485
L2_3C24L,512,102,384.334,24,24,262.08832263946533,7,0,16,28.038884529907822,140.0,280.38884529907824
L2_3C24L,513,103,389.445,24,24,271.4842915534973,4,0,27,21.719029796809675,140.0,217.1902979680968
L2_3C24L,514,104,270.207,24,24,293.49731063842773,5,0,6,15.008975529258484,90.0,150.0897552925848
L2_3C24L,515,105,288.864,24,24,288.018630027771,4,0,7,8.27118742663986,120.0,82.71187426639858
L2_3C24L,516,106,292.536,24,24,248.5264015197754,14,0,10,21.578643088034624,130.0,215.78643088034627
L2_3C24L,517,107,397.075,24,24,281.89549255371094,3,0,19,18.681702507387,120.0,186.81702507386998
L2_3C24L,518,108,342.858,24,24,268.94128370285034,9,0,11,30.195711487659686,110.0,301.95711487659685
L2_3C24L,519,109,384.777,24,24,247.06095123291016,9,0,22,18.13015837252079,170.0,181.30158372520788
L2_3C24L,520,110,288.502,24,24,267.64615964889526,7,0,4,14.512804190898944,140.0,145.12804190898945
L2_3C24L,521,101,268.47,24,24,282.8869171142578,4,0,1,17.043607276473118,130.0,170.43607276473122
L2_3C24L,522,102,274.399,24,24,280.6276321411133,8,0,9,19.574548843567705,100.0,195.74548843567706
L2_3C24L,523,103,311.737,24,24,256.4331302642822,6,0,7,21.889539263866496,170.0,218.895392638665
L2_3C24L,524,104,282.384,24,24,295.7321376800537,4,0,5,22.55951770061223,90.0,225.59517700612227
L2_3C24L,525,105,288.856,24,24,283.94328784942627,4,0,8,8.522372833041231,130.0,85.2237283304123
L2_3C24L,526,106,296.407,24,24,270.259482383728,7,0,11,20.801701008207182,130.0,208.01701008207186
L2_3C24L,527,107,361.746,24,24,266.75013637542725,7,0,37,12.499518242416674,140.0,124.99518242416669
L2_3C24L,528,108,389.41,24,24,264.97540807724,7,0,14,31.748629016783962,130.0,317.4862901678396
L2_3C24L,529,109,328.868,24,24,267.23644495010376,5,0,6,22.545180983114836,150.0,225.45180983114835
L2_3C24L,530,110,279.664,24,24,280.30411529541016,6,0,5,15.652953430328022,120.0,156.52953430328026
L2_3C24L,531,101,297.328,24,24,294.52323818206787,5,0,9,11.589205469643007,90.0,115.89205469643008
L2_3C24L,532,102,281.135,24,24,289.7896213531494,3,0,6,12.367908047324729,120.0,123.67908047324727
L2_3C24L,533,103,306.97,24,24,268.08034563064575,5,0,11,19.732184325890113,150.0,197.3218432589011
L2_3C24L,534,104,258.083,24,24,289.48467922210693,5,0,3,21.717716201687498,100.0,217.17716201687495
L2_3C24L,535,105,304.892,24,24,282.0555651187897,4,0,7,9.814735073867114,130.0,98.14735073867115
L2_3C24L,536,106,296.888,24,24,276.52099609375,5,0,6,23.263321494774917,130.0,232.63321494774917
L2_3C24L,537,107,304.21,24,24,277.854115486145,8,0,19,10.486280054150374,110.0,104.86280054150373
L2_3C24L,538,108,267.999,24,24,253.06890106201172,11,0,7,16.436998783919535,150.0,164.36998783919537
L2_3C24L,539,109,309.501,24,24,253.34678268432617,16,0,9,17.17737097818699,110.0,171.77370978186988
L2_3C24L,540,110,279.664,24,24,277.39279079437256,7,0,3,15.357359052697287,120.0,153.5735905269729
L2_3C24L,541,101,264.098,24,24,292.96539878845215,1,0,3,10.115290538525578,130.0,101.15290538525578
L2_3C24L,542,102,296.298,24,24,274.7399640083313,8,0,13,20.866786076338,110.0,208.66786076338005
L2_3C24L,543,103,309.482,24,24,277.3558943271637,3,0,7,22.147014423851054,140.0,221.47014423851058
L2_3C24L,544,104,442.033,24,24,261.45206785202026,9,0,20,26.826413200318726,120.0,268.2641320031872
L2_3C24L,545,105,295.093,24,24,292.1213068962097,6,0,11,9.595634819227625,90.0,95.95634819227627
L2_3C24L,546,106,303.654,24,24,280.98622131347656,2,0,4,25.045900538716612,140.0,250.45900538716626
L2_3C24L,547,107,362.639,24,24,280.42633962631226,5,0,27,13.57886016538344,120.0,135.78860165383435
L2_3C24L,548,108,311.399,24,24,281.6261215209961,6,0,5,22.912887769921248,110.0,229.12887769921252
L2_3C24L,549,109,422.566,24,24,253.4766149520874,7,0,24,25.07795881168896,160.0,250.77958811688958
L2_3C24L,550,110,350.531,24,24,285.2709574699402,1,0,14,10.763436616191482,140.0,107.63436616191484
L2_3C24L,551,101,268.757,24,24,303.69500732421875,1,0,5,12.683312177424162,100.0,126.83312177424162
L2_3C24L,552,102,293.409,24,24,295.87116146087646,3,0,9,13.762797200643446,100.0,137.62797200643442
L2_3C24L,553,103,302.185,24,24,269.87639808654785,6,0,3,22.078672053596765,140.0,220.78672053596762
L2_3C24L,554,104,304.007,24,24,304.62279891967773,0,0,6,16.25733155346237,100.0,162.5733155346237
L2_3C24L,555,105,404.21,24,24,283.9250793457031,3,0,27,11.916371862387106,120.0,119.16371862387106
L2_3C24L,556,106,291.212,24,24,272.01660919189453,7,0,8,18.277946368093122,130.0,182.77946368093123
L2_3C24L,557,107,506.108,24,24,259.1639952659607,6,0,33,14.453321906235983,150.0,144.53321906235982
L2_3C24L,558,108,305.724,24,24,272.24454736709595,6,0,4,22.518129765740408,130.0,225.18129765740406
L2_3C24L,559,109,485.512,24,24,257.29368448257446,5,0,34,22.354349732508993,160.0,223.54349732508993
L2_3C24L,560,110,325.493,24,24,279.69248628616333,7,0,12,14.358384242294612,110.0,143.58384242294616
L2_3C24L,561,101,365.666,24,24,277.66039180755615,3,0,15,16.131975477842882,140.0,161.31975477842886
L2_3C24L,562,102,303.08,24,24,288.63604974746704,3,0,9,11.21314490797875,120.0,112.1314490797875
L2_3C24L,563,103,301.516,24,24,274.87546157836914,3,0,5,22.081792903369568,150.0,220.8179290336957
L2_3C24L,564,104,508.493,24,24,253.0856499671936,11,0,49,24.71449064137968,120.0,247.14490641379678
L2_3C24L,565,105,314.998,24,24,278.19188046455383,4,0,11,9.360362119750635,140.0,93.60362119750636
L2_3C24L,566,106,324.356,24,24,284.80407524108887,3,0,9,23.98639872931917,120.0,239.8639872931917
L2_3C24L,567,107,410.921,24,24,248.3233904838562,11,0,26,15.588683973494376,150.0,155.88683973494378
L2_3C24L,568,108,268.48,24,24,268.42132663726807,8,0,5,20.262198928047404,130.0,202.62198928047403
L2_3C24L,569,109,347.591,24,24,280.79506969451904,2,0,9,20.683116586738006,140.0,206.83116586737998
L2_3C24L,570,110,335.522,24,24,270.18344163894653,7,0,11,14.388514283845227,130.0,143.88514283845228
L2_3C24L,571,101,328.295,24,24,288.80738162994385,1,0,10,17.308688726267523,130.0,173.08688726267522
L2_3C24L,572,102,377.442,24,24,283.3471941947937,4,0,24,27.176000927366886,110.0,271.7600092736688
L2_3C24L,573,103,288.638,24,24,279.7512092590332,4,0,5,22.495952949750105,130.0,224.959529497501
L2_3C24L,574,104,355.516,24,24,279.33036279678345,9,0,20,17.232117146329003,90.0,172.32117146329006
L2_3C24L,575,105,294.934,24,24,297.26235795021057,3,0,11,9.12545665195429,100.0,91.25456651954288
L2_3C24L,576,106,273.11,24,24,272.72503566741943,7,0,6,20.91654525898962,120.0,209.16545258989618
L2_3C24L,577,107,378.284,24,24,282.0987858772278,5,0,30,16.33738021927798,110.0,163.37380219277978
L2_3C24L,578,108,336.774,24,24,259.99083280563354,9,0,15,20.030531155275195,140.0,200.30531155275196
L2_3C24L,579,109,288.369,24,24,279.9313578605652,6,0,16,18.562140309256662,110.0,185.6214030925666
L2_3C24L,580,110,288.326,24,24,273.8607177734375,7,0,4,13.797619148216196,130.0,137.976191482162
L2_3C24L,581,101,282.765,24,24,285.2930030822754,3,0,9,14.023334622360414,130.0,140.23334622360414
L2_3C24L,582,102,283.9,24,24,282.7399425506592,5,0,6,17.533521350058106,120.0,175.33521350058103
L2_3C24L,583,103,292.168,24,24,278.69606590270996,4,0,3,26.013111092133244,130.0,260.1311109213325
L2_3C24L,584,104,343.587,24,24,267.4782876968384,10,0,9,25.07235642404093,110.0,250.72356424040927
L2_3C24L,585,105,288.864,24,24,281.02525520324707,5,0,6,8.24910949834873,130.0,82.49109498348727
L2_3C24L,586,106,321.97,24,24,277.20132637023926,4,0,15,20.99557093610569,130.0,209.95570936105693
L2_3C24L,587,107,361.617,24,24,242.76877617835999,11,0,15,12.43737424674364,170.0,124.3737424674364
L2_3C24L,588,108,305.997,24,24,268.63836765289307,11,0,14,24.538770129272876,100.0,245.38770129272882
L2_3C24L,589,109,389.715,24,24,261.5134916305542,7,0,14,29.955019203988364,140.0,299.55019203988365
L2_3C24L,590,110,280.243,24,24,279.26515102386475,9,0,10,14.11614480818041,100.0,141.16144808180408
L2_3C24L,591,101,319.884,24,24,284.7999219894409,4,0,15,24.00026145292155,110.0,240.00261452921552
L2_3C24L,592,102,313.274,24,24,277.5198907852173,4,0,8,11.60036156352169,140.0,116.0036156352169
L2_3C24L,593,103,328.397,24,24,264.47714710235596,3,0,13,20.076169192785574,170.0,200.76169192785574
L2_3C24L,594,104,324.532,24,24,269.10929441452026,8,0,17,21.302344531345028,120.0,213.02344531345025
L2_3C24L,595,105,278.238,24,24,291.0943260192871,3,0,5,8.018923015781063,120.0,80.18923015781063
L2_3C24L,596,106,307.677,24,24,269.2177619934082,5,0,11,29.274112273077108,140.0,292.7411227307711
L2_3C24L,597,107,376.643,24,24,261.1621210575104,7,0,35,12.792893721986262,150.0,127.9289372198626
L2_3C24L,598,108,321.285,24,24,261.49406719207764,6,0,8,33.35310280077405,150.0,333.53102800774053
L2_3C24L,599,109,312.572,24,24,251.18292617797852,9,0,6,27.723534732104753,160.0,277.2353473210475
L2_3C24L,600,110,354.704,24,24,277.59243059158325,4,0,23,14.691897939260757,130.0,146.91897939260755
L2_3C24L,601,101,318.225,24,24,281.881329536438,3,0,9,15.395563012133689,130.0,153.95563012133687
L2_3C24L,602,102,294.697,24,24,278.55565643310547,6,0,8,14.81444334995726,120.0,148.14443349957259
L2_3C24L,603,103,298.753,24,24,260.5887670516968,6,0,9,23.037441125720136,160.0,230.37441125720136
L2_3C24L,604,104,374.361,24,24,258.05578899383545,12,0,21,18.147364170582872,120.0,181.4736417058287
L2_3C24L,605,105,260.365,24,24,284.4958486557007,6,0,3,15.01384030969393,110.0,150.1384030969393
L2_3C24L,606,106,277.132,24,24,290.3325819969177,1,0,4,17.22472248564762,130.0,172.2472248564762
L2_3C24L,607,107,495.178,24,24,247.2569546699524,6,0,35,19.143467656613726,180.0,191.43467656613726
L2_3C24L,608,108,340.908,24,24,276.9299125671387,5,0,7,30.233606013803985,120.0,302.3360601380398
L2_3C24L,609,109,327.03,24,24,282.1051607131958,5,0,17,16.316135185224027,110.0,163.16135185224027
L2_3C24L,610,110,406.837,24,24,268.2892017364502,6,0,19,25.70265869647486,130.0,257.0265869647486
L2_3C24L,611,101,304.303,24,24,276.7829022407532,5,0,10,17.39033737981993,130.0,173.90337379819925
L2_3C24L,612,102,273.086,24,24,257.9665369987488,13,0,5,20.11154638717378,120.0,201.11546387173783
L2_3C24L,613,103,291.987,24,24,272.94363594055176,6,0,8,21.854545516436286,130.0,218.54545516436286
L2_3C24L,614,104,294.613,24,24,296.1781234741211,5,0,12,19.406256669910277,80.0,194.06256669910275
L2_3C24L,615,105,305.499,24,24,292.9993932247162,3,0,9,10.00197551961001,110.0,100.0197551961001
L2_3C24L,616,106,330.692,24,24,273.4948773384094,7,0,12,21.68373380394899,120.0,216.8373380394899
L2_3C24L,617,107,386.851,24,24,244.13549757003784,10,0,30,12.881657536953945,170.0,128.81657536953944
L2_3C24L,618,108,265.842,24,24,259.05692863464355,10,0,3,19.810204710762502,140.0,198.10204710762503
L2_3C24L,619,109,299.414,24,24,253.8695740699768,10,0,9,17.10140808551068,150.0,171.01408085510676
L2_3C24L,620,110,322.964,24,24,238.15534591674805,11,0,9,32.815490125722015,170.0,328.1549012572202
L2_3C24L,621,101,384.55,24,24,254.81117248535156,6,0,12,32.29604237506883,160.0,322.9604237506883
L2_3C24L,622,102,268.878,24,24,257.9017457962036,10,0,3,25.327505568076933,140.0,253.27505568076927
L2_3C24L,623,103,403.707,24,24,271.2196264266968,2,0,16,29.26792704691689,150.0,292.67927046916884
L2_3C24L,624,104,344.752,24,24,289.03733921051025,3,0,10,23.208855868042512,110.0,232.08855868042514
L2_3C24L,625,105,353.205,24,24,278.10140323638916,6,0,16,11.328660276430718,120.0,113.28660276430716
L2_3C24L,626,106,310.103,24,24,260.1524555683136,8,0,16,24.491811968731774,140.0,244.91811968731773
L2_3C24L,627,107,304.93,24,24,265.43445682525635,8,0,6,16.885152481002493,140.0,168.85152481002493
L2_3C24L,628,108,320.25,24,24,266.8264412879944,5,0,12,20.57852712923384,150.0,205.78527129233845
L2_3C24L,629,109,292.065,24,24,271.3558340072632,3,0,2,20.48055415581829,160.0,204.8055415581829
L2_3C24L,630,110,305.824,24,24,292.94503688812256,1,0,6,18.51650852968366,120.0,185.1650852968366
L2_3C24L,631,101,254.275,24,24,293.6192169189453,2,0,2,11.269249888975693,120.0,112.69249888975693
L2_3C24L,632,102,257.72,24,24,281.2286367416382,6,0,2,12.571214357816812,120.0,125.71214357816811
L2_3C24L,633,103,352.699,24,24,275.42137145996094,4,0,13,26.928766990937472,130.0,269.28766990937476
L2_3C24L,634,104,418.262,24,24,263.37386417388916,9,0,18,25.42044962175425,120.0,254.20449621754247
L2_3C24L,635,105,305.126,24,24,289.99522972106934,4,0,13,10.015888136924683,110.0,100.15888136924683
L2_3C24L,636,106,399.039,24,24,263.4700131416321,6,0,18,28.433282818939972,140.0,284.33282818939966
L2_3C24L,637,107,335.219,24,24,245.41146183013916,10,0,27,15.295124723767652,170.0,152.9512472376765
L2_3C24L,638,108,326.748,24,24,277.24042892456055,4,0,19,20.86523273040357,130.0,208.6523273040357
L2_3C24L,639,109,275.826,24,24,262.8337526321411,6,0,2,20.55415468646264,160.0,205.54154686462638
L2_3C24L,640,110,289.817,24,24,278.60085105895996,5,0,6,17.997142941862386,130.0,179.97142941862387
L2_3C24L,641,101,329.521,24,24,283.6257028579712,1,0,16,17.91429878906086,140.0,179.1429878906086
L2_3C24L,642,102,313.635,24,24,271.4462833404541,6,0,10,11.845698126161547,140.0,118.45698126161545
L2_3C24L,643,103,298.975,24,24,284.1901445388794,2,0,7,22.69952194564025,130.0,226.9952194564025
L2_3C24L,644,104,431.483,24,24,270.6411123275757,8,0,27,19.529618460153966,110.0,195.29618460153966
L2_3C24L,645,105,288.87,24,24,286.7560739517212,3,0,7,9.146385654291516,130.0,91.46385654291515
L2_3C24L,646,106,408.713,24,24,278.51978158950806,1,0,16,28.267364343139615,140.0,282.67364343139616
L2_3C24L,647,107,293.948,24,24,243.18314957618713,14,0,9,12.722832336052035,150.0,127.22832336052035
L2_3C24L,648,108,356.209,24,24,273.6545000076294,7,0,7,21.151653572304014,120.0,211.5165357230402
L2_3C24L,649,109,301.087,24,24,267.958345413208,9,0,7,25.138829390978085,120.0,251.38829390978086
L2_3C24L,650,110,352.216,24,24,272.14474868774414,6,0,15,17.850812440841615,130.0,178.50812440841617
L2_3C24L,651,101,368.121,24,24,273.833429813385,5,0,10,22.221869390694007,130.0,222.21869390694008
L2_3C24L,652,102,258.328,24,24,283.13621616363525,5,0,5,16.212612087003386,120.0,162.1261208700339
L2_3C24L,653,103,271.752,24,24,273.01471519470215,4,0,4,19.9509480718945,150.0,199.50948071894499
L2_3C24L,654,104,343.593,24,24,281.4687271118164,7,0,10,21.770886789675895,100.0,217.70886789675896
L2_3C24L,655,105,284.979,24,24,304.22854924201965,2,0,14,9.238168795777348,90.0,92.38168795777347
L2_3C24L,656,106,259.679,24,24,291.36187267303467,3,0,9,17.127086940197152,110.0,171.2708694019715
L2_3C24L,657,107,299.176,24,24,276.11982822418213,5,0,8,11.267222163425819,140.0,112.67222163425818
L2_3C24L,658,108,371.602,24,24,259.36996269226074,8,0,20,13.766764190697247,150.0,137.6676419069725
L2_3C24L,659,109,316.572,24,24,286.55888748168945,4,0,12,21.47038161923402,110.0,214.70381619234024
L2_3C24L,660,110,335.522,24,24,273.16649055480957,5,0,9,16.111695094019154,140.0,161.11695094019157
L2_3C24L,661,101,302.448,24,24,277.6497006416321,5,0,10,16.16765975657247,130.0,161.67659756572468
L2_3C24L,662,102,275.001,24,24,268.8045392036438,10,0,12,22.318179844142552,110.0,223.18179844142557
L2_3C24L,663,103,531.554,24,24,261.35668897628784,4,0,33,22.144323136268667,150.0,221.4432313626867
L2_3C24L,664,104,366.263,24,24,289.18293714523315,4,0,13,21.056846910630888,100.0,210.56846910630892
L2_3C24L,665,105,288.864,24,24,291.9262704849243,4,0,4,8.579075643113798,110.0,85.79075643113798
L2_3C24L,666,106,353.799,24,24,274.143048286438,6,0,18,24.52314979245386,120.0,245.23149792453864
L2_3C24L,667,107,341.33,24,24,254.66834592819214,11,0,26,12.772178483167508,140.0,127.72178483167507
L2_3C24L,668,108,285.001,24,24,284.1926259994507,6,0,9,24.35790909147698,100.0,243.57909091476984
L2_3C24L,669,109,299.861,24,24,257.5574779510498,12,0,8,24.808405470001823,120.0,248.0840547000182
L2_3C24L,670,110,335.667,24,24,280.2429642677307,4,0,13,15.856779546585395,130.0,158.56779546585392
L2_3C24L,671,101,374.718,24,24,289.27201318740845,1,0,10,24.093253149498587,120.0,240.93253149498588
L2_3C24L,672,102,344.793,24,24,268.7418894767761,8,0,15,22.52702784337758,120.0,225.27027843377581
L2_3C24L,673,103,272.306,24,24,277.99850964546204,2,0,7,18.33830356368549,150.0,183.3830356368548
L2_3C24L,674,104,404.796,24,24,285.65147256851196,5,0,21,17.828398261549975,100.0,178.28398261549972
L2_3C24L,675,105,358.686,24,24,296.5697169303894,2,0,21,11.434256728614695,100.0,114.34256728614695
L2_3C24L,676,106,321.601,24,24,277.2612371444702,5,0,11,24.129208117769352,120.0,241.29208117769352
L2_3C24L,677,107,340.934,24,24,261.29444646835327,9,0,34,12.351846218867744,140.0,123.51846218867745
L2_3C24L,678,108,301.071,24,24,249.92769527435303,12,0,9,15.240976211507864,150.0,152.40976211507862
L2_3C24L,679,109,363.465,24,24,264.4547634124756,6,0,22,16.817461249989442,150.0,168.1746124998944
L2_3C24L,680,110,314.657,24,24,277.1108446121216,5,0,10,16.297171396297895,130.0,162.97171396297895
L2_3C24L,681,101,354.189,24,24,279.3386778831482,2,0,14,20.53775684680641,140.0,205.37756846806406
L2_3C24L,682,102,293.549,24,24,279.4373598098755,6,0,11,11.875459681976125,120.0,118.75459681976123
L2_3C24L,683,103,587.663,24,24,254.1928882598877,2,0,43,34.35703087710126,170.0,343.57030877101255
L2_3C24L,684,104,409.164,24,24,263.3128008842468,10,0,25,28.95730480755813,110.0,289.5730480755813
L2_3C24L,685,105,305.195,24,24,286.87185764312744,5,0,13,10.42714164728843,110.0,104.27141647288428
L2_3C24L,686,106,294.508,24,24,276.26848697662354,5,0,14,20.77172111540454,130.0,207.7172111540454
L2_3C24L,687,107,378.469,24,24,247.88315296173096,10,0,25,13.722813032941108,160.0,137.22813032941107
L2_3C24L,688,108,317.548,24,24,273.96886944770813,4,0,16,18.43709972955632,140.0,184.37099729556317
L2_3C24L,689,109,326.731,24,24,267.42300939559937,7,0,9,25.25660093814893,130.0,252.56600938148938
L2_3C24L,690,110,326.067,24,24,259.01999282836914,12,0,15,14.933362512443994,120.0,149.33362512443995
L2_3C24L,691,101,372.763,24,24,265.5160827636719,9,0,12,23.279673705712327,120.0,232.79673705712327
L2_3C24L,692,102,294.881,24,24,262.18156719207764,10,0,11,17.728111190855596,130.0,177.28111190855597
L2_3C24L,693,103,288.864,24,24,273.5425605773926,4,0,6,26.524796676706597,140.0,265.24796676706603
L2_3C24L,694,104,482.888,24,24,278.22371673583984,3,0,42,25.92093536426294,120.0,259.20935364262937
L2_3C24L,695,105,305.153,24,24,291.6663074493408,3,0,11,9.445622811421835,110.0,94.45622811421835
L2_3C24L,696,106,407.801,24,24,271.4588713645935,6,0,30,23.4703890877333,120.0,234.70389087733298
L2_3C24L,697,107,399.796,24,24,266.5060315132141,5,0,35,14.979892214273136,150.0,149.79892214273136
L2_3C24L,698,108,272.776,24,24,270.18821918964386,7,0,7,19.372589662111896,130.0,193.725896621119
L2_3C24L,699,109,403.846,24,24,268.77362060546875,5,0,27,20.754595685445025,140.0,207.54595685445025
L2_3C24L,700,110,386.488,24,24,274.1506242752075,5,0,23,16.16456393246332,130.0,161.6456393246332
L2_3C24L,701,101,340.681,24,24,279.0290937423706,3,0,15,16.569639797474995,140.0,165.69639797474994
L2_3C24L,702,102,278.662,24,24,260.23224449157715,10,0,7,15.892519424344156,140.0,158.92519424344155
L2_3C24L,703,103,318.282,24,24,263.53853034973145,5,0,8,21.538212305792978,160.0,215.3821230579298
L2_3C24L,704,104,298.287,24,24,275.6755619049072,8,0,12,22.74812024892352,110.0,227.48120248923516
L2_3C24L,705,105,269.434,24,24,277.2856550216675,7,0,12,10.71446489912857,120.0,107.14464899128569
L2_3C24L,706,106,324.192,24,24,285.75492000579834,4,0,8,24.150259848765007,110.0,241.50259848765003
L2_3C24L,707,107,316.105,24,24,262.5379385948181,9,0,20,11.540176334081233,140.0,115.40176334081231
L2_3C24L,708,108,341.424,24,24,280.2501883506775,5,0,17,14.16603420794489,120.0,141.6603420794489
L2_3C24L,709,109,352.88,24,24,263.98140144348145,6,0,17,20.061960979679384,150.0,200.61960979679384
L2_3C24L,710,110,289.817,24,24,276.71075916290283,8,0,11,14.297469158714007,110.0,142.9746915871401
L2_3C24L,711,101,307.298,24,24,275.3562960624695,4,0,11,20.479015588631967,140.0,204.7901558863197
L2_3C24L,712,102,321.782,24,24,278.4175138473511,7,0,13,18.60827054705738,110.0,186.08270547057379
L2_3C24L,713,103,291.068,24,24,284.0394220352173,3,0,6,26.535258448416368,120.0,265.35258448416374
L2_3C24L,714,104,382.649,24,24,274.7458791732788,7,0,15,25.84703744962919,110.0,258.47037449629187
L2_3C24L,715,105,388.652,24,24,280.57799530029297,2,0,23,11.406677958062449,140.0,114.06677958062451
L2_3C24L,716,106,303.551,24,24,260.33583641052246,9,0,10,20.547184878273075,140.0,205.47184878273072
L2_3C24L,717,107,331.861,24,24,270.0372166633606,11,0,23,14.875949175810854,100.0,148.7594917581085
L2_3C24L,718,108,301.47,24,24,258.7194724082947,10,0,20,14.268416874077175,140.0,142.68416874077175
L2_3C24L,719,109,350.69,24,24,254.90470123291016,7,0,9,30.317621095414957,160.0,303.1762109541495
L2_3C24L,720,110,368.31,24,24,274.8472933769226,6,0,20,22.175689866464786,120.0,221.75689866464788
L2_3C24L,721,101,292.443,24,24,287.87208461761475,2,0,6,15.426357155643435,130.0,154.26357155643436
L2_3C24L,722,102,320.789,24,24,264.28720903396606,9,0,12,27.375930875012628,120.0,273.7593087501263
L2_3C24L,723,103,292.131,24,24,256.1776990890503,9,0,5,24.40764674964435,150.0,244.07646749644346
L2_3C24L,724,104,356.932,24,24,302.77289628982544,1,0,15,19.090352720049868,90.0,190.90352720049867
L2_3C24L,725,105,329.41,24,24,274.7686140537262,6,0,12,9.104621074947573,130.0,91.04621074947575
L2_3C24L,726,106,291.931,24,24,272.8396997451782,6,0,11,20.53431435611866,130.0,205.3431435611866
L2_3C24L,727,107,437.792,24,24,241.50417184829712,14,0,31,16.652767531422047,140.0,166.5276753142205
L2_3C24L,728,108,262.09,24,24,269.1221671104431,9,0,4,17.926103531632265,120.0,179.26103531632265
L2_3C24L,729,109,353.542,24,24,247.79824590682983,11,0,8,27.33915662629102,150.0,273.3915662629102
L2_3C24L,730,110,288.889,24,24,252.21893692016602,11,0,10,14.27021641920293,150.0,142.70216419202927
L2_3C24L,731,101,323.182,24,24,284.63379669189453,4,0,14,11.220675111487889,120.0,112.2067511148789
L2_3C24L,732,102,350.796,24,24,235.96133089065552,14,0,11,36.79556470262581,150.0,367.95564702625813
L2_3C24L,733,103,336.003,24,24,236.21532583236694,12,0,11,32.615572317994086,160.0,326.1557231799409
L2_3C24L,734,104,292.968,24,24,282.59221506118774,8,0,7,21.35928450733547,90.0,213.5928450733547
L2_3C24L,735,105,305.195,24,24,277.33140087127686,7,0,8,8.895306164119884,120.0,88.95306164119883
L2_3C24L,736,106,353.365,24,24,281.7280216217041,4,0,20,19.23992917350235,120.0,192.39929173502352
L2_3C24L,737,107,331.804,24,24,263.9491562843323,10,0,13,18.50278145480705,120.0,185.0278145480705
L2_3C24L,738,108,425.401,24,24,255.4998540878296,7,0,24,31.667119463739116,150.0,316.67119463739107
L2_3C24L,739,109,312.236,24,24,261.3617467880249,9,0,4,20.46082947039564,140.0,204.6082947039564
L2_3C24L,740,110,298.388,24,24,273.05761528015137,6,0,14,19.807954197451906,130.0,198.07954197451903
L2_3C24L,741,101,254.313,24,24,297.1869602203369,1,0,4,11.043461240693574,120.0,110.43461240693571
L2_3C24L,742,102,268.15,24,24,272.7963933944702,6,0,3,14.012020360968773,140.0,140.12020360968776
L2_3C24L,743,103,423.538,24,24,269.2319703102112,3,0,36,20.89340296150478,150.0,208.93402961504776
L2_3C24L,744,104,378.489,24,24,261.23734426498413,12,0,16,20.875505194376252,110.0,208.75505194376257
L2_3C24L,745,105,292.666,24,24,277.07920265197754,8,0,11,13.069284813931445,110.0,130.69284813931446
L2_3C24L,746,106,320.193,24,24,268.433780670166,7,0,9,25.220715540779153,130.0,252.20715540779162
L2_3C24L,747,107,351.489,24,24,262.7977087497711,7,0,21,12.340962882239984,150.0,123.40962882239984
L2_3C24L,748,108,370.927,24,24,253.4857954978943,9,0,10,28.380683679721038,150.0,283.8068367972103
L2_3C24L,749,109,327.62,24,24,278.7105679512024,6,0,20,22.631433096705713,110.0,226.31433096705717
L2_3C24L,750,110,334.544,24,24,271.29691457748413,5,0,9,22.343589586965237,140.0,223.43589586965237
L2_3C24L,751,101,277.402,24,24,289.60054636001587,4,0,13,12.998145563031992,110.0,129.9814556303199
L2_3C24L,752,102,308.111,24,24,276.54776096343994,7,0,11,24.840807150908603,110.0,248.408071509086
L2_3C24L,753,103,416.482,24,24,253.01950550079346,5,0,14,33.268319303942825,170.0,332.6831930394283
L2_3C24L,754,104,358.586,24,24,264.583589553833,11,0,27,14.721364681290831,110.0,147.21364681290834
L2_3C24L,755,105,288.856,24,24,273.97087144851685,6,0,8,8.430424603832524,140.0,84.30424603832525
L2_3C24L,756,106,363.846,24,24,271.16176438331604,5,0,16,31.127450602309896,130.0,311.2745060230989
L2_3C24L,757,107,330.174,24,24,253.08651638031006,10,0,18,16.378275730988424,150.0,163.7827573098842
L2_3C24L,758,108,339.813,24,24,256.9240212440491,8,0,17,30.253255625370493,140.0,302.5325562537049
L2_3C24L,759,109,315.735,24,24,262.6414873600006,4,0,9,21.195036230928707,170.0,211.9503623092871
L2_3C24L,760,110,262.543,24,24,274.41324520111084,8,0,4,13.622489849894125,120.0,136.2248984989412
L2_3C24L,761,101,264.408,24,24,293.5094451904297,1,0,2,11.635152010425546,130.0,116.35152010425548
L2_3C24L,762,102,358.175,24,24,274.9000747203827,5,0,19,18.66640131745174,130.0,186.66401317451744
L2_3C24L,763,103,272.843,24,24,265.80559730529785,6,0,6,18.981347917425417,150.0,189.81347917425416
L2_3C24L,764,104,286.11,24,24,292.18955850601196,3,0,7,17.701472619474742,100.0,177.0147261947474
L2_3C24L,765,105,289.707,24,24,269.4280948638916,7,0,6,8.573019395376019,140.0,85.73019395376018
L2_3C24L,766,106,333.24,24,24,264.2534670829773,6,0,16,30.82176892370128,140.0,308.2176892370128
L2_3C24L,767,107,341.403,24,24,247.8956699371338,12,0,20,12.014432310014609,150.0,120.14432310014605
L2_3C24L,768,108,306.901,24,24,272.5014057159424,5,0,4,23.32863329388529,140.0,233.28633293885292
L2_3C24L,769,109,350.301,24,24,261.5665693283081,6,0,12,28.111434676198893,150.0,281.11434676198894
L2_3C24L,770,110,369.407,24,24,294.85715913772583,1,0,20,13.809467854916686,110.0,138.09467854916682
L2_3C24L,771,101,268.184,24,24,290.829421043396,0,0,4,13.90191372862767,140.0,139.01913728627673
L2_3C24L,772,102,296.809,24,24,285.05250549316406,4,0,6,18.15830438682423,120.0,181.58304386824227
L2_3C24L,773,103,420.107,24,24,248.68946647644043,8,0,14,31.035100607980734,160.0,310.35100607980735
L2_3C24L,774,104,426.755,24,24,282.03537797927856,4,0,17,21.548718237019514,110.0,215.48718237019511
L2_3C24L,775,105,292.466,24,24,281.1805009841919,7,0,11,9.3983003716214,110.0,93.98300371621397
L2_3C24L,776,106,306.702,24,24,253.93033504486084,11,0,9,25.23219230666465,140.0,252.32192306664652
L2_3C24L,777,107,417.472,24,24,272.3462014198303,5,0,50,12.179325315989635,130.0,121.79325315989635
L2_3C24L,778,108,328.084,24,24,278.3144006729126,3,0,18,13.951989773297237,140.0,139.5198977329724
L2_3C24L,779,109,310.778,24,24,268.9350347518921,4,0,6,26.88322609975444,150.0,268.83226099754444
L2_3C24L,780,110,263.781,24,24,267.1547508239746,8,0,1,14.484165311069908,140.0,144.8416531106991
L2_3C24L,781,101,337.701,24,24,280.97440481185913,2,0,14,16.751967281176274,140.0,167.51967281176272
L2_3C24L,782,102,293.495,24,24,298.4544758796692,1,0,6,11.818413109530635,110.0,118.18413109530634
L2_3C24L,783,103,319.601,24,24,274.5559492111206,4,0,8,21.480152255155424,140.0,214.80152255155423
L2_3C24L,784,104,357.4,24,24,262.83720302581787,9,0,13,18.875984377333204,130.0,188.759843773332
L2_3C24L,785,105,304.818,24,24,284.46870470046997,3,0,11,11.770983799092836,130.0,117.70983799092835
L2_3C24L,786,106,293.008,24,24,283.17382431030273,4,0,9,19.420581027890048,120.0,194.20581027890051
L2_3C24L,787,107,387.046,24,24,241.20648765563965,11,0,18,17.645031979996055,170.0,176.4503197999606
L2_3C24L,788,108,292.635,24,24,256.6711232662201,12,0,15,22.762917907211392,120.0,227.6291790721139
L2_3C24L,789,109,431.402,24,24,266.6690230369568,3,0,15,34.43656943759084,150.0,344.3656943759084
L2_3C24L,790,110,282.138,24,24,274.2421236038208,9,0,7,17.52623864532866,110.0,175.26238645328664
L2_3C24L,791,101,272.712,24,24,271.95534801483154,8,0,3,23.482166799392832,120.0,234.82166799392834
L2_3C24L,792,102,303.661,24,24,289.4108238220215,4,0,10,11.96391715379191,110.0,119.63917153791911
L2_3C24L,793,103,554.35,24,24,252.39772510528564,3,0,27,35.34091649417597,170.0,353.4091649417596
L2_3C24L,794,104,295.131,24,24,289.97760677337646,5,0,4,18.407970351841662,100.0,184.0797035184166
L2_3C24L,795,105,267.927,24,24,298.4976119995117,2,0,5,8.341267662652784,110.0,83.41267662652783
L2_3C24L,796,106,293.214,24,24,260.79509449005127,8,0,5,19.01630852672735,150.0,190.16308526727346
L2_3C24L,797,107,373.903,24,24,257.1469130516052,11,0,9,17.84359699615138,130.0,178.43596996151382
L2_3C24L,798,108,317.243,24,24,273.87886905670166,5,0,15,13.737076995270439,140.0,137.37076995270434
L2_3C24L,799,109,337.553,24,24,274.9659843444824,5,0,12,23.446719786736146,130.0,234.46719786736145
L2_3C24L,800,110,325.661,24,24,278.4576768875122,6,0,11,15.14107589214469,120.0,151.4107589214469
L2_3C24L,801,101,263.398,24,24,291.61689472198486,4,0,8,14.610344082171116,100.0,146.1034408217112
L2_3C24L,802,102,282.637,24,24,275.85939502716064,6,0,3,15.468667836192447,130.0,154.6866783619245
L2_3C24L,803,103,539.159,24,24,252.06459760665894,5,0,34,29.784670201816436,160.0,297.8467020181644
L2_3C24L,804,104,370.108,24,24,289.80956077575684,2,0,13,25.634798442210812,110.0,256.34798442210814
L2_3C24L,805,105,278.412,24,24,289.54365849494934,3,0,6,8.187810785455492,120.0,81.87810785455491
L2_3C24L,806,106,269.705,24,24,268.7593765258789,9,0,6,19.13541148426122,120.0,191.35411484261223
L2_3C24L,807,107,304.139,24,24,269.584641456604,8,0,8,16.384529927025127,130.0,163.8452992702513
L2_3C24L,808,108,413.502,24,24,267.53488206863403,2,0,12,28.217043996454784,160.0,282.1704399645479
L2_3C24L,809,109,301.865,24,24,292.11127853393555,0,0,8,16.29570720840267,130.0,162.9570720840267
L2_3C24L,810,110,279.664,24,24,271.4591054916382,9,0,3,15.136309989474396,120.0,151.36309989474398
L2_3C24L,811,101,379.133,24,24,293.9877996444702,0,0,17,18.373968529015116,120.0,183.73968529015113
L2_3C24L,812,102,430.994,24,24,276.7413578033447,5,0,31,29.195478960287232,110.0,291.9547896028724
L2_3C24L,813,103,298.395,24,24,257.1222450733185,8,0,6,26.259175433399506,150.0,262.5917543339951
L2_3C24L,814,104,417.187,24,24,271.9763813018799,8,0,24,20.078715979510783,110.0,200.78715979510778
L2_3C24L,815,105,304.94,24,24,285.21271681785583,3,0,13,9.290940754966426,130.0,92.90940754966425
L2_3C24L,816,106,299.736,24,24,262.0226221084595,9,0,9,26.59125862426539,130.0,265.9125862426539
L2_3C24L,817,107,314.54,24,24,263.69676780700684,10,0,17,11.010777465410888,130.0,110.10777465410891
L2_3C24L,818,108,308.125,24,24,277.32158041000366,2,0,7,18.928048443648066,150.0,189.28048443648063
L2_3C24L,819,109,408.808,24,24,250.27097415924072,8,0,22,25.76338123889118,160.0,257.6338123889118
L2_3C24L,820,110,325.885,24,24,275.5574383735657,5,0,13,16.475186880999836,130.0,164.7518688099984
L2_3C24L,821,101,330.53,24,24,295.3052372932434,3,0,9,15.649175349376879,100.0,156.4917534937688
L2_3C24L,822,102,284.982,24,24,276.1348376274109,9,0,12,19.550536945731007,100.0,195.5053694573101
L2_3C24L,823,103,332.096,24,24,258.2486629486084,9,0,14,20.83778432999915,140.0,208.3778432999914
L2_3C24L,824,104,330.838,24,24,274.74782276153564,9,0,12,19.17392872502134,100.0,191.7392872502134
L2_3C24L,825,105,277.817,24,24,293.8533172607422,2,0,9,8.822243746339657,120.0,88.22243746339657
L2_3C24L,826,106,368.669,24,24,275.59095764160156,3,0,12,23.03011646413415,140.0,230.30116464134147
L2_3C24L,827,107,372.862,24,24,255.3899269104004,8,0,28,13.700218443674208,160.0,137.00218443674203
L2_3C24L,828,108,329.275,24,24,266.78935289382935,8,0,17,17.368808795722128,130.0,173.68808795722126
L2_3C24L,829,109,328.911,24,24,273.0262632369995,4,0,13,21.57907580748636,140.0,215.79075807486356
L2_3C24L,830,110,338.87,24,24,282.1792550086975,4,0,13,17.735821945875703,120.0,177.35821945875702
L2_3C24L,831,101,265.725,24,24,293.4578399658203,2,0,6,11.807209889971041,120.0,118.07209889971044
L2_3C24L,832,102,364.206,24,24,272.1186981201172,3,0,12,22.937666600650818,150.0,229.3766660065082
L2_3C24L,833,103,333.186,24,24,262.18075037002563,5,0,13,21.064169659079592,160.0,210.64169659079587
L2_3C24L,834,104,459.362,24,24,258.28154373168945,10,0,31,27.39484715114475,120.0,273.9484715114475
L2_3C24L,835,105,326.644,24,24,284.05113697052,3,0,10,13.162840797922,130.0,131.62840797922
L2_3C24L,836,106,269.586,24,24,264.8559002876282,9,0,10,18.81367165975089,130.0,188.1367165975089
L2_3C24L,837,107,391.462,24,24,254.05162501335144,9,0,24,16.494571041781953,150.0,164.94571041781953
L2_3C24L,838,108,351.217,24,24,245.17281651496887,9,0,18,24.423938485880285,170.0,244.23938485880282
L2_3C24L,839,109,392.213,24,24,254.29072332382202,8,0,11,30.697583751283453,150.0,306.97583751283446
L2_3C24L,840,110,325.624,24,24,277.1359567642212,5,0,13,16.213484024923808,130.0,162.13484024923812
L2_3C24L,841,101,348.09,24,24,281.08195209503174,3,0,11,23.06012600727898,130.0,230.60126007278984
L2_3C24L,842,102,293.514,24,24,285.1838307380676,5,0,13,16.053868304527604,110.0,160.5386830452761
L2_3C24L,843,103,328.261,24,24,272.30802488327026,3,0,9,25.63989675175885,150.0,256.3989675175885
L2_3C24L,844,104,282.361,24,24,303.63306188583374,1,0,8,17.88977833446761,90.0,178.8977833446761
L2_3C24L,845,105,243.315,24,24,303.56228256225586,2,0,1,8.125703143113203,100.0,81.25703143113203
L2_3C24L,846,106,290.82,24,24,277.6039123535156,3,0,3,26.320251302872737,140.0,263.2025130287273
L2_3C24L,847,107,402.702,24,24,270.538134098053,6,0,25,18.20619214602715,130.0,182.0619214602715
L2_3C24L,848,108,281.776,24,24,264.4072961807251,10,0,2,16.97567573135736,130.0,169.7567573135736
L2_3C24L,849,109,456.607,24,24,256.8057541847229,6,0,28,18.980818531015593,160.0,189.80818531015595
L2_3C24L,850,110,335.367,24,24,265.8664925098419,7,0,12,15.44503320290116,140.0,154.4503320290116
L2_3C24L,851,101,264.408,24,24,285.32508182525635,1,0,2,10.583017019303567,150.0,105.83017019303567
L2_3C24L,852,102,313.274,24,24,287.5208616256714,2,0,8,11.597130118242228,130.0,115.97130118242228
L2_3C24L,853,103,309.389,24,24,254.37343311309814,8,0,7,23.755221220060623,160.0,237.55221220060625
L2_3C24L,854,104,270.224,24,24,298.24537444114685,4,0,8,10.848751054958248,90.0,108.48751054958248
L2_3C24L,855,105,415.577,24,24,279.5150146484375,3,0,28,13.283283697329653,130.0,132.83283697329654
L2_3C24L,856,106,310.673,24,24,252.13116550445557,12,0,20,26.229444973658133,130.0,262.29444973658127
L2_3C24L,857,107,424.396,24,24,273.1704521179199,5,0,46,14.431830016788759,130.0,144.31830016788757
L2_3C24L,858,108,314.269,24,24,261.0020561218262,11,0,3,28.326458175212593,120.0,283.264581752126
L2_3C24L,859,109,343.085,24,24,276.0465450286865,2,0,16,18.17816702758341,150.0,181.78167027583405
L2_3C24L,860,110,335.645,24,24,263.1293911933899,7,0,9,16.235354303907048,150.0,162.35354303907047
L2_3C24L,861,101,257.109,24,24,295.36042404174805,2,0,3,17.131923503292494,110.0,171.31923503292492
L2_3C24L,862,102,303.519,24,24,278.4462628364563,5,0,9,11.845781549613744,130.0,118.45781549613744
L2_3C24L,863,103,343.597,24,24,258.0125803947449,7,0,7,33.29139122642848,150.0,332.9139122642849
L2_3C24L,864,104,344.056,24,24,274.30691480636597,8,0,11,22.310278060949514,110.0,223.10278060949508
L2_3C24L,865,105,292.213,24,24,294.2584648132324,4,0,6,9.138443951081719,100.0,91.38443951081719
L2_3C24L,866,106,308.19,24,24,274.4771099090576,5,0,12,20.07628314310014,130.0,200.76283143100142
L2_3C24L,867,107,306.313,24,24,269.33776807785034,9,0,17,12.207439373001622,120.0,122.07439373001623
L2_3C24L,868,108,341.991,24,24,280.50642442703247,4,0,13,23.3118821292025,120.0,233.1188212920249
L2_3C24L,869,109,336.627,24,24,273.5016403198242,6,0,30,14.994539641135171,130.0,149.94539641135174
L2_3C24L,870,110,262.543,24,24,281.1831703186035,6,0,3,12.722762267473179,120.0,127.22762267473178
L2_3C24L,871,101,421.012,24,24,276.3018407821655,2,0,21,25.66049693539785,140.0,256.60496935397845
L2_3C24L,872,102,322.599,24,24,264.6626467704773,8,0,11,24.45779849916892,130.0,244.57798499168925
L2_3C24L,873,103,319.69,24,24,269.2090973854065,3,0,6,22.636341371362803,160.0,226.36341371362798
L2_3C24L,874,104,292.692,24,24,258.5310025215149,14,0,7,19.896642353726904,110.0,198.96642353726907
L2_3C24L,875,105,400.419,24,24,274.0295467376709,4,0,22,13.234820367806952,140.0,132.34820367806952
L2_3C24L,876,106,363.809,24,24,276.8313126564026,3,0,14,18.895602277045935,140.0,188.95602277045938
L2_3C24L,877,107,351.387,24,24,256.37765765190125,9,0,24,13.741130354679779,150.0,137.41130354679777
L2_3C24L,878,108,317.312,24,24,276.5678548812866,4,0,11,14.773777107135574,140.0,147.7377710713557
L2_3C24L,879,109,350.73,24,24,265.975257396698,8,0,7,23.415805059446225,130.0,234.15805059446222
L2_3C24L,880,110,300.336,24,24,273.32556676864624,5,0,5,17.24808559201541,140.0,172.48085592015408
L2_3C24L,881,101,304.094,24,24,298.98326301574707,1,0,6,15.055762931452584,110.0,150.55762931452585
L2_3C24L,882,102,282.801,24,24,269.69128036499023,8,0,7,16.029070057312815,130.0,160.29070057312813
L2_3C24L,883,103,296.455,24,24,254.71829414367676,8,0,5,20.93897844856749,160.0,209.38978448567494
L2_3C24L,884,104,292.761,24,24,284.30434226989746,8,0,7,20.652185936901112,90.0,206.52185936901117
L2_3C24L,885,105,360.748,24,24,268.3469820022583,4,0,12,10.510070902149197,160.0,105.10070902149197
L2_3C24L,886,106,360.368,24,24,265.93751096725464,6,0,11,25.20824992335379,140.0,252.0824992335379
L2_3C24L,887,107,315.224,24,24,272.1550555229187,7,0,11,12.81648817347987,130.0,128.16488173479868
L2_3C24L,888,108,291.06,24,24,274.8230323791504,8,0,9,25.589880918113597,110.0,255.898809181136
L2_3C24L,889,109,263.336,24,24,288.19346046447754,6,0,4,16.021792191931905,100.0,160.2179219193191
L2_3C24L,890,110,325.636,24,24,261.27853775024414,9,0,11,15.738209257837342,140.0,157.38209257837343
L2_3C24L,891,101,264.235,24,24,285.87683868408203,1,0,2,10.410528835933379,150.0,104.10528835933378
L2_3C24L,892,102,262.762,24,24,268.20197677612305,10,0,4,15.993415531140233,120.0,159.93415531140232
L2_3C24L,893,103,311.504,24,24,264.3548755645752,6,0,4,22.150387870562014,150.0,221.50387870562017
L2_3C24L,894,104,269.142,24,24,296.1901856660843,4,0,6,17.699388725286777,90.0,176.99388725286775
L2_3C24L,895,105,278.853,24,24,288.97411155700684,5,0,6,8.419613289430742,110.0,84.19613289430742
L2_3C24L,896,106,299.307,24,24,270.8990287780762,8,0,14,25.33656798612435,110.0,253.3656798612435
L2_3C24L,897,107,341.407,24,24,266.91843342781067,8,0,32,11.938511418374382,130.0,119.38511418374382
L2_3C24L,898,108,326.163,24,24,273.4974846839905,6,0,11,18.341718102186235,130.0,183.4171810218624
L2_3C24L,899,109,336.566,24,24,262.9260892868042,8,0,18,15.246344735222058,140.0,152.4634473522206
L2_3C24L,900,110,325.463,24,24,263.8376522064209,9,0,12,15.54116057118074,130.0,155.41160571180743
L2_3C24L,901,101,269.699,24,24,290.4670572280884,0,0,5,15.10979736573568,140.0,151.09797365735685
L2_3C24L,902,102,305.131,24,24,274.96383237838745,7,0,16,18.453844578438606,120.0,184.53844578438606
L2_3C24L,903,103,281.775,24,24,275.62731742858887,6,0,6,26.242280022124774,120.0,262.4228002212477
L2_3C24L,904,104,333.113,24,24,279.3457922935486,8,0,18,18.847351394113865,100.0,188.47351394113866
L2_3C24L,905,105,305.358,24,24,286.24406576156616,4,0,7,9.18644930436772,120.0,91.86449304367719
L2_3C24L,906,106,305.217,24,24,262.4092960357666,8,0,8,18.635654999070262,140.0,186.35654999070263
L2_3C24L,907,107,360.035,24,24,251.54003143310547,8,0,24,13.199904133654265,170.0,131.99904133654266
L2_3C24L,908,108,417.025,24,24,264.88418102264404,6,0,21,23.71939486274723,140.0,237.1939486274723
L2_3C24L,909,109,301.75,24,24,263.1683073043823,12,0,9,19.438969158845453,110.0,194.3896915884545
L2_3C24L,910,110,314.929,24,24,274.79207038879395,7,0,8,17.359758687898697,120.0,173.59758687898693
L2_3C24L,911,101,259.52,24,24,293.001428604126,1,0,2,11.661915931967076,130.0,116.61915931967074
L2_3C24L,912,102,293.23,24,24,289.9688386917114,5,0,8,15.103837577901581,100.0,151.03837577901578
L2_3C24L,913,103,317.455,24,24,254.8467378616333,8,0,10,20.510864398441857,160.0,205.1086439844186
L2_3C24L,914,104,282.084,24,24,292.9209814071655,5,0,9,18.59673071884591,90.0,185.9673071884591
L2_3C24L,915,105,378.837,24,24,287.19933557510376,1,0,21,12.668841627101894,130.0,126.68841627101895
L2_3C24L,916,106,287.266,24,24,257.32090854644775,11,0,4,27.263620292030303,130.0,272.63620292030305
L2_3C24L,917,107,374.762,24,24,247.99522829055786,9,0,16,15.01589909893664,170.0,150.1589909893664
L2_3C24L,918,108,377.657,24,24,269.43446826934814,4,0,19,20.21841273270939,150.0,202.18412732709393
L2_3C24L,919,109,509.818,24,24,268.1590619087219,4,0,42,31.136458333207067,130.0,311.36458333207065
L2_3C24L,920,110,305.847,24,24,278.06904315948486,6,0,8,16.436500547099712,120.0,164.36500547099712
L2_3C24L,921,101,374.969,24,24,291.1398196220398,0,0,19,14.533912247762277,130.0,145.33912247762277
L2_3C24L,922,102,287.787,24,24,277.8824415206909,6,0,3,22.058522318454475,120.0,220.58522318454476
L2_3C24L,923,103,306.742,24,24,262.2568473815918,7,0,10,19.143845645187497,150.0,191.4384564518749
L2_3C24L,924,104,264.562,24,24,300.47250747680664,2,0,2,15.091632052298467,100.0,150.91632052298465
L2_3C24L,925,105,324.497,24,24,280.982949256897,3,0,14,10.056804727337742,140.0,100.56804727337743
L2_3C24L,926,106,269.733,24,24,273.04043769836426,8,0,3,19.86518020957821,120.0,198.6518020957821
L2_3C24L,927,107,412.377,24,24,254.89993834495544,10,0,32,12.000193626949812,140.0,120.00193626949812
L2_3C24L,928,108,285.24,24,24,277.2746057510376,9,0,6,20.751305936677717,100.0,207.51305936677716
L2_3C24L,929,109,273.343,24,24,263.1902313232422,13,0,3,16.032562557818753,110.0,160.3256255781875
L2_3C24L,930,110,325.725,24,24,283.1054172515869,3,0,9,16.31524605693615,130.0,163.15246056936155
L2_3C24L,931,101,247.439,24,24,303.11928939819336,3,0,3,9.602364029917423,90.0,96.02364029917426
L2_3C24L,932,102,361.404,24,24,295.45807361602783,4,0,25,21.806424574656567,80.0,218.0642457465657
L2_3C24L,933,103,336.395,24,24,272.5229471921921,3,0,16,19.923471423292742,150.0,199.23471423292742
L2_3C24L,934,104,275.473,24,24,292.5356969833374,8,0,8,19.881009666749954,70.0,198.81009666749952
L2_3C24L,935,105,304.94,24,24,282.67115783691406,4,0,9,9.429457423146694,130.0,94.29457423146694
L2_3C24L,936,106,394.376,24,24,278.00518226623535,3,0,13,23.316045728296093,130.0,233.16045728296086
L2_3C24L,937,107,362.495,24,24,259.85952615737915,8,0,26,12.134900598439533,150.0,121.3490059843953
L2_3C24L,938,108,308.237,24,24,264.73003005981445,5,0,7,19.233209577842654,160.0,192.33209577842655
L2_3C24L,939,109,325.208,24,24,256.59843397140503,9,0,13,18.00518035188488,150.0,180.05180351884889
L2_3C24L,940,110,280.067,24,24,286.27914476394653,4,0,4,15.736164600463363,120.0,157.36164600463366
L2_3C24L,941,101,317.678,24,24,301.41834449768066,0,0,10,11.938853189469077,110.0,119.3885318946908
L2_3C24L,942,102,313.7,24,24,266.8818941116333,7,0,11,17.060354173429566,140.0,170.60354173429567
L2_3C24L,943,103,337.06,24,24,264.243097782135,6,0,11,22.52301392208373,150.0,225.23013922083723
L2_3C24L,944,104,367.219,24,24,277.08791732788086,8,0,13,21.37360822894022,100.0,213.73608228940216
L2_3C24L,945,105,278.859,24,24,286.8646469116211,3,0,7,8.784513148960217,130.0,87.84513148960218
L2_3C24L,946,106,294.646,24,24,282.1202630996704,2,0,7,21.265761557177473,140.0,212.6576155717747
L2_3C24L,947,107,380.967,24,24,272.4199752807617,7,0,34,15.266746019920785,120.0,152.66746019920785
L2_3C24L,948,108,316.247,24,24,257.43621349334717,9,0,6,20.212616827224558,150.0,202.1261682722455
L2_3C24L,949,109,362.538,24,24,270.95076751708984,4,0,29,15.164112459097451,150.0,151.64112459097456
L2_3C24L,950,110,354.758,24,24,272.0101592540741,5,0,21,14.966119722465143,140.0,149.66119722465143
L2_3C24L,951,101,342.538,24,24,295.205379486084,1,0,19,12.648734380879244,110.0,126.48734380879245
L2_3C24L,952,102,268.409,24,24,275.6609139442444,8,0,10,19.463625947671197,110.0,194.63625947671204
L2_3C24L,953,103,352.473,24,24,273.804395198822,5,0,18,22.318682574640764,130.0,223.1868257464076
L2_3C24L,954,104,332.147,24,24,281.0526599884033,6,0,21,19.82444209691716,110.0,198.24442096917156
L2_3C24L,955,105,304.94,24,24,282.67115783691406,4,0,10,9.429457423146694,130.0,94.29457423146694
L2_3C24L,956,106,285.379,24,24,282.69929695129395,4,0,12,21.00234125277085,120.0,210.02341252770847
L2_3C24L,957,107,406.56,24,24,269.82908058166504,7,0,28,10.56970107221439,130.0,105.69701072214386
L2_3C24L,958,108,371.727,24,24,262.1591167449951,7,0,18,14.469603161447566,150.0,144.6960316144757
L2_3C24L,959,109,327.186,24,24,289.28848695755005,0,0,17,15.705002973041728,130.0,157.05002973041726
L2_3C24L,960,110,350.315,24,24,277.36875104904175,5,0,20,10.437499587653592,130.0,104.3749958765359
L2_3C24L,961,101,344.607,24,24,294.62282276153564,0,0,12,21.257215894115546,120.0,212.5721589411555
L2_3C24L,962,102,303.408,24,24,280.20897579193115,4,0,8,15.970067946675544,130.0,159.70067946675542
L2_3C24L,963,103,336.201,24,24,281.3424801826477,1,0,11,23.85839447983222,140.0,238.58394479832225
L2_3C24L,964,104,282.133,24,24,277.74376106262207,8,0,8,15.854126152828707,110.0,158.5412615282871
L2_3C24L,965,105,314.998,24,24,283.29844307899475,5,0,16,9.005146427694507,120.0,90.05146427694508
L2_3C24L,966,106,275.304,24,24,286.7477149963379,4,0,9,20.8409478763618,110.0,208.40947876361798
L2_3C24L,967,107,526.007,24,24,257.6817855834961,5,0,30,16.06071054382743,160.0,160.6071054382743
L2_3C24L,968,108,301.382,24,24,275.03333854675293,4,0,12,21.555525594186633,140.0,215.5552559418663
L2_3C24L,969,109,302.204,24,24,281.0329704284668,6,0,6,19.890070685838293,110.0,198.90070685838288
L2_3C24L,970,110,350.315,24,24,277.3687410354614,5,0,16,10.437499587653592,130.0,104.3749958765359
L2_3C24L,971,101,264.235,24,24,295.9242248535156,0,0,3,10.252539878113094,130.0,102.52539878113092
L2_3C24L,972,102,313.635,24,24,276.93048572540283,5,0,8,16.898356871399837,130.0,168.98356871399835
L2_3C24L,973,103,271.035,24,24,262.7142276763916,7,0,9,19.28591302852418,150.0,192.85913028524183
L2_3C24L,974,104,367.293,24,24,259.39850330352783,9,0,17,17.004975003395714,140.0,170.04975003395717
L2_3C24L,975,105,324.497,24,24,280.982949256897,3,0,16,10.056804727337742,140.0,100.56804727337743
L2_3C24L,976,106,356.702,24,24,260.1152136325836,8,0,18,19.6159337216207,140.0,196.15933721620704
L2_3C24L,977,107,334.003,24,24,274.5381329059601,8,0,9,16.539552444446514,110.0,165.39552444446517
L2_3C24L,978,108,291.574,24,24,267.9848737716675,7,0,5,18.3837329976478,140.0,183.837329976478
L2_3C24L,979,109,326.775,24,24,280.4984178543091,4,0,6,15.005279365139348,130.0,150.05279365139353
L2_3C24L,980,110,288.585,24,24,276.71657943725586,6,0,4,14.278054485310257,130.0,142.78054485310258
L2_3C24L,981,101,264.235,24,24,296.9060916900635,1,0,3,10.312979800717716,120.0,103.12979800717714
L2_3C24L,982,102,308.612,24,24,281.9632844924927,4,0,3,28.455728988222017,120.0,284.5572898822202
L2_3C24L,983,103,279.026,24,24,281.6749505996704,6,0,6,22.75017620793183,110.0,227.50176207931835
L2_3C24L,984,104,354.496,24,24,271.2900424003601,10,0,27,15.69983298090126,100.0,156.99832980901257
L2_3C24L,985,105,314.599,24,24,282.3343105316162,4,0,13,8.885631375782637,130.0,88.85631375782636
L2_3C24L,986,106,293.234,24,24,284.8096914291382,4,0,4,18.96768580545541,120.0,189.67685805455412
L2_3C24L,987,107,362.034,24,24,269.8435182571411,10,0,15,12.188267009764285,110.0,121.88267009764284
L2_3C24L,988,108,343.767,24,24,268.93577671051025,6,0,8,30.21405332459534,130.0,302.1405332459534
L2_3C24L,989,109,372.991,24,24,276.1750283241272,3,0,8,21.083207095043818,140.0,210.83207095043824
L2_3C24L,990,110,280.354,24,24,278.1298370361328,8,0,3,16.233878932110265,110.0,162.33878932110267
L2_3C24L,991,101,316.778,24,24,293.69225215911865,4,0,9,11.025782810342424,100.0,110.25782810342422
L2_3C24L,992,102,306.505,24,24,284.3042850494385,4,0,6,20.65235128470167,120.0,206.5235128470167
L2_3C24L,993,103,397.306,24,24,278.42433166503906,2,0,23,18.585555702503346,140.0,185.85555702503342
L2_3C24L,994,104,275.473,24,24,292.5356969833374,8,0,8,19.881009666749954,70.0,198.81009666749952
L2_3C24L,995,105,294.985,24,24,290.22564220428467,4,0,11,9.247821170550107,110.0,92.47821170550107
L2_3C24L,996,106,335.413,24,24,283.53675365448,5,0,11,26.54413698867426,100.0,265.4413698867427
L2_3C24L,997,107,319.616,24,24,244.37026357650757,13,0,9,20.432448164363414,150.0,204.3244816436341
L2_3C24L,998,108,307.918,24,24,274.7376928329468,6,0,6,19.207644083201657,130.0,192.07644083201657
L2_3C24L,999,109,337.316,24,24,263.5810947418213,8,0,7,18.062989319215184,140.0,180.62989319215183
L2_3C24L,1000,110,350.315,24,24,281.3710117340088,5,0,14,10.429927291155552,120.0,104.29927291155549
L3_4C36L,1,101,434.689,36,36,388.52744579315186,2,0,63,26.575172662603315,160.0,265.7517266260331
L3_4C36L,2,102,308.69,36,36,367.2725694179535,12,0,17,17.424761552430283,160.0,174.2476155243028
L3_4C36L,3,103,404.673,36,36,369.6421136856079,10,0,42,21.19294576521024,150.0,211.92945765210237
L3_4C36L,4,104,350.074,36,36,378.34072971343994,13,0,14,15.530888495536834,130.0,155.30888495536828
L3_4C36L,5,105,373.143,36,36,359.7643156051636,12,0,30,9.118938345173875,180.0,91.18938345173876
L3_4C36L,6,106,449.082,36,36,336.71720790863037,17,0,35,40.94264428113943,170.0,409.4264428113943
L3_4C36L,7,107,424.339,36,36,362.4382882118225,15,0,34,21.872356534290336,140.0,218.72356534290333
L3_4C36L,8,108,282.252,36,36,418.5241470336914,4,0,10,14.919486637859894,100.0,149.19486637859896
L3_4C36L,9,109,385.134,36,36,361.49932289123535,11,0,31,18.33557704461287,180.0,183.3557704461287
L3_4C36L,10,110,339.59,36,36,385.02195024490356,5,0,10,13.26015719973363,170.0,132.60157199733632
L3_4C36L,11,101,422.702,36,36,366.7204189300537,7,0,42,29.26527052744658,180.0,292.6527052744658
L3_4C36L,12,102,343.232,36,36,387.71310329437256,8,0,27,14.289667176262958,140.0,142.89667176262955
L3_4C36L,13,103,441.077,36,36,358.8086938858032,5,0,29,27.304338533881587,220.0,273.0433853388159
L3_4C36L,14,104,295.42,36,36,411.6065273284912,5,0,9,12.978229176171922,110.0,129.78229176171922
L3_4C36L,15,105,474.247,36,36,350.9758777618408,10,0,41,16.747079169621916,200.0,167.47079169621918
L3_4C36L,16,106,320.877,36,36,387.3514585494995,6,0,18,22.1617940485744,150.0,221.617940485744
L3_4C36L,17,107,518.818,36,36,368.99336767196655,7,0,80,26.68877222270658,160.0,266.8877222270658
L3_4C36L,18,108,405.098,36,36,376.561448097229,7,0,12,34.79518273068436,160.0,347.9518273068436
L3_4C36L,19,109,414.118,36,36,365.35944056510925,8,0,34,22.135184258748403,180.0,221.35184258748407
L3_4C36L,20,110,291.923,36,36,385.7120819091797,7,0,10,12.626397502291104,160.0,126.26397502291107
L3_4C36L,21,101,366.641,36,36,381.5823359489441,6,0,28,28.058879549644082,160.0,280.5887954964408
L3_4C36L,22,102,389.107,36,36,376.32934308052063,10,0,39,12.235540624190193,150.0,122.35540624190187
L3_4C36L,23,103,348.791,36,36,347.49761867523193,14,0,19,25.007949882940604,190.0,250.079498829406
L3_4C36L,24,104,357.006,36,36,362.0397448539734,17,0,27,23.200847908365677,130.0,232.00847908365677
L3_4C36L,25,105,607.965,36,36,336.76516103744507,11,0,60,20.782813935956064,210.0,207.82813935956062
L3_4C36L,26,106,298.677,36,36,375.67761611938477,8,0,16,29.407953057857373,160.0,294.07953057857384
L3_4C36L,27,107,401.903,36,36,360.3608727455139,11,0,39,28.797083748386115,170.0,287.97083748386115
L3_4C36L,28,108,501.994,36,36,327.08597326278687,15,0,34,39.713433270921676,210.0,397.1343327092168
L3_4C36L,29,109,422.32,36,36,350.3005132675171,12,0,40,38.99827697962248,180.0,389.98276979622483
L3_4C36L,30,110,385.302,36,36,369.16988372802734,12,0,27,9.433725887141504,160.0,94.33725887141506
L3_4C36L,31,101,361.82,36,36,384.6221160888672,6,0,18,24.592944249924926,160.0,245.92944249924923
L3_4C36L,32,102,340.088,36,36,366.91272163391113,10,0,26,20.290926812597384,170.0,202.90926812597382
L3_4C36L,33,103,484.398,36,36,364.5527424812317,5,0,40,21.490858872159755,200.0,214.90858872159757
L3_4C36L,34,104,447.41,36,36,371.4681987762451,12,0,23,35.10598851331203,130.0,351.05988513312025
L3_4C36L,35,105,442.51,36,36,370.9192895889282,7,0,38,20.269024299046958,170.0,202.69024299046956
L3_4C36L,36,106,331.51,36,36,391.0320920944214,9,0,23,19.8930270790538,120.0,198.93027079053797
L3_4C36L,37,107,394.702,36,36,364.7351744174957,12,0,37,24.216085712011147,150.0,242.16085712011147
L3_4C36L,38,108,312.064,36,36,378.76581287384033,10,0,14,24.11393978661926,140.0,241.13939786619267
L3_4C36L,39,109,444.379,36,36,356.41816663742065,12,0,45,25.272777123906796,170.0,252.72777123906798
L3_4C36L,40,110,375.393,36,36,360.9270098209381,9,0,23,13.576655347707012,200.0,135.76655347707015
L3_4C36L,41,101,328.557,36,36,396.8215217590332,4,0,26,13.928258028790653,150.0,139.28258028790654
L3_4C36L,42,102,368.771,36,36,393.21047019958496,8,0,32,15.965103977410225,120.0,159.65103977410223
L3_4C36L,43,103,427.476,36,36,355.39298725128174,8,0,23,22.023377514076312,210.0,220.23377514076304
L3_4C36L,44,104,354.045,36,36,375.84160804748535,11,0,21,25.527974396439674,140.0,255.27974396439674
L3_4C36L,45,105,425.71,36,36,364.648802280426,9,0,34,14.503992412722322,180.0,145.03992412722326
L3_4C36L,46,106,376.47,36,36,351.5091586112976,19,0,39,31.63613520329238,130.0,316.3613520329238
L3_4C36L,47,107,628.549,36,36,356.90661907196045,8,0,70,23.64460169416269,180.0,236.44601694162682
L3_4C36L,48,108,383.183,36,36,351.73566818237305,9,0,27,30.88110780701656,210.0,308.8110780701656
L3_4C36L,49,109,480.972,36,36,358.02390003204346,14,0,67,26.58700763130385,140.0,265.8700763130386
L3_4C36L,50,110,327.78,36,36,392.5133686065674,4,0,25,13.288755399695484,160.0,132.88755399695486
L3_4C36L,51,101,435.48,36,36,391.4666938781738,3,0,45,31.777683160701905,150.0,317.776831607019
L3_4C36L,52,102,356.714,36,36,354.45900321006775,15,0,28,28.469991911305783,160.0,284.6999191130579
L3_4C36L,53,103,446.11,36,36,380.53020191192627,2,0,36,18.23264696658519,190.0,182.32646966585187
L3_4C36L,54,104,412.166,36,36,354.62688732147217,19,0,31,21.243685595406983,130.0,212.43685595406984
L3_4C36L,55,105,374.171,36,36,370.5069389343262,7,0,16,9.976863387234822,190.0,99.7686338723482
L3_4C36L,56,106,344.541,36,36,336.73401641845703,18,0,20,34.21994535426579,180.0,342.199453542658
L3_4C36L,57,107,525.84,36,36,373.1125464439392,8,0,45,22.95817857773472,150.0,229.58178577734722
L3_4C36L,58,108,362.282,36,36,388.36155891418457,5,0,20,15.461473270934968,160.0,154.61473270934965
L3_4C36L,59,109,425.009,36,36,362.23591661453247,11,0,46,29.213599691776764,160.0,292.13599691776767
L3_4C36L,60,110,365.088,36,36,345.23380947113037,14,0,24,15.887315312557687,200.0,158.87315312557686
L3_4C36L,61,101,524.63,36,36,377.03113985061646,1,0,82,26.562885311973904,190.0,265.62885311973895
L3_4C36L,62,102,353.622,36,36,366.4674139022827,12,0,20,20.108615039622116,160.0,201.08615039622114
L3_4C36L,63,103,462.804,36,36,370.54279232025146,2,0,33,24.857373388597093,210.0,248.57373388597088
L3_4C36L,64,104,352.771,36,36,379.37595558166504,11,0,15,18.74681440301258,140.0,187.4681440301258
L3_4C36L,65,105,381.911,36,36,343.9335718154907,18,0,32,20.221430442385305,170.0,202.21430442385304
L3_4C36L,66,106,433.516,36,36,349.66834831237793,15,0,33,37.77218276442131,160.0,377.72182764421314
L3_4C36L,67,107,401.94,36,36,348.7713031768799,14,0,24,30.762329736670985,180.0,307.62329736670983
L3_4C36L,68,108,380.413,36,36,371.9496970176697,6,0,29,33.500998621120466,180.0,335.0099862112047
L3_4C36L,69,109,463.346,36,36,364.76157999038696,9,0,59,27.461416619712452,170.0,274.6141661971245
L3_4C36L,70,110,303.892,36,36,369.42862129211426,12,0,17,10.237927153220754,160.0,102.37927153220757
L3_4C36L,71,101,429.648,36,36,380.3790555000305,6,0,34,25.40315919165375,160.0,254.03159191653748
L3_4C36L,72,102,398.971,36,36,352.6964774131775,8,0,32,19.345072248163873,220.0,193.45072248163876
L3_4C36L,73,103,506.023,36,36,353.9608235359192,3,0,45,30.130595356594984,230.0,301.30595356594984
L3_4C36L,74,104,329.673,36,36,387.9656162261963,11,0,11,16.781259361061565,120.0,167.81259361061566
L3_4C36L,75,105,378.719,36,36,396.4325828552246,5,0,33,8.55806132031695,140.0,85.5806132031695
L3_4C36L,76,106,378.78,36,36,351.866099357605,18,0,25,27.112989710532666,140.0,271.12989710532673
L3_4C36L,77,107,457.446,36,36,342.2276830673218,12,0,48,19.24106577210486,210.0,192.41065772104855
L3_4C36L,78,108,382.298,36,36,376.8948040008545,6,0,23,23.683984291260813,170.0,236.83984291260816
L3_4C36L,79,109,439.819,36,36,346.8823103904724,18,0,35,23.725638508671615,150.0,237.25638508671622
L3_4C36L,80,110,329.262,36,36,386.5465660095215,4,0,14,13.178101864575627,180.0,131.78101864575626
L3_4C36L,81,101,467.732,36,36,378.8995089530945,1,0,52,22.001639386120104,190.0,220.0163938612011
L3_4C36L,82,102,304.61,36,36,338.3428497314453,24,0,18,13.857168111780217,150.0,138.57168111780214
L3_4C36L,83,103,558.494,36,36,331.71152114868164,8,0,60,34.29492192436936,240.0,342.9492192436937
L3_4C36L,84,104,406.743,36,36,369.79125690460205,10,0,34,29.029140994553405,150.0,290.291409945534
L3_4C36L,85,105,373.412,36,36,359.7081460952759,11,0,18,20.972836776102575,180.0,209.72836776102577
L3_4C36L,86,106,356.007,36,36,354.1226682662964,17,0,24,22.924434539461963,150.0,229.2443453946197
L3_4C36L,87,107,724.427,36,36,343.8074450492859,7,0,86,43.975180101319395,190.0,439.7518010131938
L3_4C36L,88,108,351.582,36,36,371.89733028411865,8,0,21,13.675552024866928,180.0,136.75552024866928
L3_4C36L,89,109,404.025,36,36,350.20011854171753,11,0,31,22.666281877969013,190.0,226.66281877969016
L3_4C36L,90,110,328.086,36,36,373.98187255859375,11,0,16,11.72707897382246,160.0,117.27078973822458
L3_4C36L,91,101,363.558,36,36,394.54734802246094,3,0,33,16.508842589684438,160.0,165.08842589684437
L3_4C36L,92,102,333.835,36,36,378.0397846698761,11,0,20,16.53405078854197,140.0,165.34050788541967
L3_4C36L,93,103,487.067,36,36,335.22153425216675,13,0,43,25.928209419800837,210.0,259.28209419800834
L3_4C36L,94,104,308.752,36,36,381.362229347229,10,0,16,17.12589763845379,140.0,171.2589763845379
L3_4C36L,95,105,409.023,36,36,346.47030234336853,17,0,40,15.098981335141204,170.0,150.98981335141207
L3_4C36L,96,106,501.211,36,36,369.0375328063965,4,0,41,36.5415748598715,180.0,365.4157485987151
L3_4C36L,97,107,414.703,36,36,332.480197429657,20,0,70,18.399328902101875,170.0,183.9932890210187
L3_4C36L,98,108,317.485,36,36,379.0898857116699,6,0,11,18.03371368276829,180.0,180.3371368276829
L3_4C36L,99,109,424.545,36,36,354.58073472976685,15,0,44,21.39755333756689,150.0,213.975533375669
L3_4C36L,100,110,364.032,36,36,370.5283422470093,9,0,16,14.905509126346601,180.0,149.055091263466
L3_4C36L,101,101,353.552,36,36,406.4489231109619,2,0,24,11.836920444497913,140.0,118.36920444497913
L3_4C36L,102,102,344.946,36,36,373.31131744384766,11,0,23,18.96228375981012,150.0,189.6228375981012
L3_4C36L,103,103,409.246,36,36,352.96818447113037,11,0,33,26.772738649681326,190.0,267.7273864968132
L3_4C36L,104,104,397.578,36,36,382.4876708984375,9,0,17,21.707780306808388,140.0,217.07780306808397
L3_4C36L,105,105,427.279,36,36,316.6644015312195,17,0,20,21.118659123408506,240.0,211.186591234085
L3_4C36L,106,106,359.659,36,36,384.5525846481323,9,0,25,28.15804331004852,130.0,281.58043310048515
L3_4C36L,107,107,556.82,36,36,365.76185512542725,9,0,58,17.460481960360287,160.0,174.60481960360283
L3_4C36L,108,108,353.15,36,36,390.5151710510254,4,0,20,18.282774053205006,160.0,182.82774053205006
L3_4C36L,109,109,437.586,36,36,368.99701499938965,9,0,35,26.67661186259048,160.0,266.76611862590477
L3_4C36L,110,110,348.226,36,36,371.45869636535645,9,0,13,25.13765620113438,170.0,251.37656201134382
L3_4C36L,111,101,328.49,36,36,394.58732509613037,7,0,24,14.70891529184136,130.0,147.08915291841362
L3_4C36L,112,102,340.315,36,36,381.2677354812622,11,0,27,19.10754140859402,130.0,191.0754140859402
L3_4C36L,113,103,531.476,36,36,344.8251066207886,13,0,62,27.249649015447595,180.0,272.4964901544759
L3_4C36L,114,104,303.801,36,36,381.75780296325684,12,0,9,15.807316091536054,130.0,158.07316091536052
L3_4C36L,115,105,385.222,36,36,356.3776345252991,11,0,30,15.407873400264423,190.0,154.07873400264424
L3_4C36L,116,106,319.588,36,36,356.1025199890137,15,0,20,24.658265443895644,160.0,246.58265443895638
L3_4C36L,117,107,353.014,36,36,367.7719612121582,14,0,30,20.76012678853511,140.0,207.60126788535106
L3_4C36L,118,108,314.582,36,36,379.8365077972412,10,0,15,13.878311784573617,150.0,138.78311784573614
L3_4C36L,119,109,531.579,36,36,344.4614715576172,11,0,56,21.795104100583625,200.0,217.95104100583626
L3_4C36L,120,110,338.617,36,36,376.64699029922485,6,0,11,11.176709362138883,190.0,111.76709362138882
L3_4C36L,121,101,364.231,36,36,400.84421968460083,0,0,26,17.18594194260368,160.0,171.85941942603688
L3_4C36L,122,102,349.631,36,36,373.93383979797363,6,0,17,30.220537477177018,180.0,302.20537477177015
L3_4C36L,123,103,447.833,36,36,349.364538192749,9,0,41,25.451535962214145,210.0,254.51535962214146
L3_4C36L,124,104,395.69,36,36,348.41441822052,14,0,26,18.61859230444139,190.0,186.18592304441387
L3_4C36L,125,105,365.449,36,36,386.8656873703003,4,0,24,13.78104826414858,170.0,137.81048264148583
L3_4C36L,126,106,378.782,36,36,344.9505648612976,14,0,22,30.16478604656556,190.0,301.6478604656556
L3_4C36L,127,107,508.441,36,36,365.61502599716187,7,0,45,24.6165696651089,180.0,246.16569665108904
L3_4C36L,128,108,389.536,36,36,377.6680817604065,7,0,27,17.77306073491231,160.0,177.7306073491231
L3_4C36L,129,109,505.229,36,36,358.9187355041504,11,0,58,26.93755150204122,160.0,269.3755150204122
L3_4C36L,130,110,433.279,36,36,359.74789094924927,13,0,33,10.84037579135802,170.0,108.40375791358018
L3_4C36L,131,101,346.057,36,36,392.0958080291748,5,0,24,18.01396904508359,150.0,180.13969045083587
L3_4C36L,132,102,330.01,36,36,363.46333503723145,14,0,21,23.455554851765946,150.0,234.55554851765945
L3_4C36L,133,103,505.357,36,36,354.44384765625,3,0,48,30.187172193654636,230.0,301.87172193654635
L3_4C36L,134,104,387.824,36,36,368.41396856307983,15,0,20,21.953438640678293,130.0,219.53438640678291
L3_4C36L,135,105,383.793,36,36,364.3159010410309,10,0,30,12.280319678511477,180.0,122.80319678511476
L3_4C36L,136,106,331.064,36,36,363.9564037322998,11,0,21,25.145312113961644,170.0,251.45312113961648
L3_4C36L,137,107,482.664,36,36,349.8673219680786,13,0,39,37.10892346210946,170.0,371.08923462109453
L3_4C36L,138,108,371.697,36,36,366.276517868042,10,0,23,25.744938050145656,170.0,257.4493805014566
L3_4C36L,139,109,597.29,36,36,367.2794179916382,6,0,86,22.40193519662032,170.0,224.0193519662032
L3_4C36L,140,110,328.893,36,36,380.60579442977905,8,0,17,12.98067186443598,160.0,129.80671864435982
L3_4C36L,141,101,568.672,36,36,340.19884490966797,8,0,50,39.33718913823342,220.0,393.37189138233407
L3_4C36L,142,102,317.927,36,36,382.0002784729004,10,0,14,19.9990675838318,140.0,199.99067583831797
L3_4C36L,143,103,615.636,36,36,335.2214102745056,8,0,50,42.595289599714256,220.0,425.9528959971425
L3_4C36L,144,104,383.519,36,36,379.1757297515869,10,0,28,16.0808733330154,140.0,160.80873333015396
L3_4C36L,145,105,427.155,36,36,373.2531428337097,6,0,36,17.489538366800815,180.0,174.89538366800815
L3_4C36L,146,106,375.608,36,36,359.4192190170288,12,0,18,28.602619028167027,170.0,286.0261902816702
L3_4C36L,147,107,485.188,36,36,357.64199781417847,5,0,60,31.193333978671642,210.0,311.9333397867164
L3_4C36L,148,108,341.405,36,36,369.469181060791,9,0,14,18.43605263268577,180.0,184.36052632685772
L3_4C36L,149,109,627.824,36,36,359.43856143951416,7,0,77,18.53811696560337,180.0,185.38116965603365
L3_4C36L,150,110,350.175,36,36,360.51427602767944,9,0,22,14.952423221697828,200.0,149.52423221697825
L3_4C36L,151,101,375.266,36,36,392.4238886833191,5,0,32,15.253714817928062,150.0,152.53714817928068
L3_4C36L,152,102,400.147,36,36,348.4770715236664,15,0,40,15.076438587543684,180.0,150.76438587543686
L3_4C36L,153,103,442.496,36,36,341.50031423568726,10,0,40,34.99896619991266,220.0,349.9896619991266
L3_4C36L,154,104,404.477,36,36,376.45556831359863,7,0,39,21.814768079847976,160.0,218.14768079847974
L3_4C36L,155,105,425.066,36,36,372.277530670166,5,0,29,15.74157009146376,190.0,157.4157009146376
L3_4C36L,156,106,319.226,36,36,380.77454924583435,7,0,20,22.418175329493554,160.0,224.18175329493565
L3_4C36L,157,107,368.074,36,36,356.6390881538391,15,0,52,14.536353819685631,160.0,145.36353819685633
L3_4C36L,158,108,354.008,36,36,381.1285877227783,5,0,14,19.57135504865801,180.0,195.71355048658017
L3_4C36L,159,109,387.893,36,36,358.98355293273926,11,0,28,26.721475683398438,180.0,267.21475683398444
L3_4C36L,160,110,394.422,36,36,354.47349405288696,14,0,22,11.755016936357173,180.0,117.55016936357171
L3_4C36L,161,101,399.159,36,36,373.45932245254517,8,0,30,15.135598003154511,170.0,151.3559800315451
L3_4C36L,162,102,354.488,36,36,351.28123140335083,14,0,23,22.395904246034828,180.0,223.9590424603483
L3_4C36L,163,103,414.795,36,36,380.3265223503113,7,0,29,22.24491920966688,150.0,222.44919209666884
L3_4C36L,164,104,462.254,36,36,382.5694947242737,8,0,40,31.435006831761783,130.0,314.3500683176178
L3_4C36L,165,105,457.74,36,36,350.8053197860718,8,0,24,17.31558908827149,220.0,173.1558908827149
L3_4C36L,166,106,396.702,36,36,363.7335801124573,14,0,33,27.55473441067668,140.0,275.54734410676684
L3_4C36L,167,107,402.024,36,36,381.8183364868164,7,0,39,17.272203798272507,150.0,172.72203798272506
L3_4C36L,168,108,352.846,36,36,377.17019414901733,6,0,16,16.099362451331288,180.0,160.99362451331285
L3_4C36L,169,109,413.2,36,36,332.09715509414673,18,0,43,26.34282287193501,190.0,263.4282287193501
L3_4C36L,170,110,356.015,36,36,363.9957580566406,9,0,17,23.347453495925887,190.0,233.47453495925885
L3_4C36L,171,101,358.539,36,36,372.0599536895752,7,0,17,16.46682114753023,190.0,164.6682114753023
L3_4C36L,172,102,339.13,36,36,368.48433542251587,12,0,15,18.385535935119847,160.0,183.85535935119842
L3_4C36L,173,103,368.723,36,36,360.90584325790405,9,0,26,20.313854010928814,190.0,203.13854010928824
L3_4C36L,174,104,338.192,36,36,364.68369340896606,13,0,24,16.0543691272036,160.0,160.54369127203606
L3_4C36L,175,105,521.039,36,36,339.2817716598511,17,0,44,19.060769276051538,170.0,190.60769276051542
L3_4C36L,176,106,412.178,36,36,369.17588090896606,6,0,29,31.08041605885717,180.0,310.80416058857173
L3_4C36L,177,107,480.668,36,36,362.40628480911255,6,0,41,25.31239546015021,200.0,253.12395460150208
L3_4C36L,178,108,313.565,36,36,355.5409183502197,14,0,15,14.863595011140031,180.0,148.63595011140026
L3_4C36L,179,109,478.073,36,36,358.1710376739502,5,0,45,31.096547719556092,210.0,310.96547719556094
L3_4C36L,180,110,323.184,36,36,374.4058790206909,10,0,11,18.647064309999287,160.0,186.47064309999283
L3_4C36L,181,101,412.737,36,36,357.30643939971924,11,0,31,38.97855800719294,170.0,389.7855800719294
L3_4C36L,182,102,321.658,36,36,373.02552127838135,15,0,19,14.914922475335455,130.0,149.14922475335456
L3_4C36L,183,103,482.531,36,36,364.0471992492676,2,0,35,26.509341922013437,220.0,265.09341922013436
L3_4C36L,184,104,387.047,36,36,372.06745958328247,11,0,29,16.441809547671426,150.0,164.41809547671426
L3_4C36L,185,105,342.953,36,36,350.60193824768066,18,0,20,17.993534215777814,160.0,179.9353421577781
L3_4C36L,186,106,428.856,36,36,346.7269859313965,14,0,47,24.243390084319728,180.0,242.43390084319728
L3_4C36L,187,107,561.131,36,36,362.18673753738403,6,0,70,32.71087239009608,180.0,327.10872390096074
L3_4C36L,188,108,398.517,36,36,366.237500667572,9,0,32,15.874997587345947,180.0,158.74997587345948
L3_4C36L,189,109,331.401,36,36,339.900025844574,18,0,13,26.999897908131953,180.0,269.9989790813195
L3_4C36L,190,110,348.61,36,36,371.5979390144348,11,0,20,11.340209505253561,160.0,113.40209505253559
L3_4C36L,191,101,408.22,36,36,394.2751727104187,3,0,30,22.416101679683976,150.0,224.16101679683973
L3_4C36L,192,102,287.652,36,36,391.20019912719727,10,0,8,12.666010404637232,130.0,126.6601040463723
L3_4C36L,193,103,527.974,36,36,373.5577402114868,2,0,56,21.474206239498127,190.0,214.74206239498128
L3_4C36L,194,104,350.03,36,36,385.2678098678589,11,0,19,19.10730118353304,120.0,191.07301183533042
L3_4C36L,195,105,363.364,36,36,380.09235858917236,8,0,28,9.692141138628918,160.0,96.92141138628918
L3_4C36L,196,106,352.39,36,36,358.16674518585205,13,0,20,22.77753011650259,170.0,227.7753011650258
L3_4C36L,197,107,390.671,36,36,337.82306814193726,18,0,33,33.92309474785638,170.0,339.2309474785638
L3_4C36L,198,108,318.739,36,36,388.08470153808594,5,0,31,18.05098771655966,160.0,180.5098771655966
L3_4C36L,199,109,399.88,36,36,375.92573165893555,8,0,27,20.247548233392667,160.0,202.4754823339267
L3_4C36L,200,110,398.13,36,36,378.0789270401001,6,0,22,13.070225446471559,180.0,130.70225446471557
L3_4C36L,201,101,429.989,36,36,387.5351164340973,5,0,43,26.549614596948196,140.0,265.4961459694819
L3_4C36L,202,102,354.209,36,36,373.4317283630371,11,0,26,18.560904530925743,150.0,185.60904530925745
L3_4C36L,203,103,427.581,36,36,355.0472688674927,7,0,31,28.17578232454157,210.0,281.75782324541575
L3_4C36L,204,104,388.523,36,36,396.54777431488037,6,0,18,18.174093280314683,130.0,181.74093280314682
L3_4C36L,205,105,329.612,36,36,344.6222257614136,20,0,18,17.925921350225114,160.0,179.25921350225113
L3_4C36L,206,106,387.599,36,36,350.35283613204956,16,0,31,25.490532593467368,160.0,254.90532593467367
L3_4C36L,207,107,367.262,36,36,354.07081508636475,16,0,28,19.763945044946233,160.0,197.6394504494623
L3_4C36L,208,108,392.091,36,36,360.7402710914612,17,0,50,14.199097455687594,130.0,141.99097455687595
L3_4C36L,209,109,434.486,36,36,360.75393056869507,10,0,45,17.486893402638604,180.0,174.86893402638606
L3_4C36L,210,110,319.613,36,36,359.8376817703247,13,0,11,17.20773190603056,180.0,172.07731906030557
L3_4C36L,211,101,348.497,36,36,388.8767910003662,3,0,20,13.74401579209548,180.0,137.44015792095482
L3_4C36L,212,102,368.089,36,36,395.26504039764404,6,0,29,15.783206387944018,130.0,157.8320638794402
L3_4C36L,213,103,488.025,36,36,357.9504346847534,7,0,40,23.498559550802792,200.0,234.98559550802793
L3_4C36L,214,104,328.245,36,36,382.39395904541016,13,0,15,15.353462436490831,120.0,153.53462436490832
L3_4C36L,215,105,457.251,36,36,348.82501697540283,14,0,50,17.249952205526018,180.0,172.4995220552602
L3_4C36L,216,106,461.581,36,36,365.39968252182007,10,0,41,28.667736950041174,160.0,286.67736950041177
L3_4C36L,217,107,450.965,36,36,385.87335443496704,4,0,33,20.422149450536217,160.0,204.22149450536213
L3_4C36L,218,108,376.124,36,36,368.0015239715576,11,0,39,16.661572837542877,160.0,166.61572837542877
L3_4C36L,219,109,545.42,36,36,360.6443438529968,8,0,67,17.852192628084875,180.0,178.5219262808488
L3_4C36L,220,110,302.948,36,36,368.2388710975647,10,0,14,14.203744036082458,180.0,142.0374403608246
L3_4C36L,221,101,485.549,36,36,384.03898906707764,1,0,41,23.20337211785709,180.0,232.0337211785709
L3_4C36L,222,102,368.446,36,36,375.5688500404358,13,0,35,11.437157884685694,130.0,114.37157884685695
L3_4C36L,223,103,399.614,36,36,358.1915636062622,7,0,31,22.69479087609026,210.0,226.9479087609026
L3_4C36L,224,104,408.085,36,36,383.66338062286377,7,0,28,17.78873388242608,150.0,177.8873388242608
L3_4C36L,225,105,400.181,36,36,354.73562383651733,13,0,30,14.214584175188003,180.0,142.14584175188006
L3_4C36L,226,106,419.345,36,36,356.4153742790222,12,0,19,31.948764105592964,170.0,319.4876410559296
L3_4C36L,227,107,475.432,36,36,361.1029324531555,10,0,42,29.656901785460857,170.0,296.5690178546085
L3_4C36L,228,108,317.338,36,36,376.0724563598633,6,0,12,13.091807613592895,190.0,130.91807613592897
L3_4C36L,229,109,373.807,36,36,361.3175582885742,20,0,47,22.27479886850987,100.0,222.74798868509873
L3_4C36L,230,110,302.102,36,36,389.225040435791,4,0,12,10.916538832145273,180.0,109.16538832145274
L3_4C36L,231,101,328.499,36,36,378.45931243896484,10,0,15,18.46896149282459,150.0,184.68961492824585
L3_4C36L,232,102,376.101,36,36,371.3291039466858,12,0,24,15.569652956741297,150.0,155.69652956741294
L3_4C36L,233,103,441.311,36,36,353.97608757019043,8,0,30,20.079705587625266,210.0,200.79705587625273
L3_4C36L,234,104,439.394,36,36,376.7490177154541,10,0,23,24.169966594915945,140.0,241.6996659491594
L3_4C36L,235,105,499.211,36,36,384.18175983428955,4,0,47,12.72747228058106,160.0,127.2747228058106
L3_4C36L,236,106,386.311,36,36,361.41655921936035,14,0,28,28.611470730069172,150.0,286.1147073006918
L3_4C36L,237,107,364.876,36,36,351.25389432907104,18,0,25,15.820345623998838,150.0,158.20345623998844
L3_4C36L,238,108,270.305,36,36,394.07726287841797,9,0,6,13.075793853331541,130.0,130.75793853331538
L3_4C36L,239,109,500.797,36,36,346.20825719833374,16,0,50,32.639139694955375,150.0,326.39139694955367
L3_4C36L,240,110,375.136,36,36,364.8586587905884,12,0,32,10.47113142325419,170.0,104.71131423254188
L3_4C36L,241,101,328.488,36,36,408.9992256164551,4,0,33,11.66924660806997,120.0,116.69246608069975
L3_4C36L,242,102,350.844,36,36,364.7184591293335,14,0,24,17.60513542456042,150.0,176.0513542456042
L3_4C36L,243,103,439.513,36,36,369.9799461364746,3,0,25,23.400188033799186,210.0,234.00188033799182
L3_4C36L,244,104,422.611,36,36,375.6188921928406,12,0,30,21.270362331663282,130.0,212.70362331663284
L3_4C36L,245,105,398.12,36,36,370.0259795188904,12,0,22,13.24673195569888,150.0,132.4673195569888
L3_4C36L,246,106,309.289,36,36,367.473708152771,15,0,24,26.754302069032924,130.0,267.54302069032923
L3_4C36L,247,107,421.86,36,36,376.1016025543213,5,0,28,36.32799060490864,170.0,363.2799060490864
L3_4C36L,248,108,328.094,36,36,360.85763454437256,13,0,17,20.474566761117373,170.0,204.74566761117376
L3_4C36L,249,109,557.782,36,36,345.94608902931213,5,0,70,30.179692348588553,220.0,301.7969234858855
L3_4C36L,250,110,318.063,36,36,391.4331269264221,9,0,15,11.88957056299505,130.0,118.89570562995048
L3_4C36L,251,101,353.56,36,36,411.19308280944824,4,0,26,16.023037591292248,110.0,160.2303759129225
L3_4C36L,252,102,307.868,36,36,374.1158847808838,12,0,17,12.947047172567718,150.0,129.47047172567716
L3_4C36L,253,103,411.007,36,36,312.0342526435852,18,0,31,21.552481668546676,240.0,215.52481668546676
L3_4C36L,254,104,341.398,36,36,387.39795541763306,8,0,22,17.006801573446218,140.0,170.06801573446222
L3_4C36L,255,105,510.639,36,36,357.0497360229492,6,0,44,23.167546257088723,210.0,231.67546257088728
L3_4C36L,256,106,331.236,36,36,362.56496238708496,12,0,19,24.783443569797022,170.0,247.83443569797012
L3_4C36L,257,107,505.512,36,36,361.78807163238525,8,0,50,27.373091493845898,180.0,273.730914938459
L3_4C36L,258,108,388.108,36,36,365.3454976081848,9,0,32,25.515003178856194,170.0,255.15003178856193
L3_4C36L,259,109,472.864,36,36,360.24434423446655,12,0,52,19.185514332712085,160.0,191.85514332712086
L3_4C36L,260,110,325.51,36,36,382.66129207611084,8,0,16,12.795693502994244,160.0,127.95693502994246
L3_4C36L,261,101,359.588,36,36,356.69012689590454,12,0,22,24.36624376749598,180.0,243.6624376749598
L3_4C36L,262,102,310.026,36,36,387.5020294189453,14,0,20,14.993235794145837,100.0,149.93235794145835
L3_4C36L,263,103,425.643,36,36,347.2241611480713,9,0,31,20.91946594269253,220.0,209.19465942692526
L3_4C36L,264,104,398.591,36,36,372.27429389953613,12,0,23,25.75236456075062,140.0,257.52364560750624
L3_4C36L,265,105,433.973,36,36,369.9269423484802,6,0,35,13.576844639416048,190.0,135.7684463941605
L3_4C36L,266,106,345.658,36,36,382.4304676055908,8,0,18,20.23176904027535,150.0,202.31769040275347
L3_4C36L,267,107,377.177,36,36,368.1280746459961,10,0,26,27.906414506018375,160.0,279.06414506018376
L3_4C36L,268,108,317.207,36,36,379.03687620162964,8,0,27,18.21043161652718,160.0,182.1043161652718
L3_4C36L,269,109,414.529,36,36,347.8496422767639,12,0,30,33.83452258566998,190.0,338.3452258566998
L3_4C36L,270,110,359.145,36,36,371.11672496795654,10,0,19,16.27758033621527,170.0,162.7758033621526
L3_4C36L,271,101,353.553,36,36,403.54879570007324,5,0,42,11.504014941839054,120.0,115.04014941839054
L3_4C36L,272,102,309.685,36,36,394.4192867279053,9,0,6,21.935721207273808,120.0,219.3572120727381
L3_4C36L,273,103,439.273,36,36,359.5577850341797,5,0,31,33.14070377080924,210.0,331.4070377080924
L3_4C36L,274,104,293.02,36,36,398.5964164733887,9,0,12,16.345263266764768,110.0,163.4526326676477
L3_4C36L,275,105,399.023,36,36,348.19248604774475,14,0,32,12.691717833555522,190.0,126.9171783355552
L3_4C36L,276,106,379.408,36,36,357.9383211135864,14,0,32,20.205608343803085,160.0,202.05608343803084
L3_4C36L,277,107,424.77,36,36,393.70519733428955,5,0,32,17.649342762602675,140.0,176.49342762602674
L3_4C36L,278,108,343.2,36,36,354.7662420272827,13,0,24,22.445847969012885,180.0,224.45847969012885
L3_4C36L,279,109,595.011,36,36,350.1681127548218,7,0,63,29.43963215504268,200.0,294.39632155042676
L3_4C36L,280,110,338.717,36,36,383.91417145729065,9,0,20,11.95276069232418,150.0,119.52760692324176
L3_4C36L,281,101,394.239,36,36,381.2369475364685,7,0,33,12.543502360162183,160.0,125.43502360162185
L3_4C36L,282,102,387.505,36,36,389.76749992370605,5,0,21,24.108340625128058,150.0,241.08340625128054
L3_4C36L,283,103,483.411,36,36,370.93798899650574,3,0,38,33.540044796153644,190.0,335.4004479615364
L3_4C36L,284,104,349.955,36,36,394.8949508666992,8,0,20,18.683507283259154,120.0,186.83507283259155
L3_4C36L,285,105,356.034,36,36,355.07773208618164,17,0,26,21.407566150113535,150.0,214.07566150113536
L3_4C36L,286,106,383.976,36,36,382.71729278564453,8,0,30,24.2756849518802,140.0,242.756849518802
L3_4C36L,287,107,362.443,36,36,373.961030960083,12,0,31,23.463227770174434,140.0,234.6322777017443
L3_4C36L,288,108,311.817,36,36,400.62770652770996,4,0,6,24.574293596400317,140.0,245.7429359640032
L3_4C36L,289,109,448.258,36,36,360.24826860427856,9,0,49,24.172446399030285,180.0,241.7244639903029
L3_4C36L,290,110,354.694,36,36,381.6579885482788,10,0,24,14.473364462580243,140.0,144.7336446258024
L3_4C36L,291,101,430.933,36,36,388.3925447463989,5,0,57,22.024862934128553,140.0,220.24862934128552
L3_4C36L,292,102,403.894,36,36,384.0783905982971,6,0,20,26.405350830470077,150.0,264.0535083047007
L3_4C36L,293,103,409.682,36,36,349.57358837127686,10,0,31,28.088050082329268,210.0,280.88050082329266
L3_4C36L,294,104,491.897,36,36,354.61188220977783,8,0,47,32.960386099378354,190.0,329.6038609937837
L3_4C36L,295,105,373.791,36,36,360.42766857147217,12,0,23,11.907761589748164,180.0,119.07761589748164
L3_4C36L,296,106,400.613,36,36,374.92980194091797,9,0,47,20.233985235145514,150.0,202.33985235145514
L3_4C36L,297,107,368.977,36,36,374.3145775794983,11,0,47,15.618069565436997,140.0,156.18069565436994
L3_4C36L,298,108,282.322,36,36,374.4432487487793,12,0,12,15.189177635900666,150.0,151.89177635900666
L3_4C36L,299,109,486.078,36,36,353.04087114334106,10,0,58,23.197092889716657,190.0,231.97092889716652
L3_4C36L,300,110,422.883,36,36,362.1559991836548,12,0,31,12.813326837380107,170.0,128.1332683738011
L3_4C36L,301,101,479.576,36,36,374.60971212387085,5,0,42,27.967639049784932,170.0,279.67639049784935
L3_4C36L,302,102,347.281,36,36,386.01097679138184,8,0,27,21.630062511131566,140.0,216.30062511131567
L3_4C36L,303,103,482.102,36,36,370.18792152404785,3,0,36,22.70691682691541,200.0,227.0691682691541
L3_4C36L,304,104,554.266,36,36,347.9478163719177,15,0,49,36.840600624894556,150.0,368.4060062489455
L3_4C36L,305,105,390.857,36,36,338.9105031490326,18,0,37,16.964984138828154,180.0,169.64984138828154
L3_4C36L,306,106,393.477,36,36,353.0952136516571,12,0,39,29.68260300993277,180.0,296.82603009932774
L3_4C36L,307,107,438.538,36,36,346.52121686935425,19,0,26,34.9292667987564,140.0,349.292667987564
L3_4C36L,308,108,316.847,36,36,396.85396003723145,4,0,15,18.82013589263279,150.0,188.20135892632794
L3_4C36L,309,109,441.243,36,36,368.663565158844,9,0,50,22.788120952609702,160.0,227.88120952609702
L3_4C36L,310,110,339.509,36,36,383.1754536628723,8,0,21,16.08180661443306,150.0,160.8180661443306
L3_4C36L,311,101,373.831,36,36,388.08706855773926,3,0,25,24.70977111288176,170.0,247.09771112881762
L3_4C36L,312,102,391.977,36,36,396.3423376083374,6,0,44,12.192214513817502,130.0,121.92214513817504
L3_4C36L,313,103,430.643,36,36,378.1834545135498,0,0,30,19.3885006035102,210.0,193.88500603510195
L3_4C36L,314,104,467.454,36,36,371.1751432418823,9,0,21,32.74952982258286,150.0,327.4952982258286
L3_4C36L,315,105,434.623,36,36,350.3835816383362,11,0,36,15.388072800825146,200.0,153.88072800825148
L3_4C36L,316,106,359.687,36,36,384.3110752105713,9,0,36,22.29641463809718,130.0,222.96414638097173
L3_4C36L,317,107,438.128,36,36,380.30569314956665,7,0,44,22.314347826989934,150.0,223.14347826989933
L3_4C36L,318,108,298.358,36,36,385.01109886169434,7,0,7,19.962997565472605,160.0,199.62997565472602
L3_4C36L,319,109,425.24,36,36,352.85019397735596,14,0,50,17.166007438682676,170.0,171.66007438682675
L3_4C36L,320,110,386.054,36,36,376.1377749443054,9,0,38,9.540751117109071,160.0,95.4075111710907
L3_4C36L,321,101,369.972,36,36,341.87186765670776,14,0,30,28.760450266916596,200.0,287.604502669166
L3_4C36L,322,102,364.94,36,36,391.6918697357178,10,0,33,14.360458786865726,110.0,143.6045878686573
L3_4C36L,323,103,470.621,36,36,352.9763469696045,7,0,39,20.078845499873594,220.0,200.78845499873592
L3_4C36L,324,104,314.986,36,36,387.48608779907227,10,0,10,15.046377139552748,130.0,150.46377139552743
L3_4C36L,325,105,329.173,36,36,388.8109884262085,10,0,23,17.296715279592078,120.0,172.9671527959208
L3_4C36L,326,106,442.959,36,36,360.1809616088867,13,0,31,29.396790551162745,150.0,293.96790551162735
L3_4C36L,327,107,410.289,36,36,366.7172737121582,11,0,24,20.942401297314287,160.0,209.42401297314285
L3_4C36L,328,108,317.299,36,36,399.289644241333,3,0,15,19.03453163598634,150.0,190.34531635986338
L3_4C36L,329,109,430.856,36,36,382.31589221954346,6,0,33,25.613690219130568,150.0,256.1369021913057
L3_4C36L,330,110,301.882,36,36,379.6623525619507,6,0,6,11.125486161535814,190.0,111.25486161535811
L3_4C36L,331,101,371.437,36,36,364.01029205322266,9,0,20,31.632338743631287,180.0,316.3233874363128
L3_4C36L,332,102,318.356,36,36,364.99496126174927,15,0,14,13.350126925980195,150.0,133.50126925980192
L3_4C36L,333,103,425.321,36,36,365.0379915237427,9,0,30,19.873373256096556,180.0,198.7337325609655
L3_4C36L,334,104,363.378,36,36,366.98910999298096,16,0,18,23.369634078759148,130.0,233.69634078759145
L3_4C36L,335,105,399.431,36,36,357.02470779418945,15,0,27,13.2509782452683,160.0,132.50978245268297
L3_4C36L,336,106,309.326,36,36,351.70592403411865,17,0,15,24.313589090187534,160.0,243.13589090187537
L3_4C36L,337,107,367.67,36,36,381.708749294281,7,0,24,25.97082819716917,150.0,259.7082819716917
L3_4C36L,338,108,332.339,36,36,392.23113346099854,5,0,18,15.896198635297297,150.0,158.96198635297299
L3_4C36L,339,109,431.818,36,36,354.30900859832764,11,0,36,35.636629381174934,180.0,356.3662938117493
L3_4C36L,340,110,400.284,36,36,369.439088344574,10,0,45,8.536373628574275,170.0,85.36373628574273
L3_4C36L,341,101,308.505,36,36,419.5211658477783,5,0,20,11.596106992403291,90.0,115.96106992403291
L3_4C36L,342,102,318.171,36,36,382.9798469543457,11,0,10,20.06718504331322,130.0,200.67185043313222
L3_4C36L,343,103,468.231,36,36,332.44558906555176,12,0,39,31.84804440375401,220.0,318.48044403754017
L3_4C36L,344,104,378.996,36,36,380.86726474761963,6,0,29,23.7757717833924,160.0,237.757717833924
L3_4C36L,345,105,392.168,36,36,379.4728717803955,6,0,20,15.090439492215744,170.0,150.9043949221574
L3_4C36L,346,106,344.663,36,36,381.2675175666809,13,0,30,19.10827160455802,110.0,191.0827160455802
L3_4C36L,347,107,521.128,36,36,359.4254775047302,9,0,52,18.581743990781614,180.0,185.81743990781615
L3_4C36L,348,108,437.031,36,36,380.52140617370605,3,0,33,21.595310658340868,180.0,215.9531065834087
L3_4C36L,349,109,464.667,36,36,378.46902322769165,7,0,49,21.769945794484915,150.0,217.69945794484914
L3_4C36L,350,110,411.27,36,36,368.41763496398926,6,0,42,11.94121093226483,200.0,119.4121093226483
L3_4C36L,351,101,388.919,36,36,370.97117853164673,5,0,33,28.429410567535264,190.0,284.2941056753527
L3_4C36L,352,102,312.549,36,36,378.1241264343262,11,0,11,24.586228907623692,140.0,245.86228907623698
L3_4C36L,353,103,381.755,36,36,339.85813450813293,9,0,22,32.139571096734656,240.0,321.3957109673465
L3_4C36L,354,104,338.178,36,36,411.6194095611572,3,0,17,12.935309103403087,120.0,129.3530910340309
L3_4C36L,355,105,391.169,36,36,390.79235458374023,5,0,28,14.025470669727808,150.0,140.25470669727807
L3_4C36L,356,106,296.771,36,36,396.1390571594238,5,0,11,22.869812126311984,140.0,228.69812126311984
L3_4C36L,357,107,384.819,36,36,373.33813667297363,9,0,17,25.53953407357077,160.0,255.39534073570775
L3_4C36L,358,108,352.849,36,36,372.67153692245483,7,0,23,21.094872201294105,180.0,210.94872201294098
L3_4C36L,359,109,465.155,36,36,360.0564365386963,9,0,49,23.14521360901454,180.0,231.4521360901453
L3_4C36L,360,110,443.172,36,36,370.70025634765625,8,0,31,10.999154091172178,180.0,109.99154091172178
L3_4C36L,361,101,392.231,36,36,378.3616781234741,4,0,30,25.461087058536126,180.0,254.61087058536123
L3_4C36L,362,102,417.455,36,36,371.9135036468506,10,0,41,26.95499603725339,150.0,269.5499603725339
L3_4C36L,363,103,455.389,36,36,366.81904220581055,5,0,33,20.603200403208433,200.0,206.0320040320843
L3_4C36L,364,104,365.064,36,36,372.65862226486206,11,0,17,21.137927376998597,150.0,211.37927376998596
L3_4C36L,365,105,560.727,36,36,361.91213846206665,6,0,54,20.292878320334463,190.0,202.92878320334466
L3_4C36L,366,106,364.84,36,36,365.12465381622314,13,0,41,19.584487804625763,150.0,195.8448780462576
L3_4C36L,367,107,417.526,36,36,395.55035400390625,5,0,43,18.165488883763725,130.0,181.65488883763726
L3_4C36L,368,108,354.543,36,36,360.04901218414307,14,0,37,21.503275819208465,160.0,215.03275819208466
L3_4C36L,369,109,450.403,36,36,347.248158454895,15,0,44,25.83946911805235,160.0,258.3946911805235
L3_4C36L,370,110,376.023,36,36,368.41537141799927,12,0,24,11.948768382454647,160.0,119.48768382454647
L3_4C36L,371,101,353.628,36,36,394.53951835632324,6,0,28,13.201605839605032,140.0,132.0160583960503
L3_4C36L,372,102,382.643,36,36,356.83263206481934,15,0,32,27.224569694994877,150.0,272.24569694994875
L3_4C36L,373,103,440.225,36,36,334.0967893600464,11,0,35,29.67739568041717,230.0,296.7739568041717
L3_4C36L,374,104,472.2,36,36,359.19882345199585,11,0,43,19.33724770410101,170.0,193.37247704101003
L3_4C36L,375,105,438.468,36,36,367.59963178634644,8,0,40,14.66789251489613,180.0,146.67892514896133
L3_4C36L,376,106,464.503,36,36,352.25359535217285,13,0,33,29.154679410118113,170.0,291.5467941011811
L3_4C36L,377,107,486.182,36,36,383.3494634628296,3,0,46,18.835118098858324,170.0,188.3511809885832
L3_4C36L,378,108,297.382,36,36,394.77227783203125,6,0,10,24.092392690580557,140.0,240.92392690580562
L3_4C36L,379,109,414.574,36,36,361.35511112213135,7,0,27,25.482972924053634,200.0,254.82972924053635
L3_4C36L,380,110,359.722,36,36,376.7091341018677,8,0,19,10.969538297244048,170.0,109.69538297244047
L3_4C36L,381,101,343.829,36,36,408.5454406738281,2,0,32,13.18187665838619,130.0,131.81876658386187
L3_4C36L,382,102,330.935,36,36,393.43155908584595,9,0,26,18.561481998531615,120.0,185.61481998531616
L3_4C36L,383,103,397.656,36,36,354.5891182422638,6,0,38,33.03627564885815,220.0,330.36275648858145
L3_4C36L,384,104,381.773,36,36,382.390793800354,10,0,26,25.364037428413297,130.0,253.640374284133
L3_4C36L,385,105,419.952,36,36,359.94095945358276,14,0,37,20.196802195526853,150.0,201.96802195526857
L3_4C36L,386,106,455.874,36,36,351.00485944747925,14,0,48,36.6504518782909,160.0,366.5045187829091
L3_4C36L,387,107,364.2,36,36,385.3621439933777,6,0,22,15.459543312225266,160.0,154.59543312225267
L3_4C36L,388,108,341.145,36,36,359.73253440856934,13,0,20,17.558217901675075,170.0,175.5821790167508
L3_4C36L,389,109,400.107,36,36,368.9506788253784,9,0,26,20.164404691602645,170.0,201.64404691602638
L3_4C36L,390,110,407.009,36,36,363.6220397949219,11,0,25,11.259871026699365,180.0,112.59871026699369
L3_4C36L,391,101,329.336,36,36,374.6487410068512,11,0,24,16.170872823471075,150.0,161.70872823471078
L3_4C36L,392,102,308.178,36,36,379.84860134124756,14,0,16,15.50466110391163,120.0,155.0466110391163
L3_4C36L,393,103,433.162,36,36,372.0482120513916,4,0,40,21.50595481941802,190.0,215.0595481941802
L3_4C36L,394,104,295.42,36,36,392.50371074676514,11,0,14,14.987644570850257,110.0,149.87644570850253
L3_4C36L,395,105,352.705,36,36,345.187118768692,19,0,35,19.376273244380975,160.0,193.76273244380982
L3_4C36L,396,106,355.602,36,36,375.810795545578,9,0,27,23.964010719284083,150.0,239.64010719284082
L3_4C36L,397,107,435.193,36,36,352.4206700325012,13,0,34,21.93107946994416,180.0,219.31079469944157
L3_4C36L,398,108,321.53,36,36,363.388334274292,13,0,9,27.038882485553515,160.0,270.3888248555352
L3_4C36L,399,109,457.883,36,36,345.38747096061707,11,0,45,27.04175938978596,200.0,270.4175938978596
L3_4C36L,400,110,302.846,36,36,354.8358097076416,13,0,9,10.54731531041815,200.0,105.47315310418148
L3_4C36L,401,101,317.807,36,36,407.226016998291,3,0,27,14.246602986181633,130.0,142.46602986181637
L3_4C36L,402,102,343.771,36,36,361.0420455932617,13,0,11,21.526508069321498,170.0,215.265080693215
L3_4C36L,403,103,400.389,36,36,349.1960210800171,9,0,28,22.679933749334865,220.0,226.7993374933487
L3_4C36L,404,104,426.662,36,36,380.66098642349243,9,0,24,21.130046107251975,140.0,211.30046107251974
L3_4C36L,405,105,477.776,36,36,370.31017684936523,7,0,39,22.29940986014533,170.0,222.99409860145335
L3_4C36L,406,106,362.104,36,36,372.08939385414124,12,0,36,26.368689175014495,130.0,263.6868917501449
L3_4C36L,407,107,461.597,36,36,374.7586317062378,9,0,45,20.804560344545948,150.0,208.04560344545945
L3_4C36L,408,108,581.915,36,36,340.44833278656006,10,0,45,45.17222672792932,200.0,451.7222672792932
L3_4C36L,409,109,455.548,36,36,354.4666500091553,8,0,55,18.44450045614264,210.0,184.4450045614264
L3_4C36L,410,110,401.82,36,36,349.4270176887512,14,0,19,15.243269800286955,190.0,152.43269800286956
L3_4C36L,411,101,444.521,36,36,393.7058439254761,1,0,53,17.647179753061934,160.0,176.47179753061937
L3_4C36L,412,102,325.132,36,36,375.54631328582764,11,0,22,19.845615450516124,150.0,198.45615450516127
L3_4C36L,413,103,491.204,36,36,364.753924369812,8,0,44,17.486923680759908,180.0,174.86923680759904
L3_4C36L,414,104,337.897,36,36,387.973464012146,13,0,28,16.755126435876228,100.0,167.5512643587623
L3_4C36L,415,105,455.924,36,36,346.59091329574585,17,0,47,21.363638574312496,160.0,213.63638574312495
L3_4C36L,416,106,355.136,36,36,356.7522258758545,19,0,20,20.825940540971697,130.0,208.25940540971695
L3_4C36L,417,107,354.093,36,36,377.87314224243164,10,0,25,15.422850722625235,150.0,154.2285072262523
L3_4C36L,418,108,546.407,36,36,353.0331811904907,7,0,51,46.55606282403195,190.0,465.56062824031955
L3_4C36L,419,109,464.538,36,36,356.528037071228,14,0,57,24.906542305161587,150.0,249.06542305161588
L3_4C36L,420,110,330.015,36,36,401.03679370880127,4,0,15,16.54402347454569,140.0,165.4402347454569
L3_4C36L,421,101,328.859,36,36,354.68202018737793,14,0,23,21.05993583747291,180.0,210.59935837472906
L3_4C36L,422,102,372.176,36,36,389.93059492111206,8,0,25,20.23135770824251,130.0,202.31357708242507
L3_4C36L,423,103,436.266,36,36,356.2367830276489,6,0,32,20.87738337172966,220.0,208.77383371729655
L3_4C36L,424,104,338.56,36,36,391.3110771179199,10,0,15,15.629717794223797,120.0,156.297177942238
L3_4C36L,425,105,374.613,36,36,358.6172933578491,14,0,29,11.275699031072083,170.0,112.75699031072081
L3_4C36L,426,106,407.872,36,36,377.3789577484131,11,0,42,25.40347309753886,120.0,254.0347309753886
L3_4C36L,427,107,416.237,36,36,364.7561249732971,10,0,48,17.479579281275242,170.0,174.79579281275244
L3_4C36L,428,108,282.157,36,36,395.2292232513428,7,0,5,14.235915692928522,140.0,142.3591569292852
L3_4C36L,429,109,425.751,36,36,358.70499753952026,9,0,45,22.649989117988078,190.0,226.4998911798808
L3_4C36L,430,110,313.602,36,36,357.078688621521,18,0,14,11.404365570352017,150.0,114.04365570352017
L3_4C36L,431,101,453.517,36,36,380.65431785583496,4,0,64,19.485616978984215,170.0,194.85616978984214
L3_4C36L,432,102,354.335,36,36,393.64399337768555,7,0,26,17.8533607266513,130.0,178.533607266513
L3_4C36L,433,103,497.672,36,36,325.91888427734375,10,0,32,40.27039910930929,250.0,402.70399109309284
L3_4C36L,434,104,338.056,36,36,377.55287742614746,13,0,16,18.157060291649135,130.0,181.57060291649134
L3_4C36L,435,105,446.506,36,36,344.2308278083801,9,0,38,15.897234230489422,230.0,158.9723423048942
L3_4C36L,436,106,391.733,36,36,373.5852909088135,11,0,26,31.382373296370975,140.0,313.82373296370974
L3_4C36L,437,107,435.666,36,36,371.588604927063,8,0,44,14.704637905301919,170.0,147.04637905301922
L3_4C36L,438,108,388.563,36,36,346.6707215309143,14,0,34,17.764273621487963,190.0,177.64273621487965
L3_4C36L,439,109,458.307,36,36,344.3183059692383,11,0,28,22.272321674584514,210.0,222.72321674584515
L3_4C36L,440,110,302.083,36,36,384.88233852386475,9,0,12,10.3922052079541,150.0,103.92205207954103
L3_4C36L,441,101,512.85,36,36,349.794469833374,5,0,33,44.01843068515187,220.0,440.1843068515186
L3_4C36L,442,102,341.842,36,36,372.7796206474304,14,0,14,24.067930392961422,130.0,240.67930392961424
L3_4C36L,443,103,408.379,36,36,365.86137104034424,3,0,25,27.12874810092336,220.0,271.2874810092336
L3_4C36L,444,104,303.114,36,36,394.8087377548218,9,0,8,13.970877291842003,120.0,139.70877291842
L3_4C36L,445,105,399.033,36,36,384.7212018966675,6,0,26,10.92931753514348,160.0,109.29317535143484
L3_4C36L,446,106,440.365,36,36,357.46736669540405,13,0,35,25.108790429762802,160.0,251.08790429762803
L3_4C36L,447,107,431.579,36,36,360.2393250465393,9,0,40,15.868912122292075,190.0,158.6891212229208
L3_4C36L,448,108,317.0,36,36,393.57855224609375,8,0,14,14.738156635620282,130.0,147.3815663562028
L3_4C36L,449,109,412.232,36,36,331.3750238418579,16,0,24,22.08324084143994,210.0,220.83240841439942
L3_4C36L,450,110,407.429,36,36,347.01477122306824,10,0,22,29.95076479763038,210.0,299.5076479763038
L3_4C36L,451,101,363.695,36,36,409.7567024230957,2,0,19,14.144343715307922,130.0,141.44343715307923
L3_4C36L,452,102,400.868,36,36,374.7456979751587,10,0,34,17.514342045952077,150.0,175.1434204595208
L3_4C36L,453,103,405.544,36,36,348.8889350891113,10,0,24,25.370209536635077,210.0,253.7020953663507
L3_4C36L,454,104,404.331,36,36,357.19170570373535,10,0,18,24.360977641270676,190.0,243.60977641270676
L3_4C36L,455,105,353.621,36,36,355.07518672943115,15,0,21,19.74935137107024,170.0,197.4935137107024
L3_4C36L,456,106,477.344,36,36,355.672568321228,11,0,41,37.75809801897489,170.0,377.5809801897489
L3_4C36L,457,107,468.681,36,36,372.4884080886841,8,0,41,25.038647685296237,160.0,250.38647685296243
L3_4C36L,458,108,282.252,36,36,394.40216636657715,3,0,7,13.659451436053013,170.0,136.59451436053016
L3_4C36L,459,109,495.956,36,36,341.9436388015747,12,0,58,26.854532768600414,200.0,268.5453276860042
L3_4C36L,460,110,386.4,36,36,361.3234260082245,12,0,27,15.588565982578048,170.0,155.8856598257805
L3_4C36L,461,101,318.556,36,36,395.5933361053467,5,0,29,14.688865977627936,140.0,146.88865977627938
L3_4C36L,462,102,436.584,36,36,377.90806245803833,10,0,41,13.639802609172628,140.0,136.39802609172628
L3_4C36L,463,103,400.84,36,36,355.37849140167236,8,0,23,23.738354714451734,210.0,237.3835471445173
L3_4C36L,464,104,306.646,36,36,365.4223117828369,20,0,20,16.92562773572719,110.0,169.25627735727187
L3_4C36L,465,105,436.998,36,36,370.65538024902344,5,0,50,16.14873948198245,190.0,161.4873948198245
L3_4C36L,466,106,348.87,36,36,341.012731552124,22,0,25,29.95756204511291,140.0,299.57562045112905
L3_4C36L,467,107,363.299,36,36,356.2149877548218,18,0,25,22.616698460145845,140.0,226.16698460145844
L3_4C36L,468,108,354.662,36,36,390.0466694831848,3,0,24,16.511093965122917,170.0,165.11093965122913
L3_4C36L,469,109,376.99,36,36,361.00062084198,10,0,28,23.331264785672055,180.0,233.31264785672056
L3_4C36L,470,110,292.802,36,36,367.79801845550537,14,0,6,10.673268259301762,160.0,106.73268259301763
L3_4C36L,471,101,369.817,36,36,373.9112968444824,9,0,27,18.629012619724687,160.0,186.29012619724685
L3_4C36L,472,102,341.596,36,36,372.3122787475586,12,0,11,18.95907568927282,150.0,189.5907568927282
L3_4C36L,473,103,489.112,36,36,341.46314573287964,9,0,49,38.45617772043196,220.0,384.5617772043197
L3_4C36L,474,104,480.905,36,36,341.56778860092163,17,0,36,24.77404138295704,170.0,247.74041382957049
L3_4C36L,475,105,372.48,36,36,374.04576873779297,7,0,21,11.5140967069502,180.0,115.14096706950198
L3_4C36L,476,106,391.31,36,36,371.96798515319824,5,0,24,30.106707648608495,190.0,301.067076486085
L3_4C36L,477,107,375.248,36,36,360.7820088863373,13,0,25,27.393304366617706,160.0,273.9330436661771
L3_4C36L,478,108,326.347,36,36,324.537486076355,20,0,21,34.87505002185444,200.0,348.7505002185444
L3_4C36L,479,109,494.491,36,36,338.96624302864075,14,0,52,23.445868328017063,190.0,234.45868328017062
L3_4C36L,480,110,292.925,36,36,388.64865016937256,9,0,23,9.504499678029166,140.0,95.04499678029165
L3_4C36L,481,101,450.221,36,36,378.951406955719,1,0,32,26.828642117225424,200.0,268.2864211722542
L3_4C36L,482,102,366.389,36,36,363.4236068725586,12,0,21,28.58797777538335,160.0,285.8797777538335
L3_4C36L,483,103,465.766,36,36,357.9741678237915,5,0,33,23.419434285426043,220.0,234.19434285426044
L3_4C36L,484,104,429.571,36,36,355.85949420928955,14,0,27,27.135024836525055,160.0,271.35024836525054
L3_4C36L,485,105,387.73,36,36,366.74050426483154,7,0,20,14.198314850055704,200.0,141.98314850055704
L3_4C36L,486,106,309.342,36,36,361.5170602798462,15,0,20,24.94314069118966,150.0,249.4314069118966
L3_4C36L,487,107,450.186,36,36,368.601037979126,9,0,39,27.99652968508853,160.0,279.9652968508853
L3_4C36L,488,108,283.392,36,36,398.9055118560791,6,0,7,18.64829086946113,130.0,186.48290869461127
L3_4C36L,489,109,547.442,36,36,336.98379850387573,10,0,42,30.05400380916468,220.0,300.5400380916468
L3_4C36L,490,110,358.999,36,36,376.3703637123108,6,0,15,12.098803778523935,190.0,120.98803778523933
L3_4C36L,491,101,428.43,36,36,374.2220730781555,5,0,53,24.259752565360074,180.0,242.59752565360077
L3_4C36L,492,102,477.066,36,36,363.89918184280396,11,0,56,17.002737888747088,160.0,170.0273788874709
L3_4C36L,493,103,552.026,36,36,331.77921962738037,10,0,47,34.06926254294261,230.0,340.6926254294261
L3_4C36L,494,104,411.931,36,36,379.26682567596436,6,0,31,24.110587974310164,160.0,241.10587974310158
L3_4C36L,495,105,353.193,36,36,373.92763233184814,9,0,14,11.907894997022186,170.0,119.07894997022187
L3_4C36L,496,106,345.491,36,36,359.462610244751,11,0,16,33.45797938712617,170.0,334.57979387126176
L3_4C36L,497,107,445.649,36,36,375.067099571228,8,0,34,29.776323112045514,150.0,297.7632311204551
L3_4C36L,498,108,279.507,36,36,381.2195358276367,12,0,11,14.268215792447359,140.0,142.68215792447364
L3_4C36L,499,109,395.136,36,36,330.90444326400757,19,0,23,40.31854655460859,180.0,403.18546554608605
L3_4C36L,500,110,391.706,36,36,365.8259816169739,10,0,34,20.580072174152406,170.0,205.80072174152403
L3_4C36L,501,101,368.839,36,36,360.7928304672241,10,0,33,24.023888103508078,180.0,240.23888103508082
L3_4C36L,502,102,412.633,36,36,364.3782501220703,14,0,20,32.072492733603134,140.0,320.7249273360313
L3_4C36L,503,103,495.133,36,36,351.9656538963318,5,0,35,36.78115733831864,220.0,367.8115733831864
L3_4C36L,504,104,306.147,36,36,407.1510353088379,5,0,13,12.829887631890122,120.0,128.29887631890122
L3_4C36L,505,105,398.122,36,36,368.5853281021118,10,0,34,11.38225172311163,170.0,113.82251723111627
L3_4C36L,506,106,449.026,36,36,342.7296142578125,14,0,46,32.567940867770076,180.0,325.67940867770085
L3_4C36L,507,107,449.757,36,36,372.23209142684937,5,0,39,22.55969808211704,190.0,225.59698082117043
L3_4C36L,508,108,294.141,36,36,379.64613819122314,10,0,11,17.846212733129622,150.0,178.46212733129622
L3_4C36L,509,109,337.138,36,36,360.4636688232422,19,0,30,21.78777172119183,120.0,217.87771721191834
L3_4C36L,510,110,303.479,36,36,384.5881266593933,7,0,14,9.706248839539397,160.0,97.06248839539398
L3_4C36L,511,101,401.2,36,36,395.62990379333496,2,0,29,14.566980452681205,160.0,145.6698045268121
L3_4C36L,512,102,371.814,36,36,373.00213861465454,10,0,23,16.659541160799975,160.0,166.59541160799972
L3_4C36L,513,103,530.633,36,36,339.3081202507019,7,0,49,25.639601608807077,240.0,256.3960160880708
L3_4C36L,514,104,282.495,36,36,396.9386806488037,10,0,10,13.53772975842091,110.0,135.3772975842091
L3_4C36L,515,105,373.349,36,36,358.969539642334,11,0,22,10.101533840812722,190.0,101.01533840812722
L3_4C36L,516,106,331.592,36,36,381.3743362426758,7,0,14,25.41888142563769,160.0,254.18881425637687
L3_4C36L,517,107,377.583,36,36,374.61237621307373,10,0,35,24.625414200221975,150.0,246.2541420022197
L3_4C36L,518,108,409.889,36,36,338.3628740310669,11,0,30,28.79041929530893,220.0,287.9041929530893
L3_4C36L,519,109,507.748,36,36,335.91349029541016,14,0,53,26.95502242352156,200.0,269.55022423521564
L3_4C36L,520,110,328.917,36,36,370.1640729904175,12,0,12,14.453098014217314,160.0,144.53098014217318
L3_4C36L,521,101,440.895,36,36,380.6302671432495,0,0,56,24.565778027898556,200.0,245.65778027898557
L3_4C36L,522,102,376.655,36,36,370.9832239151001,11,0,17,20.05590816776521,160.0,200.55908167765207
L3_4C36L,523,103,446.111,36,36,349.2782688140869,7,0,29,25.739097336682903,230.0,257.39097336682903
L3_4C36L,524,104,353.208,36,36,354.26980781555176,15,0,24,22.4339701268176,160.0,224.33970126817596
L3_4C36L,525,105,404.144,36,36,353.77335262298584,13,0,27,17.422155042495632,180.0,174.22155042495635
L3_4C36L,526,106,328.614,36,36,355.2468190193176,18,0,23,24.177278747400884,140.0,241.77278747400885
L3_4C36L,527,107,462.709,36,36,351.9338598251343,12,0,59,20.220456917204885,180.0,202.20456917204885
L3_4C36L,528,108,406.701,36,36,376.3002414703369,7,0,30,28.99919842584829,160.0,289.99198425848294
L3_4C36L,529,109,480.463,36,36,337.5110692977905,14,0,48,21.629774587551832,200.0,216.29774587551827
L3_4C36L,530,110,339.668,36,36,403.42932891845703,5,0,16,11.90224035370311,130.0,119.02240353703112
L3_4C36L,531,101,531.329,36,36,371.02790546417236,5,0,69,19.906973723880046,180.0,199.06973723880049
L3_4C36L,532,102,318.227,36,36,391.77860832214355,6,0,13,22.40464188605229,140.0,224.04641886052286
L3_4C36L,533,103,440.061,36,36,345.299409866333,8,0,28,29.0019693289188,230.0,290.01969328918807
L3_4C36L,534,104,342.353,36,36,373.58252143859863,11,0,13,24.724924908796414,150.0,247.24924908796413
L3_4C36L,535,105,352.737,36,36,340.3642101287842,21,0,26,15.452633027458779,160.0,154.52633027458774
L3_4C36L,536,106,356.86,36,36,373.95268869400024,14,0,29,20.157699207158622,120.0,201.5769920715863
L3_4C36L,537,107,461.845,36,36,373.1037817001343,7,0,50,19.654074466955887,170.0,196.54074466955882
L3_4C36L,538,108,292.806,36,36,369.2705020904541,10,0,11,17.43167555546315,180.0,174.31675555463153
L3_4C36L,539,109,459.046,36,36,351.870144367218,10,0,51,28.76618530548507,190.0,287.6618530548507
L3_4C36L,540,110,279.435,36,36,366.8301830291748,12,0,3,10.566031931386055,180.0,105.66031931386055
L3_4C36L,541,101,378.536,36,36,381.35229873657227,6,0,43,22.15899815797716,160.0,221.58998157977163
L3_4C36L,542,102,367.997,36,36,372.420205116272,14,0,23,18.59931426748242,130.0,185.9931426748242
L3_4C36L,543,103,550.225,36,36,372.9133810997009,2,0,54,23.622058060442455,190.0,236.2205806044245
L3_4C36L,544,104,369.815,36,36,386.61092376708984,9,0,13,14.630241326341654,140.0,146.30241326341658
L3_4C36L,545,105,418.482,36,36,336.8878436088562,18,0,50,17.040520709583664,180.0,170.40520709583666
L3_4C36L,546,106,380.565,36,36,360.1561117172241,12,0,29,34.47962422694389,160.0,344.79624226943884
L3_4C36L,547,107,463.379,36,36,377.02738189697266,8,0,41,24.90871376916243,140.0,249.08713769162432
L3_4C36L,548,108,504.849,36,36,351.1831421852112,8,0,37,42.72285708241027,200.0,427.2285708241027
L3_4C36L,549,109,547.596,36,36,342.1751928329468,6,0,61,32.74934992153274,230.0,327.49349921532735
L3_4C36L,550,110,397.71,36,36,354.8388600349426,13,0,24,13.870458143384191,180.0,138.7045814338419
L3_4C36L,551,101,481.933,36,36,388.19274044036865,2,0,53,26.024192667833237,160.0,260.2419266783324
L3_4C36L,552,102,295.624,36,36,380.1794431209564,14,0,13,14.401852964827752,120.0,144.0185296482775
L3_4C36L,553,103,473.418,36,36,374.348069190979,3,0,44,22.173115302389746,190.0,221.7311530238975
L3_4C36L,554,104,432.436,36,36,349.8654034137726,15,0,34,17.11531901065305,170.0,171.1531901065305
L3_4C36L,555,105,419.345,36,36,372.51444244384766,5,0,27,21.618532516502995,190.0,216.18532516502995
L3_4C36L,556,106,357.496,36,36,371.006272315979,12,0,25,24.97909700211122,140.0,249.79097002111217
L3_4C36L,557,107,413.213,36,36,366.626811504364,13,0,42,21.24396296176759,140.0,212.43962961767585
L3_4C36L,558,108,387.248,36,36,375.14065074920654,7,0,32,12.86449926142671,170.0,128.64499261426707
L3_4C36L,559,109,452.709,36,36,378.04996490478516,5,0,63,29.83345504161277,160.0,298.3345504161276
L3_4C36L,560,110,384.159,36,36,342.08960247039795,15,0,31,16.368002475483653,200.0,163.68002475483647
L3_4C36L,561,101,381.021,36,36,330.49873065948486,14,0,25,25.004241987895167,230.0,250.04241987895168
L3_4C36L,562,102,399.836,36,36,348.32658529281616,14,0,31,18.91137498747222,190.0,189.11374987472223
L3_4C36L,563,103,411.32,36,36,366.3497543334961,9,0,33,22.167491426034196,170.0,221.67491426034204
L3_4C36L,564,104,345.545,36,36,390.2375135421753,6,0,25,22.541627884947925,140.0,225.4162788494792
L3_4C36L,565,105,399.928,36,36,362.3229789733887,8,0,29,18.92339973750877,200.0,189.23399737508774
L3_4C36L,566,106,402.5,36,36,372.87504959106445,5,0,37,28.749843199354036,180.0,287.49843199354035
L3_4C36L,567,107,393.577,36,36,375.79534816741943,6,0,29,22.34884774871698,170.0,223.48847748716983
L3_4C36L,568,108,316.819,36,36,367.0574209690094,12,0,11,23.14193254481151,160.0,231.41932544811513
L3_4C36L,569,109,410.316,36,36,358.2690258026123,12,0,44,25.769888863431085,170.0,257.6988886343109
L3_4C36L,570,110,359.472,36,36,358.5562400817871,15,0,17,8.145866774026947,170.0,81.4586677402695
L3_4C36L,571,101,397.288,36,36,359.73638820648193,11,0,46,24.212038500025006,170.0,242.12038500025014
L3_4C36L,572,102,294.86,36,36,380.99155616760254,14,0,11,16.694806402421452,120.0,166.94806402421457
L3_4C36L,573,103,458.012,36,36,329.08255910873413,15,0,31,33.058126986893676,210.0,330.5812698689367
L3_4C36L,574,104,351.157,36,36,365.9296202659607,18,0,20,20.23459885768261,120.0,202.34598857682607
L3_4C36L,575,105,390.113,36,36,380.3879814147949,11,0,44,15.373392450725204,130.0,153.733924507252
L3_4C36L,576,106,373.264,36,36,361.87880635261536,11,0,31,30.40399402914756,160.0,304.03994029147555
L3_4C36L,577,107,438.937,36,36,367.60475301742554,10,0,52,27.984151766399624,150.0,279.8415176639962
L3_4C36L,578,108,293.363,36,36,398.4892282485962,4,0,11,15.035913402729888,150.0,150.35913402729886
L3_4C36L,579,109,353.297,36,36,336.40360379219055,18,0,23,26.98799538927439,180.0,269.8799538927439
L3_4C36L,580,110,340.063,36,36,372.6878728866577,8,0,31,11.040428620744724,180.0,110.40428620744724
L3_4C36L,581,101,353.552,36,36,422.35759258270264,0,0,31,12.141366687493358,110.0,121.41366687493361
L3_4C36L,582,102,352.376,36,36,362.4661331176758,15,0,18,21.779552796030092,150.0,217.79552796030094
L3_4C36L,583,103,513.936,36,36,358.65776014328003,7,0,50,27.8074750055193,190.0,278.074750055193
L3_4C36L,584,104,350.956,36,36,379.22789430618286,10,0,20,15.907009016153562,140.0,159.07009016153563
L3_4C36L,585,105,391.468,36,36,366.32399797439575,9,0,27,17.253340747316365,180.0,172.5334074731637
L3_4C36L,586,106,423.842,36,36,338.42387104034424,18,0,35,31.92043164369077,170.0,319.20431643690785
L3_4C36L,587,107,543.511,36,36,347.76724576950073,13,0,77,24.109177777594347,170.0,241.09177777594346
L3_4C36L,588,108,400.363,36,36,350.43720722198486,14,0,17,28.542640622020365,180.0,285.4264062202036
L3_4C36L,589,109,365.907,36,36,366.5339889526367,16,0,31,18.220029815403937,130.0,182.20029815403933
L3_4C36L,590,110,384.005,36,36,382.3712854385376,6,0,32,12.09571929430022,170.0,120.95719294300217
L3_4C36L,591,101,411.438,36,36,353.1871905326843,13,0,21,26.04269649871151,180.0,260.42696498711507
L3_4C36L,592,102,349.99,36,36,380.0038776397705,8,0,17,14.987080036828052,160.0,149.87080036828056
L3_4C36L,593,103,423.118,36,36,339.5217161178589,14,0,29,28.26095903585879,200.0,282.6095903585878
L3_4C36L,594,104,360.836,36,36,386.2275981903076,9,0,13,15.908011282173817,140.0,159.08011282173814
L3_4C36L,595,105,447.239,36,36,344.97600269317627,18,0,50,16.746653253907333,160.0,167.46653253907328
L3_4C36L,596,106,400.572,36,36,346.5397605895996,11,0,30,23.20079709028458,210.0,232.00797090284584
L3_4C36L,597,107,487.969,36,36,360.0839376449585,10,0,37,26.386869404978935,170.0,263.8686940497893
L3_4C36L,598,108,293.646,36,36,387.82510471343994,10,0,13,17.24964204418975,130.0,172.49642044189758
L3_4C36L,599,109,451.064,36,36,344.26913261413574,14,0,50,25.769568593664708,180.0,257.69568593664707
L3_4C36L,600,110,301.819,36,36,358.9342985153198,14,0,15,11.885666175312657,180.0,118.85666175312657
L3_4C36L,601,101,407.272,36,36,351.4833860397339,11,0,25,38.38874238736774,190.0,383.8874238736775
L3_4C36L,602,102,326.342,36,36,380.6288013458252,11,0,16,16.237310973417436,140.0,162.37310973417434
L3_4C36L,603,103,452.393,36,36,359.6247615814209,8,0,43,21.25080013580563,190.0,212.5080013580564
L3_4C36L,604,104,472.481,36,36,380.2099871635437,7,0,40,15.966692958097948,150.0,159.6669295809795
L3_4C36L,605,105,438.578,36,36,351.07602739334106,11,0,32,13.079921987288825,200.0,130.79921987288824
L3_4C36L,606,106,414.691,36,36,383.83627009391785,7,0,52,17.212425915987417,140.0,172.12425915987416
L3_4C36L,607,107,473.902,36,36,358.5516324043274,13,0,43,21.49455994064882,160.0,214.94559940648818
L3_4C36L,608,108,297.387,36,36,368.25435280799866,13,0,14,17.48549067212244,150.0,174.8549067212244
L3_4C36L,609,109,365.916,36,36,362.2078900337219,13,0,17,22.640361426191344,160.0,226.4036142619134
L3_4C36L,610,110,315.436,36,36,384.6792049407959,6,0,13,14.402650443224324,170.0,144.02650443224323
L3_4C36L,611,101,319.283,36,36,377.3881244659424,9,0,19,20.372908482590855,160.0,203.72908482590856
L3_4C36L,612,102,343.105,36,36,366.1868681907654,15,0,24,16.043765598225036,140.0,160.43765598225036
L3_4C36L,613,103,417.192,36,36,363.67169189453125,8,0,28,29.427694525124696,180.0,294.2769452512469
L3_4C36L,614,104,386.936,36,36,373.0787739753723,14,0,22,16.404084562340646,130.0,164.04084562340648
L3_4C36L,615,105,373.922,36,36,369.2401514053345,6,0,25,12.532823553817835,200.0,125.32823553817832
L3_4C36L,616,106,299.213,36,36,371.2154769897461,13,0,14,27.6150555320793,140.0,276.15055532079305
L3_4C36L,617,107,523.613,36,36,353.25345516204834,9,0,66,19.155142197742666,190.0,191.55142197742666
L3_4C36L,618,108,371.552,36,36,357.7541460990906,13,0,32,19.152853623922173,170.0,191.5285362392217
L3_4C36L,619,109,436.752,36,36,372.64671897888184,8,0,45,24.51095525116294,160.0,245.10955251162937
L3_4C36L,620,110,386.241,36,36,373.72134590148926,10,0,26,14.26217935359251,160.0,142.62179353592512
L3_4C36L,621,101,432.517,36,36,392.0432424545288,3,0,62,18.189188526168742,150.0,181.8918852616874
L3_4C36L,622,102,398.185,36,36,378.2460870742798,9,0,33,15.846370233750527,150.0,158.46370233750528
L3_4C36L,623,103,427.554,36,36,367.7563667297363,3,0,34,25.812120933163957,210.0,258.12120933163953
L3_4C36L,624,104,349.75,36,36,358.35156202316284,20,0,16,18.828122168668465,120.0,188.28122168668466
L3_4C36L,625,105,401.449,36,36,368.3172197341919,7,0,19,15.609247548766088,190.0,156.09247548766086
L3_4C36L,626,106,393.248,36,36,360.47507095336914,14,0,26,25.08309711889986,150.0,250.83097118899857
L3_4C36L,627,107,438.289,36,36,379.08088970184326,9,0,40,19.7303700446672,140.0,197.30370044667202
L3_4C36L,628,108,318.797,36,36,374.08235931396484,9,0,18,16.392123591068962,170.0,163.92123591068966
L3_4C36L,629,109,416.56,36,36,338.2779417037964,19,0,41,30.740192534834836,160.0,307.40192534834836
L3_4C36L,630,110,340.087,36,36,387.3975715637207,6,0,8,15.341417627760645,160.0,153.41417627760643
L3_4C36L,631,101,429.991,36,36,356.7212760448456,8,0,55,24.26240850927882,200.0,242.62408509278825
L3_4C36L,632,102,398.176,36,36,362.19494795799255,12,0,43,12.68352087293726,170.0,126.83520872937258
L3_4C36L,633,103,547.419,36,36,341.1795859336853,5,0,48,39.40138810054767,240.0,394.0138810054766
L3_4C36L,634,104,340.804,36,36,366.53550958633423,18,0,26,19.8816331379679,110.0,198.81633137967904
L3_4C36L,635,105,344.234,36,36,365.26890659332275,15,0,35,19.103639599499143,140.0,191.0363959949914
L3_4C36L,636,106,316.899,36,36,364.8047981262207,20,0,23,23.98402222565608,100.0,239.84022225656076
L3_4C36L,637,107,522.749,36,36,369.9808678627014,6,0,54,26.730433416099455,170.0,267.30433416099464
L3_4C36L,638,108,328.389,36,36,370.53343296051025,8,0,22,18.22189190565893,180.0,182.21891905658924
L3_4C36L,639,109,376.227,36,36,346.67733573913574,14,0,33,26.07554735493892,190.0,260.7554735493892
L3_4C36L,640,110,434.219,36,36,347.6815114021301,14,0,44,14.394942805348816,190.0,143.94942805348816
L3_4C36L,641,101,400.708,36,36,392.57739543914795,1,0,36,14.742027274154632,170.0,147.4202727415464
L3_4C36L,642,102,414.805,36,36,357.4429519176483,10,0,31,21.856812680381648,190.0,218.56812680381645
L3_4C36L,643,103,554.951,36,36,332.61714458465576,8,0,44,31.276184153330906,240.0,312.76184153330905
L3_4C36L,644,104,416.603,36,36,385.50093030929565,10,0,35,14.996892575244253,120.0,149.96892575244254
L3_4C36L,645,105,485.632,36,36,368.57747983932495,4,0,38,18.07506419500515,200.0,180.7506419500515
L3_4C36L,646,106,359.896,36,36,374.12948083877563,8,0,19,32.90173596121954,160.0,329.01735961219543
L3_4C36L,647,107,488.19,36,36,362.106689453125,7,0,44,29.644382721469874,190.0,296.4438272146987
L3_4C36L,648,108,352.849,36,36,362.7821445465088,11,0,21,15.726173332202885,180.0,157.2617333220288
L3_4C36L,649,109,426.787,36,36,349.6778028011322,14,0,50,27.74065252221068,170.0,277.4065252221069
L3_4C36L,650,110,373.442,36,36,361.1783199310303,10,0,23,16.07226632612869,190.0,160.7226632612869
L3_4C36L,651,101,403.738,36,36,377.1820960044861,2,0,37,24.39301231332123,200.0,243.93012313321233
L3_4C36L,652,102,346.174,36,36,373.23834705352783,11,0,23,20.87219886670558,150.0,208.7219886670558
L3_4C36L,653,103,445.281,36,36,367.47024965286255,6,0,35,21.76584642059545,190.0,217.65846420595452
L3_4C36L,654,104,401.785,36,36,385.3421468734741,5,0,23,27.1928490103318,150.0,271.92849010331804
L3_4C36L,655,105,339.271,36,36,348.5679655075073,17,0,21,16.44011851078702,170.0,164.4011851078702
L3_4C36L,656,106,294.766,36,36,369.39232635498047,13,0,8,25.358914199592984,150.0,253.5891419959298
L3_4C36L,657,107,434.575,36,36,367.62398386001587,13,0,53,17.920048824676154,140.0,179.20048824676152
L3_4C36L,658,108,280.577,36,36,358.56273078918457,15,0,7,18.12423478476436,170.0,181.24234784764357
L3_4C36L,659,109,365.891,36,36,351.8713254928589,15,0,31,17.095575130942812,170.0,170.95575130942814
L3_4C36L,660,110,356.517,36,36,401.1037349700928,4,0,14,16.320891567791286,140.0,163.20891567791284
L3_4C36L,661,101,414.091,36,36,374.8906583786011,13,0,43,20.36446235741701,120.0,203.6446235741701
L3_4C36L,662,102,317.797,36,36,397.7464818954468,7,0,17,12.511727896870008,130.0,125.11727896870012
L3_4C36L,663,103,484.375,36,36,356.3025064468384,1,0,38,37.32500026372814,240.0,373.2500026372814
L3_4C36L,664,104,307.507,36,36,367.59634590148926,17,0,15,13.01217845337446,130.0,130.1217845337446
L3_4C36L,665,105,421.416,36,36,376.9537396430969,7,0,33,13.487530786445749,170.0,134.87530786445748
L3_4C36L,666,106,379.475,36,36,369.7772626876831,12,0,27,27.409119428504553,140.0,274.0911942850455
L3_4C36L,667,107,448.899,36,36,362.8717279434204,10,0,52,17.094238566653445,170.0,170.94238566653448
L3_4C36L,668,108,306.966,36,36,364.80945110321045,16,0,11,18.968491983605837,140.0,189.68491983605836
L3_4C36L,669,109,532.284,36,36,346.84015464782715,14,0,74,23.86616409066488,170.0,238.66164090664876
L3_4C36L,670,110,289.079,36,36,376.1970024108887,7,0,2,14.343329429173282,190.0,143.43329429173286
L3_4C36L,671,101,409.787,36,36,383.22341108322144,1,0,39,20.92195247738324,190.0,209.21952477383238
L3_4C36L,672,102,353.748,36,36,366.86577224731445,16,0,37,18.780762306995733,130.0,187.8076230699573
L3_4C36L,673,103,444.693,36,36,343.5563135147095,11,0,36,24.812283603765106,210.0,248.12283603765107
L3_4C36L,674,104,483.526,36,36,351.1739478111267,11,0,51,19.42017573626044,190.0,194.20175736260444
L3_4C36L,675,105,414.979,36,36,361.39652824401855,9,0,31,18.6782481397295,190.0,186.78248139729504
L3_4C36L,676,106,389.685,36,36,350.8282780647278,13,0,38,27.239075578417086,180.0,272.39075578417095
L3_4C36L,677,107,494.808,36,36,345.72703218460083,10,0,51,27.57654940764236,210.0,275.76549407642364
L3_4C36L,678,108,340.819,36,36,366.38341331481934,10,0,14,18.72194672515685,180.0,187.2194672515685
L3_4C36L,679,109,473.535,36,36,368.3899779319763,7,0,57,22.033396596812263,170.0,220.3339659681226
L3_4C36L,680,110,395.791,36,36,351.6584315299988,13,0,26,17.80522803292489,190.0,178.05228032924887
L3_4C36L,681,101,398.879,36,36,392.30102348327637,2,0,37,12.329927370056879,170.0,123.29927370056879
L3_4C36L,682,102,344.258,36,36,358.4587278366089,14,0,16,18.470926080136298,170.0,184.70926080136303
L3_4C36L,683,103,513.304,36,36,363.0618004798889,3,0,46,19.79398772670494,220.0,197.93987726704935
L3_4C36L,684,104,375.148,36,36,366.5662703514099,13,0,31,14.779106124901281,150.0,147.79106124901284
L3_4C36L,685,105,449.819,36,36,357.0896153450012,8,0,45,16.367934261523477,200.0,163.67934261523473
L3_4C36L,686,106,423.391,36,36,350.16295623779297,12,0,41,32.79015268924054,180.0,327.90152689240546
L3_4C36L,687,107,464.259,36,36,341.2864398956299,13,0,43,20.711839820563526,200.0,207.1183982056353
L3_4C36L,688,108,365.614,36,36,366.57427406311035,8,0,10,24.752424589879197,190.0,247.52424589879192
L3_4C36L,689,109,376.555,36,36,360.16515159606934,9,0,28,24.449497567834666,190.0,244.49497567834666
L3_4C36L,690,110,311.925,36,36,374.6938257217407,7,0,10,11.020583497642887,190.0,110.20583497642886
L3_4C36L,691,101,353.645,36,36,389.52385425567627,6,0,27,14.920493222129041,150.0,149.20493222129036
L3_4C36L,692,102,305.683,36,36,370.5743160247803,11,0,11,16.418948986580606,170.0,164.18948986580608
L3_4C36L,693,103,444.948,36,36,361.0182237625122,3,0,22,26.605922742198825,230.0,266.0592274219883
L3_4C36L,694,104,353.812,36,36,373.60804200172424,8,0,18,21.306512001622234,170.0,213.06512001622232
L3_4C36L,695,105,396.183,36,36,347.13445949554443,15,0,25,12.885146862593768,190.0,128.85146862593774
L3_4C36L,696,106,323.706,36,36,372.1695680618286,12,0,23,26.10145395577793,140.0,261.0145395577793
L3_4C36L,697,107,414.914,36,36,364.02895188331604,7,0,41,24.903499951303818,190.0,249.03499951303823
L3_4C36L,698,108,320.49,36,36,362.52773094177246,10,0,12,19.90754311678761,190.0,199.0754311678761
L3_4C36L,699,109,485.94,36,36,355.924250125885,6,0,42,26.91916309651348,210.0,269.19163096513483
L3_4C36L,700,110,339.138,36,36,371.778751373291,10,0,16,14.070825809114863,170.0,140.7082580911486
L3_4C36L,701,101,468.846,36,36,344.2688021659851,11,0,51,30.770658731516974,200.0,307.7065873151697
L3_4C36L,702,102,433.682,36,36,363.1017611026764,11,0,38,12.99413718650949,170.0,129.9413718650949
L3_4C36L,703,103,448.737,36,36,341.1820640563965,11,0,37,39.39312619083339,210.0,393.93126190833397
L3_4C36L,704,104,439.976,36,36,378.66943311691284,8,0,29,24.435245461509602,150.0,244.352454615096
L3_4C36L,705,105,388.773,36,36,358.2255058288574,7,0,23,17.5816581879583,220.0,175.81658187958303
L3_4C36L,706,106,360.121,36,36,370.3602714538574,11,0,36,22.13242522899907,150.0,221.32425228999074
L3_4C36L,707,107,444.011,36,36,331.2650399208069,18,0,60,29.11652837574462,180.0,291.1652837574462
L3_4C36L,708,108,366.458,36,36,378.91235160827637,6,0,23,25.292151741373786,170.0,252.92151741373783
L3_4C36L,709,109,470.421,36,36,352.2259612083435,9,0,55,22.580134652641057,200.0,225.80134652641058
L3_4C36L,710,110,365.891,36,36,363.80108070373535,10,0,24,15.663051866158275,180.0,156.63051866158273
L3_4C36L,711,101,409.948,36,36,385.3242464065552,5,0,36,18.91914868135991,160.0,189.1914868135991
L3_4C36L,712,102,358.283,36,36,385.127432346344,6,0,28,16.24190229891662,160.0,162.41902298916625
L3_4C36L,713,103,441.534,36,36,336.48405933380127,13,0,34,35.053146346851975,210.0,350.53146346851975
L3_4C36L,714,104,453.639,36,36,383.36511850357056,7,0,42,18.782937562806108,140.0,187.82937562806103
L3_4C36L,715,105,441.755,36,36,371.7307403087616,6,0,42,20.897524909158566,180.0,208.97524909158562
L3_4C36L,716,106,371.852,36,36,376.1516857147217,12,0,17,26.161042227455017,130.0,261.6104222745502
L3_4C36L,717,107,428.359,36,36,367.8656885623932,14,0,63,13.781028866783707,130.0,137.81028866783706
L3_4C36L,718,108,280.964,36,36,384.3280620574951,8,0,5,13.906442085338682,160.0,139.06442085338682
L3_4C36L,719,109,394.347,36,36,348.19935417175293,12,0,30,21.002146074825394,200.0,210.02146074825396
L3_4C36L,720,110,305.133,36,36,375.37270402908325,9,0,13,13.757648833773263,170.0,137.57648833773268
L3_4C36L,721,101,409.408,36,36,354.6339445114136,8,0,46,24.553512022233694,210.0,245.53512022233696
L3_4C36L,722,102,388.347,36,36,382.27858710289,8,0,47,12.404727433124439,150.0,124.0472743312444
L3_4C36L,723,103,431.138,36,36,362.9950647354126,5,0,27,26.683107264357773,210.0,266.83107264357767
L3_4C36L,724,104,370.139,36,36,376.4368267059326,11,0,18,15.21057987526918,150.0,152.1057987526918
L3_4C36L,725,105,460.996,36,36,374.99958181381226,4,0,28,16.668058431731023,190.0,166.68058431731023
L3_4C36L,726,106,513.771,36,36,315.08041048049927,21,0,39,39.731988089789255,190.0,397.3198808978926
L3_4C36L,727,107,486.332,36,36,362.8083848953247,11,0,42,20.63871000964053,160.0,206.38710009640525
L3_4C36L,728,108,341.088,36,36,352.4018859863281,10,0,16,26.993730760669795,210.0,269.93730760669797
L3_4C36L,729,109,588.805,36,36,324.21538400650024,15,0,69,29.282047945334458,210.0,292.8204794533446
L3_4C36L,730,110,332.576,36,36,365.48590183258057,9,0,14,21.713651080266054,190.0,217.13651080266058
L3_4C36L,731,101,451.997,36,36,373.53825187683105,4,0,52,28.205829103662595,180.0,282.058291036626
L3_4C36L,732,102,356.342,36,36,370.975905418396,11,0,18,20.080312310869683,160.0,200.8031231086969
L3_4C36L,733,103,505.437,36,36,323.03603649139404,10,0,42,43.21320315403542,250.0,432.1320315403543
L3_4C36L,734,104,354.843,36,36,355.09120774269104,18,0,31,16.362656753919232,140.0,163.6265675391923
L3_4C36L,735,105,330.084,36,36,374.49303150177,13,0,15,15.023236104129822,140.0,150.2323610412982
L3_4C36L,736,106,481.371,36,36,339.598429441452,10,0,30,41.33857992033222,210.0,413.38579920332216
L3_4C36L,737,107,518.608,36,36,364.9670715332031,9,0,41,33.44307969177903,160.0,334.4307969177903
L3_4C36L,738,108,397.688,36,36,366.50524163246155,6,0,31,18.315843205143725,200.0,183.15843205143727
L3_4C36L,739,109,342.161,36,36,353.842654466629,17,0,27,17.191134178748452,150.0,171.91134178748453
L3_4C36L,740,110,338.995,36,36,369.4946713447571,8,0,14,15.017760097474877,190.0,150.1776009747488
L3_4C36L,741,101,392.817,36,36,324.1355165243149,20,0,38,32.8816154477118,190.0,328.816154477118
L3_4C36L,742,102,355.324,36,36,361.1877746582031,15,0,15,26.0407470281588,150.0,260.4074702815881
L3_4C36L,743,103,457.777,36,36,361.9804286956787,3,0,41,23.39857520708633,220.0,233.98575207086333
L3_4C36L,744,104,302.983,36,36,375.3276996612549,13,0,8,13.907666419590445,140.0,139.07666419590447
L3_4C36L,745,105,400.232,36,36,362.64123916625977,9,0,33,16.19588345648457,190.0,161.9588345648457
L3_4C36L,746,106,441.351,36,36,342.0971128940582,13,0,38,36.34297416350001,190.0,363.4297416350002
L3_4C36L,747,107,460.223,36,36,333.54892897605896,11,0,56,31.503555502037123,230.0,315.0355550203712
L3_4C36L,748,108,281.974,36,36,373.934362411499,11,0,7,13.552126267667367,160.0,135.52126267667367
L3_4C36L,749,109,453.166,36,36,345.3826994895935,13,0,42,25.390986808628245,190.0,253.90986808628244
L3_4C36L,750,110,364.39,36,36,388.87863206863403,4,0,21,10.404581210346572,170.0,104.04581210346572
L3_4C36L,751,101,338.396,36,36,371.4684314727783,13,0,30,20.10522941000452,140.0,201.05229410004517
L3_4C36L,752,102,355.423,36,36,374.47653579711914,12,0,24,20.0782205215733,140.0,200.782205215733
L3_4C36L,753,103,449.779,36,36,365.0313136577606,5,0,35,26.562294924086537,200.0,265.6229492408654
L3_4C36L,754,104,388.054,36,36,347.4587025642395,16,0,35,21.804328826254544,170.0,218.04328826254542
L3_4C36L,755,105,413.245,36,36,338.1780767440796,14,0,28,21.07308436397227,210.0,210.73084363972262
L3_4C36L,756,106,320.783,36,36,355.27931118011475,15,0,20,27.402301494514333,160.0,274.0230149451434
L3_4C36L,757,107,403.261,36,36,351.1921081542969,12,0,41,24.359625648437923,190.0,243.59625648437918
L3_4C36L,758,108,365.575,36,36,337.9396803379059,14,0,31,21.867716031452165,210.0,218.67716031452164
L3_4C36L,759,109,541.439,36,36,332.1152641773224,15,0,59,36.282449943896935,190.0,362.8244994389695
L3_4C36L,760,110,400.741,36,36,378.78554248809814,8,0,29,10.714860499878913,160.0,107.14860499878915
L3_4C36L,761,101,342.16,36,36,377.2407741546631,7,0,23,19.197433212062613,170.0,191.9743321206261
L3_4C36L,762,102,354.091,36,36,387.90547370910645,9,0,15,23.648418178709402,130.0,236.48418178709403
L3_4C36L,763,103,405.29,36,36,314.1250104904175,17,0,19,37.91663767848924,240.0,379.16637678489246
L3_4C36L,764,104,365.559,36,36,386.8840141296387,8,0,23,17.053272332474847,140.0,170.53272332474847
L3_4C36L,765,105,383.221,36,36,364.39173221588135,8,0,35,12.027563624240287,200.0,120.27563624240287
L3_4C36L,766,106,379.825,36,36,375.3284635543823,7,0,33,25.571809688463446,170.0,255.71809688463438
L3_4C36L,767,107,406.707,36,36,384.90356636047363,6,0,32,23.654779665951857,150.0,236.54779665951855
L3_4C36L,768,108,325.178,36,36,360.5736474990845,17,0,12,23.087846347897568,140.0,230.87846347897565
L3_4C36L,769,109,467.074,36,36,335.19204807281494,12,0,48,29.359820261384208,220.0,293.5982026138421
L3_4C36L,770,110,334.033,36,36,360.4907569885254,12,0,8,11.697468464913365,190.0,116.97468464913369
L3_4C36L,771,101,411.67,36,36,383.74419462680817,3,0,49,30.852680942144417,160.0,308.52680942144417
L3_4C36L,772,102,402.649,36,36,341.00546503067017,15,0,32,26.648431984970173,190.0,266.4843198497017
L3_4C36L,773,103,452.742,36,36,352.4640245437622,8,0,30,25.11991714922405,210.0,251.19917149224048
L3_4C36L,774,104,361.053,36,36,354.8741035461426,19,0,15,20.419632602638927,140.0,204.19632602638924
L3_4C36L,775,105,399.736,36,36,364.4873046875,10,0,21,13.375641806715985,180.0,133.7564180671598
L3_4C36L,776,106,353.523,36,36,341.337753534317,21,0,49,25.54082752640333,140.0,255.40827526403336
L3_4C36L,777,107,427.378,36,36,366.1283383369446,9,0,51,17.905541636670826,170.0,179.0554163667082
L3_4C36L,778,108,419.503,36,36,354.49277114868164,8,0,20,38.357442404865786,200.0,383.5744240486578
L3_4C36L,779,109,413.321,36,36,360.2542304992676,6,0,34,20.819256832449824,210.0,208.1925683244983
L3_4C36L,780,110,459.015,36,36,352.4136805534363,13,0,45,15.287726188895133,180.0,152.87726188895132
L3_4C36L,781,101,405.468,36,36,376.8834810256958,5,0,31,27.055066256135085,180.0,270.5506625613508
L3_4C36L,782,102,282.741,36,36,408.13608169555664,3,0,6,12.87973075728187,140.0,128.79730757281865
L3_4C36L,783,103,462.795,36,36,350.5007872581482,7,0,34,28.330704065521356,220.0,283.3070406552136
L3_4C36L,784,104,342.773,36,36,362.38288593292236,13,0,20,23.72369996256052,160.0,237.2369996256052
L3_4C36L,785,105,403.573,36,36,340.7636556625366,12,0,23,10.787808204489508,230.0,107.87808204489502
L3_4C36L,786,106,408.984,36,36,386.7112464904785,4,0,33,30.962497517169542,150.0,309.6249751716955
L3_4C36L,787,107,432.414,36,36,346.3175973892212,11,0,52,30.608003868078363,200.0,306.0800386807837
L3_4C36L,788,108,405.77,36,36,374.16416692733765,6,0,20,26.119462914395722,180.0,261.1946291439572
L3_4C36L,789,109,459.061,36,36,353.38809156417847,9,0,39,25.37304321695821,200.0,253.73043216958203
L3_4C36L,790,110,354.786,36,36,363.3910901546478,15,0,29,12.02969666119256,150.0,120.29696661192563
L3_4C36L,791,101,440.044,36,36,368.60286808013916,5,0,41,27.990434899729383,190.0,279.9043489972938
L3_4C36L,792,102,429.021,36,36,337.14509105682373,19,0,25,26.18302429235481,170.0,261.83024292354804
L3_4C36L,793,103,494.868,36,36,348.4477620124817,2,0,25,40.17413613907574,250.0,401.74136139075745
L3_4C36L,794,104,422.437,36,36,390.9580087661743,6,0,31,16.80663650165882,140.0,168.06636501658818
L3_4C36L,795,105,422.625,36,36,368.35895919799805,8,0,32,13.803476205232096,180.0,138.03476205232093
L3_4C36L,796,106,323.101,36,36,361.10280990600586,16,0,14,31.323945942850298,140.0,313.239459428503
L3_4C36L,797,107,306.706,36,36,370.8388042449951,17,0,14,17.20398992449935,120.0,172.03989924499348
L3_4C36L,798,108,450.886,36,36,370.45523023605347,6,0,32,38.48256022772517,170.0,384.82560227725185
L3_4C36L,799,109,376.342,36,36,358.5100383758545,10,0,27,18.299866145513693,190.0,182.99866145513698
L3_4C36L,800,110,353.993,36,36,375.3628234863281,6,0,9,15.457261033218293,190.0,154.57261033218293
L3_4C36L,801,101,363.56,36,36,409.4646301269531,1,0,26,11.784540658485845,140.0,117.84540658485842
L3_4C36L,802,102,416.561,36,36,365.19840717315674,9,0,25,21.005309796967097,180.0,210.05309796967097
L3_4C36L,803,103,493.091,36,36,344.556529045105,8,0,43,31.478245417314,220.0,314.78245417314
L3_4C36L,804,104,498.914,36,36,355.62699365615845,14,0,44,27.91000870894619,150.0,279.1000870894619
L3_4C36L,805,105,430.2,36,36,361.9798698425293,8,0,35,21.733766588892877,190.0,217.3376658889288
L3_4C36L,806,106,416.628,36,36,341.18449354171753,14,0,42,29.385013729139438,190.0,293.85013729139433
L3_4C36L,807,107,553.439,36,36,367.54080057144165,6,0,48,21.53069184796325,180.0,215.30691847963257
L3_4C36L,808,108,373.657,36,36,354.7291045188904,9,0,23,20.90297708002283,210.0,209.02977080022836
L3_4C36L,809,109,404.583,36,36,370.9858775138855,10,0,41,23.380402337070645,150.0,233.80402337070646
L3_4C36L,810,110,337.357,36,36,338.29836773872375,17,0,9,15.672115174259377,200.0,156.72115174259375
L3_4C36L,811,101,492.391,36,36,339.2334327697754,12,0,53,35.88854644534454,200.0,358.8854644534454
L3_4C36L,812,102,374.242,36,36,332.5435619354248,15,0,17,21.521469114893215,220.0,215.2146911489321
L3_4C36L,813,103,653.46,36,36,336.7285795211792,6,0,55,37.57140117791381,230.0,375.7140117791382
L3_4C36L,814,104,439.925,36,36,367.44476985931396,10,0,38,21.850768166526816,160.0,218.5076816652682
L3_4C36L,815,105,429.14,36,36,359.9145121574402,10,0,44,13.618288370843121,180.0,136.18288370843123
L3_4C36L,816,106,343.635,36,36,344.7461861371994,18,0,19,32.51271077161506,160.0,325.1271077161506
L3_4C36L,817,107,447.927,36,36,338.4428105354309,17,0,29,28.523964557631825,180.0,285.2396455763183
L3_4C36L,818,108,326.457,36,36,343.3714590072632,16,0,23,15.428459661028642,190.0,154.2845966102864
L3_4C36L,819,109,408.563,36,36,370.0319390296936,11,0,40,24.893532969343493,140.0,248.93532969343497
L3_4C36L,820,110,299.15,36,36,353.7725667953491,16,0,4,9.091440928598946,180.0,90.91440928598944
L3_4C36L,821,101,362.615,36,36,377.0498151779175,8,0,33,18.167293212536407,160.0,181.67293212536413
L3_4C36L,822,102,342.472,36,36,347.272741317749,14,0,20,25.757509194271865,190.0,257.57509194271864
L3_4C36L,823,103,482.643,36,36,349.5849618911743,5,0,34,31.383464385023778,230.0,313.83464385023774
L3_4C36L,824,104,413.064,36,36,353.6859288215637,14,0,45,21.046905250760318,170.0,210.46905250760324
L3_4C36L,825,105,383.042,36,36,339.27591705322266,16,0,21,15.74694819422077,200.0,157.4694819422077
L3_4C36L,826,106,407.988,36,36,333.67322158813477,14,0,30,34.42258205754418,210.0,344.22582057544184
L3_4C36L,827,107,377.584,36,36,341.4596862792969,19,0,28,20.134373419658314,170.0,201.3437341965831
L3_4C36L,828,108,340.215,36,36,355.840726852417,10,0,23,22.197545830586407,200.0,221.9754583058641
L3_4C36L,829,109,508.911,36,36,351.1233971118927,10,0,43,29.58867140480174,190.0,295.8867140480173
L3_4C36L,830,110,360.634,36,36,364.48608899116516,10,0,16,11.71302542595644,180.0,117.13025425956441
L3_4C36L,831,101,377.561,36,36,399.6524248123169,3,0,43,17.8252514142409,140.0,178.25251414240898
L3_4C36L,832,102,350.599,36,36,377.89845848083496,7,0,14,20.338476230383808,170.0,203.3847623038381
L3_4C36L,833,103,472.996,36,36,344.1789412498474,6,0,36,27.73687021390171,240.0,277.36870213901716
L3_4C36L,834,104,320.494,36,36,361.98310375213623,19,0,19,23.389669447347476,120.0,233.89669447347478
L3_4C36L,835,105,368.05,36,36,361.7717227935791,14,0,32,14.094255580226049,160.0,140.94255580226044
L3_4C36L,836,106,360.058,36,36,388.00760078430176,4,0,28,23.308005362473704,160.0,233.0800536247371
L3_4C36L,837,107,487.434,36,36,324.55669367313385,15,0,44,36.47768989089368,210.0,364.77689890893674
L3_4C36L,838,108,330.132,36,36,368.5739541053772,10,0,25,13.086805552971809,170.0,130.86805552971816
L3_4C36L,839,109,512.042,36,36,335.4055585861206,11,0,52,31.98147329914598,220.0,319.8147329914598
L3_4C36L,840,110,421.271,36,36,369.20812129974365,11,0,45,12.63957880054724,160.0,126.3957880054724
L3_4C36L,841,101,373.574,36,36,377.34618282318115,4,0,31,17.179401476055567,190.0,171.79401476055568
L3_4C36L,842,102,355.249,36,36,321.49606561660767,23,0,28,18.346451279498527,190.0,183.4645127949852
L3_4C36L,843,103,427.788,36,36,355.9248867034912,5,0,33,31.917058228710022,220.0,319.1705822871003
L3_4C36L,844,104,375.336,36,36,336.2001385688782,19,0,37,29.332865256482975,170.0,293.3286525648298
L3_4C36L,845,105,448.215,36,36,352.3156671524048,7,0,39,23.947784101690726,220.0,239.4778410169073
L3_4C36L,846,106,375.165,36,36,320.93568873405457,24,0,30,30.214367923385744,170.0,302.14367923385737
L3_4C36L,847,107,493.933,36,36,325.03371810913086,18,0,38,43.22093118033594,190.0,432.2093118033593
L3_4C36L,848,108,334.222,36,36,378.66718673706055,8,0,18,24.442704503932127,160.0,244.42704503932129
L3_4C36L,849,109,440.984,36,36,350.63910603523254,11,0,44,27.869638289020838,190.0,278.6963828902085
L3_4C36L,850,110,421.984,36,36,373.96635341644287,7,0,34,23.445495120745964,170.0,234.4549512074596
L3_4C36L,851,101,390.265,36,36,396.71107053756714,5,0,53,14.29642927793711,130.0,142.9642927793711
L3_4C36L,852,102,415.232,36,36,343.103967666626,15,0,21,26.320118805468706,190.0,263.20118805468707
L3_4C36L,853,103,493.081,36,36,330.2091717720032,12,0,35,32.63608985837226,230.0,326.36089858372253
L3_4C36L,854,104,303.688,36,36,391.8877055644989,10,0,14,13.707634950963989,120.0,137.0763495096399
L3_4C36L,855,105,386.751,36,36,342.9616918563843,15,0,26,13.461038606518539,200.0,134.61038606518537
L3_4C36L,856,106,354.186,36,36,350.86120557785034,18,0,34,30.46263992009533,140.0,304.62639920095336
L3_4C36L,857,107,349.177,36,36,342.00882029533386,15,0,21,23.303941135754002,200.0,233.03941135754002
L3_4C36L,858,108,293.006,36,36,376.69192123413086,9,0,6,14.360268377626475,170.0,143.60268377626477
L3_4C36L,859,109,389.486,36,36,320.32178258895874,23,0,43,37.26072130297638,170.0,372.60721302976367
L3_4C36L,860,110,334.784,36,36,364.2801342010498,13,0,22,10.732882857668303,170.0,107.32882857668302
L3_4C36L,861,101,389.754,36,36,377.4443120956421,4,0,35,23.51895452396191,180.0,235.18954523961904
L3_4C36L,862,102,327.412,36,36,360.92151260375977,12,0,24,18.594939549424765,180.0,185.94939549424765
L3_4C36L,863,103,505.002,36,36,354.5941948890686,2,0,31,33.01935314880603,240.0,330.1935314880603
L3_4C36L,864,104,348.347,36,36,377.4235725402832,12,0,31,15.254750796136136,130.0,152.5475079613614
L3_4C36L,865,105,451.69,36,36,347.92873191833496,9,0,27,23.57089032110558,220.0,235.70890321105577
L3_4C36L,866,106,347.753,36,36,358.52233839035034,14,0,29,24.925545546344036,160.0,249.25545546344034
L3_4C36L,867,107,401.965,36,36,322.7497444152832,23,0,41,20.83418591308746,180.0,208.34185913087464
L3_4C36L,868,108,319.707,36,36,338.574036359787,18,0,10,28.08654137023688,180.0,280.86541370236876
L3_4C36L,869,109,419.936,36,36,354.0926032066345,11,0,40,29.691311761498447,180.0,296.91311761498446
L3_4C36L,870,110,380.373,36,36,345.50396728515625,11,0,23,33.32010543632262,210.0,333.2010543632262
L3_4C36L,871,101,387.56,36,36,380.9776792526245,6,0,30,16.741074599613516,160.0,167.41074599613515
L3_4C36L,872,102,412.664,36,36,361.437796831131,10,0,40,15.20732915597592,180.0,152.07329155975924
L3_4C36L,873,103,442.663,36,36,363.6015148162842,7,0,34,24.661625572915085,190.0,246.61625572915094
L3_4C36L,874,104,397.899,36,36,360.93382358551025,14,0,31,16.887260799640714,160.0,168.87260799640717
L3_4C36L,875,105,450.137,36,36,346.77753829956055,17,0,45,20.74153079509846,160.0,207.41530795098458
L3_4C36L,876,106,402.864,36,36,329.5492124557495,20,0,22,34.835944860050006,180.0,348.35944860050006
L3_4C36L,877,107,447.836,36,36,352.9015579223633,15,0,39,26.994815334330266,160.0,269.9481533433026
L3_4C36L,878,108,346.876,36,36,308.84600043296814,26,0,20,30.513330004436245,190.0,305.1333000443625
L3_4C36L,879,109,497.951,36,36,331.30413150787354,11,0,57,33.986230306930494,230.0,339.862303069305
L3_4C36L,880,110,313.428,36,36,341.6086540222168,17,0,7,12.97113329398283,200.0,129.71133293982828
L3_4C36L,881,101,413.449,36,36,371.01324939727783,8,0,37,23.289153586272505,170.0,232.891535862725
L3_4C36L,882,102,321.614,36,36,359.55939626693726,20,0,15,21.468673427873064,120.0,214.6867342787306
L3_4C36L,883,103,473.113,36,36,339.28657150268555,13,0,48,25.711423503828517,200.0,257.11423503828524
L3_4C36L,884,104,393.861,36,36,392.02307081222534,7,0,24,23.256431581982348,130.0,232.56431581982346
L3_4C36L,885,105,411.454,36,36,345.16542959213257,12,0,36,16.115253334826143,210.0,161.15253334826144
L3_4C36L,886,106,437.069,36,36,363.7030906677246,14,0,39,20.98970966129126,140.0,209.89709661291258
L3_4C36L,887,107,380.727,36,36,359.9733991622925,16,0,37,20.088662861637193,140.0,200.88662861637195
L3_4C36L,888,108,317.491,36,36,381.7745590209961,4,0,17,17.418128215355743,190.0,174.18128215355742
L3_4C36L,889,109,396.351,36,36,351.663471698761,12,0,32,29.45508846960496,180.0,294.55088469604954
L3_4C36L,890,110,349.616,36,36,353.589900970459,15,0,24,11.36698827264426,180.0,113.66988272644258
L3_4C36L,891,101,424.305,36,36,379.88401985168457,5,0,49,17.053254841964865,170.0,170.53254841964863
L3_4C36L,892,102,343.583,36,36,364.76039028167725,13,0,21,20.798714091471577,160.0,207.98714091471578
L3_4C36L,893,103,382.106,36,36,310.049578666687,21,0,19,29.834738289182688,230.0,298.3473828918269
L3_4C36L,894,104,519.776,36,36,369.75017261505127,6,0,46,34.16608419364944,170.0,341.6608419364944
L3_4C36L,895,105,389.948,36,36,330.4964339733124,16,0,35,20.011900723748408,210.0,200.11900723748408
L3_4C36L,896,106,332.758,36,36,376.28342056274414,8,0,20,25.7219309505891,160.0,257.2193095058911
L3_4C36L,897,107,401.795,36,36,386.68439865112305,3,0,30,21.052005555220845,170.0,210.52005555220842
L3_4C36L,898,108,281.674,36,36,376.7861213684082,9,0,10,12.379597035923691,170.0,123.79597035923693
L3_4C36L,899,109,392.8,36,36,360.64896297454834,11,0,41,21.170120085190888,170.0,211.70120085190888
L3_4C36L,900,110,379.11,36,36,351.7707710266113,13,0,20,17.430758667556308,190.0,174.30758667556304
L3_4C36L,901,101,345.404,36,36,367.41102027893066,8,0,19,30.296621900254593,180.0,302.9662190025459
L3_4C36L,902,102,307.592,36,36,383.4231095314026,13,0,15,11.922965844796167,120.0,119.22965844796165
L3_4C36L,903,103,481.538,36,36,328.78993129730225,8,0,36,30.70022942229773,260.0,307.00229422297724
L3_4C36L,904,104,391.436,36,36,370.26978731155396,10,0,26,25.767351341551837,160.0,257.67351341551836
L3_4C36L,905,105,410.328,36,36,351.45274353027344,10,0,30,15.157549749909721,210.0,151.5754974990972
L3_4C36L,906,106,467.239,36,36,352.26354694366455,13,0,31,42.454836911216034,160.0,424.5483691121603
L3_4C36L,907,107,458.225,36,36,376.8609914779663,6,0,37,17.130019385541438,170.0,171.30019385541436
L3_4C36L,908,108,423.4,36,36,334.57091999053955,21,0,35,28.09692204731749,160.0,280.9692204731749
L3_4C36L,909,109,400.288,36,36,338.58166122436523,17,0,37,28.0611463894947,180.0,280.611463894947
L3_4C36L,910,110,427.835,36,36,332.65709948539734,15,0,37,14.476329194801679,220.0,144.7632919480168
L3_4C36L,911,101,422.628,36,36,374.6111698150635,7,0,44,29.629424056538742,160.0,296.2942405653874
L3_4C36L,912,102,363.691,36,36,349.6947212219238,14,0,15,21.017588062461066,190.0,210.1758806246107
L3_4C36L,913,103,409.475,36,36,331.4227113723755,13,0,20,31.924297623429155,230.0,319.2429762342915
L3_4C36L,914,104,401.594,36,36,384.87281227111816,6,0,19,30.42396623394449,150.0,304.2396623394449
L3_4C36L,915,105,400.012,36,36,356.7056016921997,19,0,38,14.314664313187905,130.0,143.146643131879
L3_4C36L,916,106,469.811,36,36,345.2058186531067,9,0,37,39.31391526727214,210.0,393.13915267272137
L3_4C36L,917,107,427.535,36,36,358.6700987815857,8,0,46,24.433003812722987,190.0,244.33003812722984
L3_4C36L,918,108,326.986,36,36,330.07464027404785,23,0,21,19.751194939357006,170.0,197.5119493935701
L3_4C36L,919,109,499.292,36,36,376.20423793792725,4,0,75,19.31920709507047,170.0,193.1920709507047
L3_4C36L,920,110,339.806,36,36,372.2512273788452,10,0,21,14.162570929600323,170.0,141.62570929600327
L3_4C36L,921,101,350.656,36,36,374.086510181427,11,0,35,24.711632287294336,140.0,247.11632287294339
L3_4C36L,922,102,354.094,36,36,354.08454990386963,15,0,19,29.718175753129852,160.0,297.18175753129856
L3_4C36L,923,103,430.969,36,36,350.5872859954834,9,0,36,23.042374933762293,210.0,230.42374933762304
L3_4C36L,924,104,396.423,36,36,372.0934000015259,11,0,28,16.355349007546398,150.0,163.553490075464
L3_4C36L,925,105,527.772,36,36,360.71897172927856,7,0,57,20.936742381302555,190.0,209.36742381302554
L3_4C36L,926,106,319.362,36,36,376.68009185791016,8,0,22,26.066356484294285,160.0,260.66356484294283
L3_4C36L,927,107,385.695,36,36,347.6098198890686,14,0,36,16.300595501424564,190.0,163.00595501424561
L3_4C36L,928,108,355.221,36,36,366.63541889190674,8,0,15,24.548609189648683,190.0,245.48609189648684
L3_4C36L,929,109,409.774,36,36,331.2326946258545,17,0,34,25.891020362941752,200.0,258.9102036294175
L3_4C36L,930,110,430.376,36,36,369.031635761261,10,0,35,9.894551569959134,170.0,98.94551569959134
L3_4C36L,931,101,355.998,36,36,378.49964904785156,6,0,19,31.6678412891307,170.0,316.67841289130695
L3_4C36L,932,102,357.841,36,36,382.69435024261475,8,0,30,17.685503824683746,150.0,176.8550382468375
L3_4C36L,933,103,572.292,36,36,336.384512424469,6,0,54,38.71828653905063,240.0,387.1828653905063
L3_4C36L,934,104,446.528,36,36,385.2873201370239,9,0,37,25.70893117526759,120.0,257.08931175267594
L3_4C36L,935,105,424.707,36,36,348.4215397834778,10,0,30,18.594870579004336,210.0,185.9487057900434
L3_4C36L,936,106,402.308,36,36,368.9643888473511,7,0,37,26.78535704785121,180.0,267.85357047851204
L3_4C36L,937,107,460.646,36,36,343.6075210571289,10,0,65,27.974934012393916,210.0,279.7493401239392
L3_4C36L,938,108,357.509,36,36,381.2573757171631,7,0,21,19.142065112135857,160.0,191.42065112135856
L3_4C36L,939,109,379.353,36,36,371.55027770996094,8,0,26,21.499071627850338,170.0,214.99071627850344
L3_4C36L,940,110,406.764,36,36,358.8959527015686,8,0,32,10.346846304630938,210.0,103.46846304630938
L3_4C36L,941,101,397.561,36,36,388.04926681518555,4,0,42,19.835785303011434,160.0,198.3578530301143
L3_4C36L,942,102,297.787,36,36,392.0662727355957,7,0,12,16.4457700716312,140.0,164.457700716312
L3_4C36L,943,103,411.697,36,36,357.84491443634033,7,0,26,25.516959918564343,210.0,255.1695991856434
L3_4C36L,944,104,399.202,36,36,368.217737197876,12,0,34,19.274211676156842,150.0,192.7421167615684
L3_4C36L,945,105,408.416,36,36,351.3778190612793,10,0,21,15.407297481615663,210.0,154.0729748161566
L3_4C36L,946,106,355.571,36,36,376.3646659851074,9,0,20,30.451105850888002,150.0,304.51105850888007
L3_4C36L,947,107,428.406,36,36,395.7534909248352,2,0,49,14.155036934795556,150.0,141.55036934795552
L3_4C36L,948,108,420.361,36,36,312.2584762573242,19,0,24,44.13841215087058,220.0,441.38412150870573
L3_4C36L,949,109,482.767,36,36,345.0217332839966,13,0,49,19.927575053523434,190.0,199.27575053523435
L3_4C36L,950,110,388.041,36,36,347.9536364078522,12,0,27,13.487878830024757,210.0,134.87878830024755
L3_4C36L,951,101,332.481,36,36,374.02152490615845,10,0,26,21.59491487381781,150.0,215.9491487381781
L3_4C36L,952,102,350.353,36,36,381.0174160003662,9,0,18,19.941944308506418,150.0,199.4194430850642
L3_4C36L,953,103,450.289,36,36,343.5513253211975,7,0,35,33.16224844011965,230.0,331.62248440119646
L3_4C36L,954,104,461.15,36,36,370.85520219802856,13,0,35,33.815983711053434,120.0,338.1598371105344
L3_4C36L,955,105,374.395,36,36,360.1150960922241,9,0,30,12.949682972822892,200.0,129.49682972822896
L3_4C36L,956,106,441.061,36,36,354.5756220817566,11,0,47,21.414580250886107,180.0,214.14580250886107
L3_4C36L,957,107,427.686,36,36,352.155818939209,12,0,43,26.147265205184514,180.0,261.4726520518451
L3_4C36L,958,108,362.577,36,36,355.8188920021057,12,0,24,27.270364598310127,180.0,272.7036459831013
L3_4C36L,959,109,481.802,36,36,338.93447399139404,14,0,58,23.55175906903375,190.0,235.5175906903375
L3_4C36L,960,110,336.882,36,36,350.7000811100006,11,0,16,15.999732301656305,210.0,159.99732301656306
L3_4C36L,961,101,406.696,36,36,347.2867040634155,12,0,25,22.377651865378834,200.0,223.77651865378834
L3_4C36L,962,102,353.896,36,36,370.69897079467773,8,0,31,19.33676789581273,180.0,193.3676789581273
L3_4C36L,963,103,436.957,36,36,312.25159311294556,18,0,32,34.161361133275456,230.0,341.61361133275454
L3_4C36L,964,104,471.271,36,36,373.79676723480225,9,0,50,17.344114899919646,150.0,173.4411489991964
L3_4C36L,965,105,412.792,36,36,364.55583810806274,7,0,31,14.813884054011965,200.0,148.13884054011967
L3_4C36L,966,106,460.409,36,36,336.1696443557739,16,0,46,39.43453018299842,180.0,394.34530182998424
L3_4C36L,967,107,432.655,36,36,354.20426845550537,14,0,58,25.985766193374356,160.0,259.8576619337435
L3_4C36L,968,108,301.901,36,36,354.11700344085693,15,0,12,12.943312089338272,180.0,129.43312089338275
L3_4C36L,969,109,529.012,36,36,353.6602735519409,10,0,55,27.799073249255617,180.0,277.99073249255616
L3_4C36L,970,110,413.101,36,36,360.907940864563,7,0,25,20.306864929682828,210.0,203.06864929682826
L3_4C36L,971,101,391.684,36,36,384.7310428619385,5,0,33,20.896515543905643,160.0,208.96515543905645
L3_4C36L,972,102,409.142,36,36,335.8570804595947,16,0,37,33.80971951386326,190.0,338.09719513863257
L3_4C36L,973,103,446.649,36,36,334.4660120010376,8,0,24,33.44664496192699,250.0,334.46644961927
L3_4C36L,974,104,339.225,36,36,402.85584831237793,6,0,16,17.147155007618707,120.0,171.4715500761871
L3_4C36L,975,105,506.344,36,36,353.94004917144775,6,0,39,20.199854572499575,220.0,201.99854572499578
L3_4C36L,976,106,511.233,36,36,350.6703758239746,7,0,44,34.432089701155284,210.0,344.3208970115529
L3_4C36L,977,107,430.746,36,36,344.1116647720337,14,0,35,26.294436471270604,190.0,262.94436471270603
L3_4C36L,978,108,281.791,36,36,393.74292755126953,8,0,8,14.190258158574181,130.0,141.9025815857418
L3_4C36L,979,109,692.722,36,36,352.0470886230469,5,0,100,23.176383670456296,200.0,231.763836704563
L3_4C36L,980,110,386.52,36,36,368.74058294296265,9,0,25,14.198063396643327,180.0,141.98063396643326
L3_4C36L,981,101,394.351,36,36,350.21988582611084,13,0,34,17.600373216320914,190.0,176.00373216320912
L3_4C36L,982,102,341.802,36,36,377.29237270355225,6,0,27,32.358769662025075,170.0,323.5876966202508
L3_4C36L,983,103,502.588,36,36,337.3495955467224,7,0,37,38.834661165923116,240.0,388.3466116592312
L3_4C36L,984,104,386.243,36,36,370.72934579849243,12,0,29,24.235506885863927,140.0,242.35506885863924
L3_4C36L,985,105,360.995,36,36,347.14539098739624,12,0,21,12.848700113012741,210.0,128.4870011301274
L3_4C36L,986,106,346.995,36,36,320.1175389289856,26,0,20,27.941546828763588,170.0,279.4154682876359
L3_4C36L,987,107,390.811,36,36,362.4450521469116,11,0,40,16.849829076617013,170.0,168.49829076617016
L3_4C36L,988,108,357.12,36,36,385.6577320098877,8,0,23,21.140884307526555,140.0,211.40884307526557
L3_4C36L,989,109,331.441,36,36,367.6683020591736,12,0,44,22.772321838301597,150.0,227.72321838301593
L3_4C36L,990,110,381.056,36,36,327.465407371521,18,0,24,15.115311062606773,220.0,151.15311062606773
L3_4C36L,991,101,466.366,36,36,370.74801778793335,6,0,41,24.173267146863623,180.0,241.73267146863623
L3_4C36L,992,102,363.183,36,36,347.2258720397949,14,0,19,22.580435124910185,190.0,225.80435124910184
L3_4C36L,993,103,517.422,36,36,345.4268798828125,5,0,45,31.910405860615864,240.0,319.1040586061586
L3_4C36L,994,104,365.453,36,36,391.05459785461426,7,0,14,19.81799161384756,140.0,198.17991613847562
L3_4C36L,995,105,430.823,36,36,350.0314393043518,10,0,36,13.228524686254,210.0,132.28524686254002
L3_4C36L,996,106,431.08,36,36,358.3275098800659,10,0,37,25.574976576215626,180.0,255.74976576215624
L3_4C36L,997,107,362.314,36,36,353.8493003845215,16,0,18,27.16899105031694,160.0,271.68991050316936
L3_4C36L,998,108,318.225,36,36,342.6904830932617,19,0,16,21.031718931001112,170.0,210.31718931001114
L3_4C36L,999,109,543.698,36,36,360.3605909347534,9,0,68,22.13137061107671,170.0,221.3137061107671
L3_4C36L,1000,110,392.528,36,36,356.2540683746338,7,0,10,29.15309220049074,220.0,291.5309220049074
