level,ep,seed,makespan,done,total,reward,soft,hardExecuted,hardMask,travel,setup,move
L1_2C12L,1,101,223.034,12,12,163.80794548988342,4,0,1,18.973503877437963,110.0,189.73503877437966
L1_2C12L,2,102,228.621,12,12,179.94321489334106,2,0,3,10.189303382608536,90.0,101.89303382608539
L1_2C12L,3,103,267.479,12,12,183.97090911865234,0,0,5,13.43030660754209,90.0,134.3030660754209
L1_2C12L,4,104,214.403,12,12,180.2881076335907,1,0,1,17.37299433281244,90.0,173.72994332812436
L1_2C12L,5,105,243.116,12,12,181.24386310577393,1,0,4,12.520451561054841,90.0,125.20451561054844
L1_2C12L,6,106,208.766,12,12,176.06518936157227,3,0,1,16.44936346052996,90.0,164.49363460529955
L1_2C12L,7,107,202.272,12,12,192.86079025268555,4,0,6,13.79736935306988,40.0,137.97369353069882
L1_2C12L,8,108,264.959,12,12,178.7674264907837,2,0,7,10.77524525982903,90.0,107.7524525982903
L1_2C12L,9,109,206.032,12,12,191.3107271194458,0,0,1,8.96426070125147,80.0,89.6426070125147
L1_2C12L,10,110,244.91,12,12,176.0892677307129,1,0,5,16.36912146080422,100.0,163.6912146080422
L1_2C12L,11,101,205.83,12,12,184.96436882019043,0,0,1,15.118752833660844,90.0,151.18752833660844
L1_2C12L,12,102,211.965,12,12,176.6811056137085,2,0,1,22.72964681820706,90.0,227.29646818207058
L1_2C12L,13,103,182.351,12,12,196.72403478622437,2,0,1,7.586568526667873,50.0,75.86568526667872
L1_2C12L,14,104,202.697,12,12,185.84777736663818,2,0,3,15.507409455689059,70.0,155.0740945568906
L1_2C12L,15,105,197.859,12,12,188.34906768798828,2,0,3,10.503104291056642,70.0,105.03104291056641
L1_2C12L,16,106,270.108,12,12,187.5979561805725,0,0,4,14.67349105685129,80.0,146.73491056851287
L1_2C12L,17,107,190.286,12,12,188.16083240509033,3,0,1,12.797209175554837,60.0,127.97209175554836
L1_2C12L,18,108,367.52,12,12,170.74398231506348,2,0,14,17.52007432190909,100.0,175.2007432190909
L1_2C12L,19,109,206.896,12,12,181.97843313217163,2,0,3,18.405219207972017,80.0,184.0521920797202
L1_2C12L,20,110,222.729,12,12,189.9765796661377,1,0,3,13.411398107483654,70.0,134.11398107483652
L1_2C12L,21,101,186.195,12,12,198.60686588287354,0,0,0,11.310448034125253,60.0,113.10448034125251
L1_2C12L,22,102,215.968,12,12,179.86336135864258,1,0,0,8.788797053803304,100.0,87.88797053803306
L1_2C12L,23,103,239.017,12,12,179.7458610534668,2,0,3,10.847131106763227,90.0,108.47131106763227
L1_2C12L,24,104,201.37,12,12,183.3496322631836,3,0,2,15.50124385557717,70.0,155.01243855577172
L1_2C12L,25,105,229.692,12,12,181.37408828735352,3,0,2,8.75302015001525,80.0,87.53020150015249
L1_2C12L,26,106,209.227,12,12,184.932541847229,0,0,3,15.224858806775272,90.0,152.24858806775273
L1_2C12L,27,107,238.266,12,12,175.5642066001892,3,0,3,14.78597458172368,90.0,147.8597458172368
L1_2C12L,28,108,246.655,12,12,186.5466823577881,2,0,4,14.844396265757446,70.0,148.44396265757445
L1_2C12L,29,109,202.171,12,12,185.64067935943604,1,0,0,16.19774329772438,80.0,161.97743297724378
L1_2C12L,30,110,220.796,12,12,189.4865894317627,0,0,1,11.711363265197955,80.0,117.11363265197954
L1_2C12L,31,101,198.718,12,12,193.38838386535645,0,0,0,13.70540262685004,70.0,137.0540262685004
L1_2C12L,32,102,239.632,12,12,177.10875618457794,3,0,2,22.970808994146385,80.0,229.70808994146387
L1_2C12L,33,103,192.518,12,12,191.6326560974121,1,0,2,7.891128254313297,70.0,78.91128254313296
L1_2C12L,34,104,200.161,12,12,184.670880317688,3,0,2,12.763728809592338,70.0,127.63728809592338
L1_2C12L,35,105,208.374,12,12,177.18901538848877,3,0,0,11.036628220033549,90.0,110.36628220033549
L1_2C12L,36,106,211.993,12,12,184.83579874038696,1,0,2,18.880667738643076,80.0,188.80667738643072
L1_2C12L,37,107,256.795,12,12,187.71204233169556,3,0,7,10.95985608053304,60.0,109.59856080533041
L1_2C12L,38,108,247.089,12,12,176.0646300315857,3,0,4,13.117909917899986,90.0,131.17909917899988
L1_2C12L,39,109,276.566,12,12,175.131973862648,1,0,7,19.56009063151039,100.0,195.6009063151039
L1_2C12L,40,110,235.414,12,12,193.97210788726807,1,0,5,13.426292949408227,60.0,134.26292949408227
L1_2C12L,41,101,225.785,12,12,181.4249472618103,2,0,1,18.583512367137796,80.0,185.83512367137797
L1_2C12L,42,102,197.867,12,12,199.7972002029419,1,0,2,7.342665435260427,50.0,73.42665435260427
L1_2C12L,43,103,259.098,12,12,188.61507320404053,1,0,6,14.61642643476199,70.0,146.1642643476199
L1_2C12L,44,104,245.908,12,12,181.95908498764038,3,0,6,16.80305256069361,70.0,168.03052560693607
L1_2C12L,45,105,208.012,12,12,163.50143146514893,6,0,1,13.328562978545916,100.0,133.28562978545915
L1_2C12L,46,106,198.157,12,12,180.2037525177002,4,0,2,15.987472602359292,70.0,159.87472602359293
L1_2C12L,47,107,221.072,12,12,184.4265112876892,3,0,3,11.911626749233143,70.0,119.11626749233145
L1_2C12L,48,108,207.134,12,12,195.24916553497314,1,0,3,9.169441888724451,60.0,91.69441888724452
L1_2C12L,49,109,217.836,12,12,177.68518829345703,0,0,2,12.716042266548406,110.0,127.16042266548405
L1_2C12L,50,110,196.986,12,12,187.35992622375488,1,0,0,12.133585531334507,80.0,121.33585531334509
L1_2C12L,51,101,261.115,12,12,190.9517798423767,0,0,5,16.82740523765813,70.0,168.2740523765813
L1_2C12L,52,102,227.829,12,12,183.18608474731445,1,0,2,9.37970707229538,90.0,93.7970707229538
L1_2C12L,53,103,192.253,12,12,183.2119016647339,4,0,2,7.626984319433321,70.0,76.26984319433322
L1_2C12L,54,104,220.51,12,12,168.41915774345398,5,0,2,15.269479116914818,90.0,152.6947911691482
L1_2C12L,55,105,265.342,12,12,179.80392456054688,3,0,5,10.653586764651784,80.0,106.53586764651783
L1_2C12L,56,106,206.596,12,12,190.35408735275269,1,0,3,12.153041839413072,70.0,121.53041839413069
L1_2C12L,57,107,230.978,12,12,184.45480394363403,3,0,3,11.817301337302489,70.0,118.17301337302489
L1_2C12L,58,108,191.342,12,12,188.06357097625732,2,0,2,8.12142687482165,70.0,81.2142687482165
L1_2C12L,59,109,242.329,12,12,181.33742475509644,0,0,3,12.208587088523215,100.0,122.08587088523217
L1_2C12L,60,110,220.208,12,12,190.09303617477417,0,0,4,9.689886421134126,80.0,96.89886421134126
L1_2C12L,61,101,232.696,12,12,176.62131547927856,1,0,2,17.92893734366825,100.0,179.28937343668252
L1_2C12L,62,102,202.856,12,12,177.11751890182495,3,0,1,11.274930917170348,90.0,112.74930917170344
L1_2C12L,63,103,206.135,12,12,182.9617018699646,0,0,3,8.460989253768009,100.0,84.60989253768008
L1_2C12L,64,104,212.589,12,12,185.68758583068848,2,0,1,19.37470470408183,70.0,193.74704704081827
L1_2C12L,65,105,195.506,12,12,182.199303150177,4,0,3,11.002334504879741,70.0,110.02334504879741
L1_2C12L,66,106,217.584,12,12,190.7705454826355,1,0,3,10.764864941840855,70.0,107.64864941840855
L1_2C12L,67,107,195.31,12,12,178.70997714996338,5,0,2,12.633414580220773,70.0,126.33414580220771
L1_2C12L,68,108,218.749,12,12,188.17347168922424,2,0,1,9.421739048926291,70.0,94.21739048926293
L1_2C12L,69,109,249.319,12,12,191.5915641784668,0,0,6,14.694770104064066,70.0,146.94770104064062
L1_2C12L,70,110,210.23,12,12,195.36928462982178,1,0,3,8.769069581145347,60.0,87.69069581145345
L1_2C12L,71,101,241.313,12,12,177.76242208480835,1,0,1,14.12527067353109,100.0,141.25270673531088
L1_2C12L,72,102,248.324,12,12,179.2932744026184,1,0,4,9.022413096753551,100.0,90.22413096753552
L1_2C12L,73,103,218.343,12,12,181.2438406944275,3,0,2,9.187200243258353,80.0,91.87200243258351
L1_2C12L,74,104,217.819,12,12,181.1658000946045,2,0,4,16.11400044671922,80.0,161.14000446719223
L1_2C12L,75,105,193.222,12,12,191.8996343612671,1,0,1,10.33454383792223,70.0,103.34543837922229
L1_2C12L,76,106,213.002,12,12,193.62580490112305,1,0,2,14.580651465404616,60.0,145.80651465404617
L1_2C12L,77,107,210.0,12,12,197.0498809814453,0,0,4,9.833732104353523,60.0,98.33732104353523
L1_2C12L,78,108,198.17,12,12,172.40899300575256,7,0,0,10.303355032714014,70.0,103.03355032714015
L1_2C12L,79,109,205.658,12,12,183.567120552063,1,0,0,11.44291574816705,90.0,114.42915748167049
L1_2C12L,80,110,233.712,12,12,177.44561100006104,1,0,4,15.181293383092273,100.0,151.81293383092273
L1_2C12L,81,101,197.79,12,12,186.91499519348145,1,0,1,13.61669338984567,80.0,136.16693389845668
L1_2C12L,82,102,217.699,12,12,187.7360372543335,1,0,5,7.546540684541224,80.0,75.46540684541223
L1_2C12L,83,103,192.252,12,12,192.75355672836304,2,0,1,7.48814832065218,60.0,74.88148320652179
L1_2C12L,84,104,244.825,12,12,191.02615547180176,2,0,6,9.912815895522503,60.0,99.12815895522502
L1_2C12L,85,105,197.919,12,12,177.1624779701233,4,0,0,12.791734906171467,80.0,127.91734906171467
L1_2C12L,86,106,216.621,12,12,186.90393114089966,1,0,2,10.320229287419393,80.0,103.20229287419393
L1_2C12L,87,107,209.558,12,12,195.38190269470215,1,0,3,8.726987389459905,60.0,87.26987389459906
L1_2C12L,88,108,266.89,12,12,178.3188934326172,2,0,7,12.270350612131253,90.0,122.70350612131253
L1_2C12L,89,109,207.725,12,12,186.61075115203857,0,0,0,11.297499606130266,90.0,112.97499606130265
L1_2C12L,90,110,210.894,12,12,185.66266202926636,1,0,1,16.124474643562543,80.0,161.24474643562542
L1_2C12L,91,101,201.924,12,12,185.5535159111023,2,0,1,19.82159648813075,70.0,198.2159648813075
L1_2C12L,92,102,214.775,12,12,192.95203113555908,0,0,0,16.82655580585056,70.0,168.26555805850563
L1_2C12L,93,103,231.348,12,12,181.52493953704834,4,0,4,11.583538400457302,70.0,115.835384004573
L1_2C12L,94,104,211.273,12,12,177.92957019805908,5,0,3,13.568098697928438,70.0,135.6809869792844
L1_2C12L,95,105,199.9,12,12,181.0700626373291,3,0,0,13.099791562545096,80.0,130.99791562545096
L1_2C12L,96,106,212.406,12,12,185.91101741790771,1,0,2,13.629943893997352,80.0,136.29943893997353
L1_2C12L,97,107,209.558,12,12,195.38190269470215,1,0,6,8.726987389459905,60.0,87.26987389459906
L1_2C12L,98,108,217.501,12,12,169.36891269683838,7,0,1,8.770281491235044,80.0,87.70281491235043
L1_2C12L,99,109,245.45,12,12,169.80775260925293,3,0,1,20.640831038396147,100.0,206.40831038396144
L1_2C12L,100,110,305.851,12,12,180.0639762878418,2,0,8,16.45342843358035,80.0,164.53428433580348
L1_2C12L,101,101,211.855,12,12,181.656569480896,1,0,0,17.811438595094046,90.0,178.11438595094043
L1_2C12L,102,102,217.837,12,12,190.18368482589722,0,0,2,9.387737941061708,80.0,93.8773794106171
L1_2C12L,103,103,266.444,12,12,188.45717334747314,0,0,7,11.809431797535801,80.0,118.09431797535801
L1_2C12L,104,104,244.743,12,12,173.85951566696167,6,0,6,10.468282228017834,70.0,104.68282228017834
L1_2C12L,105,105,184.649,12,12,199.16127634048462,0,0,0,7.795753016196385,60.0,77.95753016196386
L1_2C12L,106,106,208.654,12,12,174.96485900878906,3,0,1,20.11715893855976,90.0,201.17158938559766
L1_2C12L,107,107,190.286,12,12,193.2605094909668,3,0,2,12.464969219759796,50.0,124.64969219759794
L1_2C12L,108,108,198.397,12,12,177.91403198242188,7,0,3,10.28655889133017,60.0,102.86558891330168
L1_2C12L,109,109,255.57,12,12,178.01670360565186,1,0,3,13.277642677323312,100.0,132.77642677323317
L1_2C12L,110,110,257.787,12,12,180.64400672912598,1,0,3,17.853301826825067,90.0,178.5330182682507
L1_2C12L,111,101,201.249,12,12,183.43584537506104,3,0,1,16.880497957455553,70.0,168.80497957455555
L1_2C12L,112,102,210.384,12,12,195.3141269683838,1,0,0,12.286227388572645,60.0,122.86227388572645
L1_2C12L,113,103,282.789,12,12,181.28889083862305,2,0,6,15.703695076945316,80.0,157.03695076945314
L1_2C12L,114,104,235.324,12,12,183.8357605934143,3,0,6,10.547453087363564,70.0,105.47453087363566
L1_2C12L,115,105,199.208,12,12,199.5207839012146,1,0,2,8.264055548035406,50.0,82.64055548035405
L1_2C12L,116,106,206.596,12,12,193.5731692314148,0,0,3,11.422764982187116,70.0,114.22764982187117
L1_2C12L,117,107,206.218,12,12,190.10207843780518,5,0,2,12.993073450632792,40.0,129.93073450632792
L1_2C12L,118,108,218.9,12,12,177.68973755836487,4,0,3,11.034204155884396,80.0,110.34204155884396
L1_2C12L,119,109,210.516,12,12,177.23170232772827,1,0,0,17.56099961425777,100.0,175.6099961425777
L1_2C12L,120,110,296.967,12,12,184.69522750377655,2,0,7,14.349243828987541,70.0,143.4924382898754
L1_2C12L,121,101,234.56,12,12,181.40156364440918,1,0,3,15.328122301287609,90.0,153.2812230128761
L1_2C12L,122,102,195.877,12,12,196.41211795806885,1,0,2,8.626270785661484,60.0,86.26270785661485
L1_2C12L,123,103,202.789,12,12,183.09249448776245,4,0,1,8.025017890910137,70.0,80.25017890910138
L1_2C12L,124,104,236.411,12,12,177.51437425613403,5,0,6,11.61875163940765,70.0,116.18751639407651
L1_2C12L,125,105,198.317,12,12,184.83246994018555,2,0,0,10.558437785460638,80.0,105.58437785460639
L1_2C12L,126,106,207.424,12,12,191.21329832077026,1,0,3,10.955661896603521,70.0,109.55661896603519
L1_2C12L,127,107,243.398,12,12,182.04601860046387,2,0,3,13.179922109274287,80.0,131.79922109274287
L1_2C12L,128,108,275.186,12,12,174.77504968643188,2,0,7,10.74981885273861,100.0,107.4981885273861
L1_2C12L,129,109,305.32,12,12,172.97450757026672,2,0,10,13.418318803377177,100.0,134.18318803377178
L1_2C12L,130,110,216.472,12,12,181.83824396133423,0,0,3,12.205842458917965,100.0,122.05842458917964
L1_2C12L,131,101,220.929,12,12,191.50749015808105,2,0,3,11.64169277347327,60.0,116.41692773473271
L1_2C12L,132,102,229.273,12,12,185.5302972793579,0,0,2,11.565661640100197,90.0,115.65661640100198
L1_2C12L,133,103,228.568,12,12,190.14434099197388,0,0,3,9.518865401554889,80.0,95.18865401554888
L1_2C12L,134,104,211.273,12,12,177.29714679718018,4,0,2,14.009510812978617,80.0,140.09510812978618
L1_2C12L,135,105,221.451,12,12,198.12214851379395,0,0,4,9.59283514023448,60.0,95.9283514023448
L1_2C12L,136,106,227.204,12,12,182.42780542373657,1,0,4,11.907308601447731,90.0,119.07308601447728
L1_2C12L,137,107,215.713,12,12,186.9728410243988,3,0,2,13.423865940908845,60.0,134.23865940908846
L1_2C12L,138,108,217.518,12,12,187.45547318458557,1,0,3,8.481752080542757,80.0,84.81752080542758
L1_2C12L,139,109,247.218,12,12,163.37992215156555,4,0,1,18.733576260208288,110.0,187.33576260208292
L1_2C12L,140,110,220.836,12,12,162.90030705928802,4,0,0,21.9989712283775,110.0,219.98971228377502
L1_2C12L,141,101,233.73,12,12,189.0269660949707,0,0,3,13.243447210741877,80.0,132.43447210741877
L1_2C12L,142,102,240.197,12,12,173.8085298538208,1,0,2,13.971568991286983,110.0,139.7156899128698
L1_2C12L,143,103,228.434,12,12,186.21644163131714,0,0,2,9.27852533514082,90.0,92.78525335140819
L1_2C12L,144,104,195.38,12,12,193.25294637680054,1,0,1,15.823508604837347,60.0,158.2350860483735
L1_2C12L,145,105,307.529,12,12,184.15349864959717,1,0,11,12.821687735224819,80.0,128.2168773522482
L1_2C12L,146,106,217.584,12,12,185.88104629516602,1,0,3,13.729851258425631,80.0,137.2985125842563
L1_2C12L,147,107,265.829,12,12,183.01406812667847,2,0,7,9.953100690283744,80.0,99.53100690283745
L1_2C12L,148,108,292.216,12,12,188.01926183700562,0,0,10,9.9358140503745,80.0,99.35814050374499
L1_2C12L,149,109,283.403,12,12,171.29216957092285,1,0,6,19.02610217130845,110.0,190.26102171308452
L1_2C12L,150,110,208.76,12,12,181.95315265655518,1,0,0,16.822832760722225,90.0,168.22832760722224
L1_2C12L,151,101,197.47,12,12,190.25941276550293,0,0,1,12.46864080958212,80.0,124.6864080958212
L1_2C12L,152,102,233.504,12,12,173.926025390625,2,0,2,16.913236199099956,100.0,169.13236199099956
L1_2C12L,153,103,242.912,12,12,177.0556516647339,4,0,4,13.14782885610211,80.0,131.47828856102112
L1_2C12L,154,104,236.411,12,12,174.50954914093018,6,0,5,11.634835879090655,70.0,116.34835879090659
L1_2C12L,155,105,274.745,12,12,178.20287895202637,3,0,4,15.99039443160215,80.0,159.9039443160215
L1_2C12L,156,106,201.904,12,12,184.45008182525635,3,0,1,13.49972563844316,70.0,134.99725638443158
L1_2C12L,157,107,214.457,12,12,183.88097715377808,3,0,2,13.730077307479071,70.0,137.3007730747907
L1_2C12L,158,108,207.27,12,12,188.45921802520752,2,0,2,8.469277097536178,70.0,84.6927709753618
L1_2C12L,159,109,216.657,12,12,183.92926788330078,1,0,1,10.235758330262174,90.0,102.35758330262173
L1_2C12L,160,110,308.141,12,12,176.24147701263428,2,0,10,15.861740101620434,90.0,158.61740101620435
L1_2C12L,161,101,247.655,12,12,180.4277663230896,1,0,3,18.574122992812992,90.0,185.7412299281299
L1_2C12L,162,102,205.211,12,12,192.11169958114624,1,0,2,7.960989783899001,70.0,79.60989783899001
L1_2C12L,163,103,223.321,12,12,185.4303913116455,4,0,3,11.89869389923387,60.0,118.98693899233868
L1_2C12L,164,104,220.231,12,12,186.49273586273193,3,0,3,15.024198532368002,60.0,150.24198532368004
L1_2C12L,165,105,228.314,12,12,180.78877782821655,3,0,1,10.70405981176518,80.0,107.04059811765183
L1_2C12L,166,106,214.217,12,12,191.02821588516235,0,0,3,19.905947015960017,70.0,199.05947015960018
L1_2C12L,167,107,210.315,12,12,187.15378284454346,2,0,1,16.15406159530682,70.0,161.54061595306823
L1_2C12L,168,108,232.558,12,12,185.43664741516113,3,0,4,8.54449642953903,70.0,85.44496429539032
L1_2C12L,169,109,227.663,12,12,177.55206680297852,2,0,0,21.493120350677458,90.0,214.93120350677455
L1_2C12L,170,110,207.504,12,12,169.42237520217896,4,0,0,13.592083133034293,100.0,135.92083133034293
L1_2C12L,171,101,220.963,12,12,184.5713677406311,3,0,2,11.42877264518544,70.0,114.28772645185441
L1_2C12L,172,102,233.884,12,12,179.96203804016113,3,0,5,13.459873853539955,80.0,134.59873853539958
L1_2C12L,173,103,228.434,12,12,184.20661973953247,2,0,2,9.311250051957513,80.0,93.11250051957512
L1_2C12L,174,104,216.728,12,12,193.39027881622314,1,0,4,12.032390140935167,60.0,120.32390140935166
L1_2C12L,175,105,205.233,12,12,180.2843770980835,2,0,0,10.718745661441439,90.0,107.1874566144144
L1_2C12L,176,106,212.164,12,12,189.48360919952393,0,0,2,13.387973369431984,80.0,133.87973369431984
L1_2C12L,177,107,214.238,12,12,187.63378047943115,3,0,5,11.220735000987037,60.0,112.20735000987038
L1_2C12L,178,108,218.645,12,12,183.76603603363037,2,0,3,10.779882760941016,80.0,107.79882760941015
L1_2C12L,179,109,280.196,12,12,184.83252096176147,0,0,5,10.55825987837385,90.0,105.5825987837385
L1_2C12L,180,110,197.443,12,12,195.23809814453125,1,0,0,12.539670596335782,60.0,125.39670596335782
L1_2C12L,181,101,231.226,12,12,184.8516116142273,0,0,3,13.82797441651832,90.0,138.27974416518322
L1_2C12L,182,102,217.679,12,12,191.48674964904785,1,0,4,8.377494886417315,70.0,83.77494886417315
L1_2C12L,183,103,206.027,12,12,182.9939088821411,0,0,2,8.353648101573043,100.0,83.53648101573044
L1_2C12L,184,104,225.305,12,12,187.84631633758545,3,0,5,10.512282217182388,60.0,105.12282217182388
L1_2C12L,185,105,195.352,12,12,178.83545112609863,4,0,1,10.548487388995468,80.0,105.48487388995471
L1_2C12L,186,106,206.596,12,12,192.6808204650879,0,0,4,11.063928114103339,70.0,110.63928114103338
L1_2C12L,187,107,206.458,12,12,186.9259533882141,1,0,1,11.913493471341512,80.0,119.13493471341512
L1_2C12L,188,108,255.682,12,12,179.77388787269592,3,0,5,10.753716318636359,80.0,107.5371631863636
L1_2C12L,189,109,216.902,12,12,183.59390258789062,1,0,2,11.353642440056154,90.0,113.53642440056151
L1_2C12L,190,110,230.266,12,12,193.4200530052185,0,0,5,8.599840707256975,70.0,85.99840707256973
L1_2C12L,191,101,222.803,12,12,191.11554098129272,2,0,2,12.948203500747642,60.0,129.4820350074764
L1_2C12L,192,102,197.75,12,12,198.7047233581543,0,0,0,9.31757805094613,60.0,93.1757805094613
L1_2C12L,193,103,202.804,12,12,173.04674530029297,6,0,2,8.177504267136655,80.0,81.77504267136655
L1_2C12L,194,104,216.728,12,12,197.4146375656128,1,0,4,11.951200236616513,50.0,119.51200236616512
L1_2C12L,195,105,229.758,12,12,178.35436868667603,4,0,1,8.818790498791946,80.0,88.18790498791947
L1_2C12L,196,106,207.474,12,12,193.68336868286133,0,0,1,12.722099808543685,70.0,127.22099808543683
L1_2C12L,197,107,214.205,12,12,197.57935190200806,1,0,4,11.402164354016179,50.0,114.02164354016179
L1_2C12L,198,108,247.338,12,12,190.83770084381104,2,0,5,10.540992075265539,60.0,105.4099207526554
L1_2C12L,199,109,216.371,12,12,188.03520965576172,1,0,2,9.882655033399942,80.0,98.82655033399939
L1_2C12L,200,110,211.847,12,12,193.9049015045166,1,0,3,13.65033617454462,60.0,136.50336174544617
L2_3C24L,1,101,255.004,24,24,293.992262840271,2,0,4,11.692434208598243,120.0,116.92434208598247
L2_3C24L,2,102,391.643,24,24,260.99493741989136,3,0,19,35.01687344806716,160.0,350.1687344806716
L2_3C24L,3,103,335.761,24,24,263.28948974609375,7,0,13,24.03503072996681,140.0,240.35030729966806
L2_3C24L,4,104,282.606,24,24,278.7362403869629,10,0,7,14.212509784738828,90.0,142.12509784738828
L2_3C24L,5,105,256.856,24,24,281.3703727722168,9,0,4,10.432090329136098,100.0,104.32090329136098
L2_3C24L,6,106,281.132,24,24,277.71247386932373,7,0,6,22.625067588053632,110.0,226.2506758805363
L2_3C24L,7,107,325.225,24,24,255.65268087387085,11,0,12,14.491037473762512,140.0,144.91037473762512
L2_3C24L,8,108,302.617,24,24,247.60122871398926,11,0,14,16.329201488155018,160.0,163.29201488155024
L2_3C24L,9,109,332.115,24,24,253.9322271347046,6,0,13,31.89254160121174,170.0,318.9254160121174
L2_3C24L,10,110,262.543,24,24,281.37900733947754,8,0,8,13.736623173188352,100.0,137.36623173188352
L2_3C24L,11,111,371.091,24,24,278.4213228225708,2,0,19,20.262238795851733,140.0,202.62238795851732
L2_3C24L,12,112,268.658,24,24,277.1353483200073,11,0,6,11.21548048046707,90.0,112.1548048046707
L2_3C24L,13,113,308.027,24,24,266.96290016174316,4,0,2,25.12364583492738,160.0,251.2364583492738
L2_3C24L,14,114,620.039,24,24,258.8664846420288,3,0,48,30.44501440430784,150.0,304.45014404307847
L2_3C24L,15,115,390.701,24,24,250.64428448677063,6,0,20,17.852377914501016,180.0,178.52377914501017
L2_3C24L,16,116,352.631,24,24,269.9009144306183,4,0,20,18.66359007162311,150.0,186.63590071623108
L2_3C24L,17,117,271.773,24,24,279.77148628234863,1,0,2,15.761699152369902,160.0,157.61699152369903
L2_3C24L,18,118,429.711,24,24,271.81307220458984,2,0,31,17.289756415882188,150.0,172.89756415882187
L2_3C24L,19,119,298.187,24,24,292.1182074546814,4,0,18,16.27260955035061,100.0,162.7260955035061
L2_3C24L,20,120,283.898,24,24,274.70528411865234,8,0,8,22.64904613004098,110.0,226.4904613004098
L2_3C24L,21,121,329.93,24,24,267.5850601196289,10,0,23,19.716422342250542,110.0,197.1642234225054
L2_3C24L,22,122,288.289,24,24,257.4514071941376,10,0,6,18.49529157802435,140.0,184.9529157802435
L2_3C24L,23,123,283.574,24,24,258.0327491760254,9,0,4,14.89082194736866,150.0,148.90821947368661
L2_3C24L,24,124,266.408,24,24,300.5786895751953,3,0,5,18.071035802608797,90.0,180.710358026088
L2_3C24L,25,125,353.629,24,24,287.4144778251648,5,0,19,11.951741115182624,100.0,119.51741115182628
L2_3C24L,26,126,294.215,24,24,246.5117678642273,12,0,3,26.627408191661118,150.0,266.27408191661124
L2_3C24L,27,127,278.734,24,24,277.0524206161499,6,0,3,13.158603158111601,130.0,131.586031581116
L2_3C24L,28,128,294.841,24,24,289.0372371673584,0,0,4,18.20920561426928,140.0,182.0920561426928
L2_3C24L,29,129,306.303,24,24,276.00546073913574,7,0,11,14.98177569606452,120.0,149.8177569606452
L2_3C24L,30,130,278.719,24,24,293.88375091552734,2,0,4,10.387505765853495,120.0,103.87505765853497
L2_3C24L,31,131,387.697,24,24,277.01580905914307,4,0,20,11.61396106848723,130.0,116.13961068487231
L2_3C24L,32,132,637.374,24,24,256.69792461395264,1,0,59,31.00688089560502,170.0,310.0688089560502
L2_3C24L,33,133,290.072,24,24,247.13078498840332,13,0,10,14.56402466184364,150.0,145.6402466184364
L2_3C24L,34,134,379.301,24,24,285.74675941467285,4,0,21,14.177466243802135,110.0,141.77466243802132
L2_3C24L,35,135,314.41,24,24,268.5927503108978,8,0,13,23.024158038139156,120.0,230.24158038139154
L2_3C24L,36,136,269.811,24,24,285.20031905174255,4,0,4,12.66559751167923,120.0,126.65597511679229
L2_3C24L,37,137,288.993,24,24,249.83166790008545,12,0,8,17.22775813620736,150.0,172.27758136207362
L2_3C24L,38,138,400.153,24,24,251.58128660917282,8,0,25,26.395686073061572,150.0,263.9568607306158
L2_3C24L,39,139,308.136,24,24,288.05731201171875,5,0,14,19.808952728032025,100.0,198.08952728032025
L2_3C24L,40,140,259.406,24,24,261.59564447402954,9,0,5,21.347854377234583,140.0,213.4785437723458
L2_3C24L,41,101,257.599,24,24,298.77165031433105,3,0,6,10.76116551945985,100.0,107.61165519459851
L2_3C24L,42,102,309.191,24,24,267.19022274017334,9,0,21,17.699262676915943,120.0,176.99262676915947
L2_3C24L,43,103,499.763,24,24,253.8265781402588,5,0,38,28.911396645232898,160.0,289.11396645232895
L2_3C24L,44,104,466.018,24,24,262.1850492954254,7,0,36,26.049819576789865,130.0,260.49819576789866
L2_3C24L,45,105,267.283,24,24,284.39441871643066,5,0,4,10.351914914727528,120.0,103.51914914727527
L2_3C24L,46,106,359.883,24,24,251.8998522758484,9,0,20,28.667148269258426,150.0,286.67148269258433
L2_3C24L,47,107,445.839,24,24,254.14069509506226,10,0,39,14.531004834516793,140.0,145.3100483451679
L2_3C24L,48,108,317.875,24,24,273.083927154541,4,0,3,18.05351924985947,150.0,180.53519249859468
L2_3C24L,49,109,316.816,24,24,281.52223014831543,5,0,11,14.925887512385126,120.0,149.25887512385125
L2_3C24L,50,110,264.305,24,24,277.1793384552002,8,0,5,14.402206958222264,110.0,144.02206958222266
L2_3C24L,51,111,400.779,24,24,240.71894931793213,9,0,34,20.936808102873023,180.0,209.36808102873022
L2_3C24L,52,112,279.509,24,24,275.0531883239746,9,0,6,14.822682196759427,110.0,148.22682196759428
L2_3C24L,53,113,311.881,24,24,263.5405521392822,6,0,8,16.53149268105482,160.0,165.31492681054817
L2_3C24L,54,114,353.631,24,24,265.46725273132324,8,0,9,25.109162431246208,130.0,251.09162431246213
L2_3C24L,55,115,364.143,24,24,262.98967456817627,6,0,29,30.034431660557807,140.0,300.34431660557806
L2_3C24L,56,116,277.292,24,24,252.7648344039917,10,0,9,14.117222539635986,160.0,141.17222539635986
L2_3C24L,57,117,306.645,24,24,281.28256464004517,1,0,9,15.72478193561421,150.0,157.2478193561421
L2_3C24L,58,118,364.25,24,24,270.7989640235901,3,0,20,22.33678898312881,150.0,223.3678898312881
L2_3C24L,59,119,305.974,24,24,285.7793478965759,2,0,11,17.402178869799716,130.0,174.02178869799718
L2_3C24L,60,120,306.267,24,24,284.9255166053772,5,0,12,16.914905109166853,110.0,169.14905109166853
L2_3C24L,61,121,329.229,24,24,280.0206890106201,9,0,20,14.931039461571245,90.0,149.31039461571243
L2_3C24L,62,122,313.247,24,24,264.9925813674927,11,0,18,20.024714640999,110.0,200.24714640999
L2_3C24L,63,123,355.372,24,24,265.14213514328003,5,0,14,24.526201169351616,150.0,245.26201169351617
L2_3C24L,64,124,280.877,24,24,300.64624309539795,3,0,6,16.179166675348583,90.0,161.79166675348583
L2_3C24L,65,125,363.006,24,24,265.5487985610962,7,0,15,16.503967324977033,140.0,165.03967324977035
L2_3C24L,66,126,331.203,24,24,261.38265442848206,8,0,16,22.057813693398145,140.0,220.57813693398145
L2_3C24L,67,127,291.614,24,24,277.03233337402344,6,0,7,11.558876637616423,130.0,115.58876637616426
L2_3C24L,68,128,278.261,24,24,284.50653553009033,3,0,3,16.6448557629718,130.0,166.44855762971804
L2_3C24L,69,129,406.276,24,24,275.0205035209656,4,0,25,18.264990390620518,130.0,182.6499039062052
L2_3C24L,70,130,259.123,24,24,305.0420446395874,1,0,1,9.859815641036388,100.0,98.5981564103639
L2_3C24L,71,131,398.124,24,24,279.1855421066284,2,0,15,16.048152024680324,140.0,160.48152024680323
L2_3C24L,72,132,502.969,24,24,269.8287787437439,3,0,53,22.237372774059224,140.0,222.37372774059227
L2_3C24L,73,133,312.796,24,24,255.05854511260986,10,0,13,14.804833007159848,150.0,148.04833007159846
L2_3C24L,74,134,333.243,24,24,254.01122570037842,12,0,18,19.962582293953613,130.0,199.62582293953616
L2_3C24L,75,135,312.388,24,24,252.52883005142212,13,0,10,18.23719511908271,130.0,182.3719511908271
L2_3C24L,76,136,268.925,24,24,285.3630847930908,2,0,3,12.123051836007381,140.0,121.23051836007383
L2_3C24L,77,137,326.134,24,24,260.85815382003784,5,0,17,13.806150773268197,170.0,138.06150773268197
L2_3C24L,78,138,462.41,24,24,263.4725604057312,7,0,46,21.75812548299662,130.0,217.58125482996616
L2_3C24L,79,139,280.718,24,24,291.12744522094727,1,0,5,14.575163452367212,130.0,145.75163452367212
L2_3C24L,80,140,413.427,24,24,268.14247131347656,2,0,17,21.19175974020159,160.0,211.9175974020159
L2_3C24L,81,101,302.909,24,24,266.89405822753906,4,0,5,20.35312752512287,160.0,203.5312752512287
L2_3C24L,82,102,368.746,24,24,249.49328804016113,7,0,19,31.689040587423705,170.0,316.89040587423693
L2_3C24L,83,103,520.182,24,24,252.30038833618164,3,0,28,27.3320092978551,180.0,273.32009297855103
L2_3C24L,84,104,337.978,24,24,266.3921856880188,10,0,12,15.359385845362114,120.0,153.5938584536211
L2_3C24L,85,105,279.945,24,24,237.8445053100586,15,0,6,12.184984300299096,160.0,121.84984300299094
L2_3C24L,86,106,326.232,24,24,263.23143768310547,10,0,20,22.56186728136733,120.0,225.61867281367333
L2_3C24L,87,107,411.593,24,24,260.3033263683319,7,0,48,10.655569776400846,150.0,106.55569776400843
L2_3C24L,88,108,287.538,24,24,282.03446197509766,0,0,6,14.885117699418934,160.0,148.8511769941894
L2_3C24L,89,109,349.075,24,24,257.0281505584717,8,0,16,26.572837365060753,150.0,265.7283736506075
L2_3C24L,90,110,314.661,24,24,287.73762130737305,3,0,10,14.207888208209104,120.0,142.078882082091
L2_3C24L,91,111,374.111,24,24,282.1200647354126,1,0,21,17.93310988910644,140.0,179.33109889106436
L2_3C24L,92,112,306.2,24,24,253.20427989959717,9,0,8,17.65237095952437,160.0,176.52370959524362
L2_3C24L,93,113,301.036,24,24,273.4189853668213,5,0,9,15.270028969838826,140.0,152.70028969838825
L2_3C24L,94,114,424.32,24,24,248.838125705719,6,0,22,23.872905945257877,180.0,238.72905945257872
L2_3C24L,95,115,343.074,24,24,225.82222366333008,13,0,18,27.25921807314127,190.0,272.59218073141267
L2_3C24L,96,116,277.827,24,24,262.7702445983887,5,0,3,17.432519714560062,170.0,174.32519714560067
L2_3C24L,97,117,310.148,24,24,267.12174129486084,3,0,9,16.260864747059372,170.0,162.6086474705937
L2_3C24L,98,118,314.334,24,24,264.0305128097534,5,0,8,19.898288531448344,160.0,198.9828853144835
L2_3C24L,99,119,375.308,24,24,282.1691908836365,1,0,13,21.102689254451107,140.0,211.02689254451104
L2_3C24L,100,120,272.382,24,24,276.45888316631317,5,0,4,20.137040585313073,130.0,201.37040585313076
L2_3C24L,101,121,403.666,24,24,263.61394214630127,11,0,34,12.95350945349462,110.0,129.5350945349462
L2_3C24L,102,122,394.08,24,24,265.5112352371216,7,0,32,19.962511585186657,130.0,199.6251158518666
L2_3C24L,103,123,274.32,24,24,282.471631526947,2,0,3,18.42787179425695,140.0,184.2787179425695
L2_3C24L,104,124,340.23,24,24,276.56772899627686,2,0,16,21.44090410413851,150.0,214.40904104138508
L2_3C24L,105,125,283.56,24,24,284.5077610015869,10,0,6,13.307420684361633,80.0,133.0742068436163
L2_3C24L,106,126,361.136,24,24,277.83427906036377,0,0,20,18.885720371344224,160.0,188.85720371344223
L2_3C24L,107,127,296.238,24,24,256.8386579155922,12,0,13,13.871120540741243,130.0,138.71120540741242
L2_3C24L,108,128,309.302,24,24,259.99147033691406,4,0,7,21.695097199892114,180.0,216.95097199892106
L2_3C24L,109,129,334.043,24,24,275.5759139060974,5,0,23,16.413616470981776,130.0,164.13616470981773
L2_3C24L,110,130,304.223,24,24,281.63509368896484,3,0,8,16.216306131080803,130.0,162.163061310808
L2_3C24L,111,131,394.063,24,24,266.440701007843,4,0,14,11.86433159317417,160.0,118.6433159317417
L2_3C24L,112,132,431.614,24,24,255.97281551361084,8,0,44,15.090620865833444,150.0,150.90620865833444
L2_3C24L,113,133,342.734,24,24,260.42902421951294,10,0,19,16.903238783428932,130.0,169.03238783428935
L2_3C24L,114,134,391.238,24,24,264.6980251073837,6,0,25,21.00659110528305,140.0,210.0659110528305
L2_3C24L,115,135,447.141,24,24,251.86593341827393,4,0,33,23.78022181261783,180.0,237.80221812617836
L2_3C24L,116,136,344.462,24,24,255.60261034965515,10,0,11,19.65794188565513,140.0,196.57941885655126
L2_3C24L,117,137,334.302,24,24,239.06433963775635,10,0,14,13.118861272040547,190.0,131.18861272040547
L2_3C24L,118,138,708.436,24,24,255.8401017189026,0,0,62,28.866302637966992,170.0,288.66302637966993
L2_3C24L,119,139,271.292,24,24,287.42884826660156,2,0,4,18.570506143243684,130.0,185.70506143243676
L2_3C24L,120,140,299.679,24,24,293.49726581573486,2,0,6,10.009115368854886,120.0,100.09115368854886
L2_3C24L,121,101,281.497,24,24,267.0870761871338,5,0,5,14.709741710664998,160.0,147.09741710664997
L2_3C24L,122,102,282.528,24,24,272.49990463256836,7,0,7,18.333634103114914,130.0,183.33634103114915
L2_3C24L,123,103,337.726,24,24,233.63223361968994,12,0,11,24.559224042341143,180.0,245.59224042341148
L2_3C24L,124,104,320.849,24,24,286.27314376831055,7,0,23,14.08952262354072,90.0,140.89522623540716
L2_3C24L,125,105,295.858,24,24,292.41967010498047,3,0,15,11.934397121745567,110.0,119.34397121745569
L2_3C24L,126,106,461.327,24,24,256.7826476097107,9,0,35,24.057803760325196,130.0,240.57803760325197
L2_3C24L,127,107,360.583,24,24,241.06084775924683,13,0,23,11.463816867974144,160.0,114.63816867974145
L2_3C24L,128,108,313.162,24,24,256.6527862548828,8,0,6,14.49068598333041,160.0,144.9068598333041
L2_3C24L,129,109,279.891,24,24,266.73617362976074,5,0,6,17.546046736815786,160.0,175.46046736815785
L2_3C24L,130,110,316.482,24,24,280.6059002876282,5,0,12,17.98032118866623,120.0,179.8032118866623
L2_3C24L,131,111,256.802,24,24,258.2220678329468,16,0,10,15.926443838408144,100.0,159.26443838408144
L2_3C24L,132,112,383.944,24,24,253.5448694229126,12,0,15,19.850431711360237,130.0,198.50431711360238
L2_3C24L,133,113,281.421,24,24,284.5719232559204,2,0,4,13.093590446604368,140.0,130.93590446604367
L2_3C24L,134,114,381.105,24,24,259.0116562843323,7,0,25,19.961128719459555,150.0,199.61128719459552
L2_3C24L,135,115,318.749,24,24,243.7894687652588,13,0,19,17.36842588069535,150.0,173.68425880695355
L2_3C24L,136,116,419.958,24,24,271.6630187034607,3,0,21,17.78992647016237,150.0,177.89926470162376
L2_3C24L,137,117,341.769,24,24,266.98826122283936,4,0,23,15.039126784404717,160.0,150.39126784404715
L2_3C24L,138,118,458.302,24,24,269.4366273880005,3,0,21,20.21123388134761,150.0,202.1123388134761
L2_3C24L,139,119,363.784,24,24,280.3227753639221,2,0,13,17.257417455034876,140.0,172.57417455034877
L2_3C24L,140,120,425.807,24,24,269.7320032119751,2,0,24,15.893319356154642,160.0,158.9331935615464
L2_3C24L,141,121,427.667,24,24,279.9638195037842,5,0,27,18.45389544178114,110.0,184.5389544178114
L2_3C24L,142,122,290.774,24,24,259.2502632141113,11,0,12,17.499112130681578,130.0,174.99112130681578
L2_3C24L,143,123,252.345,24,24,277.31652879714966,5,0,4,22.278232887197245,130.0,222.78232887197248
L2_3C24L,144,124,348.569,24,24,266.70065116882324,4,0,10,20.997810860580504,160.0,209.97810860580506
L2_3C24L,145,125,519.089,24,24,258.0839719772339,3,0,37,21.386731110172068,170.0,213.86731110172067
L2_3C24L,146,126,389.531,24,24,262.929292678833,3,0,19,25.235648563659275,170.0,252.35648563659274
L2_3C24L,147,127,262.622,24,24,279.72106170654297,3,0,2,10.929806056788802,150.0,109.29806056788802
L2_3C24L,148,128,288.068,24,24,255.89598035812378,7,0,6,13.68006368358598,170.0,136.8006368358598
L2_3C24L,149,129,266.952,24,24,280.5885181427002,2,0,2,18.038277092730667,150.0,180.38277092730667
L2_3C24L,150,130,289.39,24,24,285.5074281692505,2,0,5,9.975243648259129,140.0,99.7524364825913
L2_3C24L,151,131,533.089,24,24,265.02898120880127,2,0,33,16.57002208835935,160.0,165.70022088359352
L2_3C24L,152,132,362.21,24,24,271.5264849662781,8,0,26,13.245042152629882,120.0,132.4504215262988
L2_3C24L,153,133,315.873,24,24,250.75480270385742,14,0,11,14.150638182613527,130.0,141.50638182613525
L2_3C24L,154,134,440.225,24,24,264.51547384262085,7,0,42,18.2817559879217,130.0,182.81755987921701
L2_3C24L,155,135,396.38,24,24,262.5970973968506,3,0,25,21.342972584195945,170.0,213.4297258419594
L2_3C24L,156,136,286.41,24,24,262.4133024215698,4,0,3,15.288981221417316,180.0,152.8898122141732
L2_3C24L,157,137,368.78,24,24,270.5888328552246,5,0,19,19.70390332906328,140.0,197.03903329063286
L2_3C24L,158,138,413.441,24,24,276.9579267501831,2,0,16,23.473538070080608,140.0,234.7353807008061
L2_3C24L,159,139,270.712,24,24,289.02540016174316,3,0,6,16.58197060651252,120.0,165.81970606512516
L2_3C24L,160,140,422.771,24,24,264.289005279541,1,0,17,17.369958159886227,180.0,173.6995815988623
L2_3C24L,161,101,325.913,24,24,292.6077046394348,0,0,13,14.640955132449635,130.0,146.40955132449636
L2_3C24L,162,102,266.669,24,24,252.63605976104736,11,0,1,19.546473827975394,150.0,195.46473827975396
L2_3C24L,163,103,311.695,24,24,272.27394437789917,3,0,5,25.753488099042634,150.0,257.53488099042625
L2_3C24L,164,104,475.556,24,24,254.19522428512573,10,0,35,22.682560091614043,130.0,226.82560091614044
L2_3C24L,165,105,342.708,24,24,278.7583887577057,3,0,11,12.47204140414391,140.0,124.72041404143908
L2_3C24L,166,106,274.594,24,24,289.77245712280273,2,0,11,19.09180359292197,120.0,190.91803592921966
L2_3C24L,167,107,315.646,24,24,273.46251678466797,5,0,6,15.124928888109013,140.0,151.24928888109014
L2_3C24L,168,108,319.005,24,24,267.75511264801025,7,0,4,19.149605205566832,140.0,191.49605205566837
L2_3C24L,169,109,369.205,24,24,269.6659531593323,5,0,25,17.780138888861632,140.0,177.80138888861637
L2_3C24L,170,110,253.092,24,24,295.15504360198975,4,0,0,14.48318254038034,100.0,144.8318254038034
L2_3C24L,171,111,407.287,24,24,269.5027208328247,0,0,19,14.990925388420964,180.0,149.90925388420968
L2_3C24L,172,112,291.201,24,24,274.97552251815796,6,0,8,15.081585669916018,130.0,150.8158566991602
L2_3C24L,173,113,284.685,24,24,274.6769013404846,3,0,10,19.410288663344303,150.0,194.1028866334431
L2_3C24L,174,114,351.172,24,24,257.0582718849182,10,0,23,14.805730330037813,140.0,148.05730330037812
L2_3C24L,175,115,400.854,24,24,250.58010339736938,6,0,19,18.066317486945003,180.0,180.66317486945005
L2_3C24L,176,116,300.384,24,24,242.13300776481628,13,0,5,17.88995459880301,160.0,178.8995459880301
L2_3C24L,177,117,339.178,24,24,270.018159866333,5,0,16,13.2727809359105,150.0,132.727809359105
L2_3C24L,178,118,350.979,24,24,268.9821481704712,4,0,14,26.726172661248444,150.0,267.2617266124845
L2_3C24L,179,119,303.836,24,24,270.07917737960815,4,0,4,24.7360782406527,150.0,247.36078240652694
L2_3C24L,180,120,394.289,24,24,282.6990633010864,3,0,28,16.003112331914345,120.0,160.0311233191434
L2_3C24L,181,121,354.415,24,24,270.65961503982544,9,0,19,19.467938614878697,110.0,194.67938614878696
L2_3C24L,182,122,338.866,24,24,255.2063388824463,11,0,18,12.645504455681476,140.0,126.4550445568147
L2_3C24L,183,123,252.367,24,24,286.1430788040161,4,0,3,16.189712750816035,120.0,161.89712750816034
L2_3C24L,184,124,376.21,24,24,269.59844398498535,3,0,17,16.338516936437387,160.0,163.38516936437387
L2_3C24L,185,125,281.427,24,24,249.05317878723145,12,0,2,18.156031644717746,150.0,181.56031644717743
L2_3C24L,186,126,384.883,24,24,256.45802783966064,4,0,21,23.473228782945085,180.0,234.73228782945083
L2_3C24L,187,127,340.739,24,24,268.05348014831543,4,0,13,16.488378138908228,160.0,164.8837813890823
L2_3C24L,188,128,298.613,24,24,274.94664573669434,2,0,11,15.17784441025081,160.0,151.77844410250813
L2_3C24L,189,129,325.874,24,24,275.8061933517456,3,0,6,13.979337020798516,150.0,139.79337020798516
L2_3C24L,190,130,279.117,24,24,290.15557289123535,2,0,4,9.48137692720941,130.0,94.81376927209413
L2_3C24L,191,131,443.502,24,24,254.66556644439697,3,0,25,16.114773822776485,190.0,161.14773822776485
L2_3C24L,192,132,444.274,24,24,260.07699060440063,5,0,42,18.076665023588383,160.0,180.76665023588382
L2_3C24L,193,133,277.095,24,24,275.8671941757202,9,0,6,12.109348081420775,110.0,121.09348081420772
L2_3C24L,194,134,362.995,24,24,273.4496030807495,7,0,19,16.83464878927595,120.0,168.34648789275948
L2_3C24L,195,135,277.301,24,24,267.2754464149475,10,0,4,17.41517591934358,120.0,174.15175919343582
L2_3C24L,196,136,337.354,24,24,260.5350728034973,4,0,11,14.883092707496237,180.0,148.83092707496235
L2_3C24L,197,137,299.829,24,24,255.0238208770752,9,0,6,16.587253577524642,160.0,165.8725357752464
L2_3C24L,198,138,296.881,24,24,264.0441007614136,9,0,10,21.519643212391504,130.0,215.19643212391503
L2_3C24L,199,139,309.98,24,24,267.2166681289673,1,0,6,27.61110451943536,180.0,276.1110451943536
L2_3C24L,200,140,499.369,24,24,242.1550431251526,6,0,31,22.81648307268263,190.0,228.16483072682632
L2_3C24L,201,101,324.98,24,24,277.99275732040405,2,0,13,16.69076369594269,150.0,166.90763695942684
L2_3C24L,202,102,306.798,24,24,281.77738881111145,3,0,6,20.74202044816191,130.0,207.42020448161918
L2_3C24L,203,103,341.138,24,24,263.148099899292,2,0,13,21.172999480981353,180.0,211.7299948098135
L2_3C24L,204,104,290.699,24,24,288.5759334564209,6,0,8,13.080221776269783,100.0,130.8022177626978
L2_3C24L,205,105,324.29,24,24,242.42750120162964,12,0,8,13.574975913253851,170.0,135.74975913253851
L2_3C24L,206,106,264.916,24,24,270.0172071456909,3,0,1,26.60927749535133,160.0,266.0927749535132
L2_3C24L,207,107,316.47,24,24,250.32789039611816,13,0,23,12.240364405358502,140.0,122.40364405358504
L2_3C24L,208,108,328.853,24,24,269.62457275390625,3,0,4,26.251413378789792,160.0,262.5141337878979
L2_3C24L,209,109,394.006,24,24,245.97413873672485,5,0,15,21.75284390584358,200.0,217.52843905843585
L2_3C24L,210,110,282.541,24,24,265.2931480407715,5,0,3,22.356166009224058,160.0,223.56166009224063
L2_3C24L,211,111,397.127,24,24,274.76904106140137,1,0,42,14.103163762970876,160.0,141.03163762970877
L2_3C24L,212,112,342.081,24,24,276.17584705352783,6,0,19,17.74715857365516,120.0,177.4715857365516
L2_3C24L,213,113,266.542,24,24,264.15577507019043,6,0,3,16.14738613272213,160.0,161.47386132722127
L2_3C24L,214,114,369.4,24,24,269.26991605758667,8,0,12,20.766938572047728,120.0,207.66938572047724
L2_3C24L,215,115,392.329,24,24,245.41440296173096,7,0,11,16.9519627034006,190.0,169.51962703400596
L2_3C24L,216,116,315.829,24,24,250.0267515182495,10,0,8,16.57746862611846,160.0,165.77468626118454
L2_3C24L,217,117,316.862,24,24,268.74776577949524,2,0,17,15.840776753969363,170.0,158.4077675396936
L2_3C24L,218,118,276.363,24,24,276.4137954711914,4,0,6,16.954013187488382,140.0,169.54013187488385
L2_3C24L,219,119,329.95,24,24,281.0342025756836,2,0,9,19.885970910402758,140.0,198.85970910402762
L2_3C24L,220,120,327.981,24,24,279.53718090057373,4,0,12,18.209378860848684,130.0,182.09378860848685
L2_3C24L,221,121,373.998,24,24,270.9537739753723,8,0,18,15.154083717653368,120.0,151.54083717653367
L2_3C24L,222,122,254.376,24,24,274.66099739074707,8,0,5,14.463322133747093,120.0,144.63322133747093
L2_3C24L,223,123,263.206,24,24,263.0453586578369,6,0,3,19.848778742138528,160.0,198.48778742138535
L2_3C24L,224,124,318.681,24,24,273.4629306793213,6,0,9,20.12354924661203,130.0,201.2354924661203
L2_3C24L,225,125,274.457,24,24,247.3146629333496,13,0,6,15.617759471331395,150.0,156.17759471331397
L2_3C24L,226,126,379.851,24,24,267.8721046447754,2,0,15,18.75965230943884,170.0,187.5965230943884
L2_3C24L,227,127,301.39,24,24,267.38478565216064,5,0,14,13.717381102314796,160.0,137.17381102314798
L2_3C24L,228,128,315.083,24,24,257.3105297088623,5,0,11,17.298227963806482,180.0,172.98227963806482
L2_3C24L,229,129,329.113,24,24,265.7345972061157,6,0,10,17.551337495229596,150.0,175.51337495229595
L2_3C24L,230,130,279.246,24,24,293.2230339050293,1,0,3,9.256557246966722,130.0,92.56557246966722
L2_3C24L,231,131,402.533,24,24,256.8075942993164,8,0,19,12.308023997974505,150.0,123.08023997974507
L2_3C24L,232,132,310.108,24,24,236.46297311782837,18,0,6,13.456724087468594,140.0,134.56724087468592
L2_3C24L,233,133,482.822,24,24,251.25721263885498,6,0,38,19.142590561744445,170.0,191.42590561744444
L2_3C24L,234,134,247.388,24,24,279.0938959121704,9,0,4,14.68696570177961,100.0,146.8696570177961
L2_3C24L,235,135,519.901,24,24,258.5828380584717,5,0,49,21.390529415041218,150.0,213.9052941504122
L2_3C24L,236,136,280.576,24,24,269.4418029785156,3,0,4,15.193982527000987,170.0,151.93982527000986
L2_3C24L,237,137,289.282,24,24,244.77391052246094,10,0,1,17.420282528179285,180.0,174.20282528179288
L2_3C24L,238,138,414.028,24,24,262.7471947669983,6,0,37,25.84263646735685,140.0,258.42636467356846
L2_3C24L,239,139,306.916,24,24,261.1693639755249,5,0,6,21.102127099911634,170.0,211.02127099911633
L2_3C24L,240,140,418.079,24,24,260.669472694397,0,0,15,17.768404160009066,200.0,177.68404160009067
L2_3C24L,241,101,300.332,24,24,274.19109535217285,4,0,6,16.029681678454153,150.0,160.29681678454153
L2_3C24L,242,102,250.297,24,24,281.1259641647339,5,0,6,22.913422631369805,120.0,229.13422631369812
L2_3C24L,243,103,299.318,24,24,258.2007179260254,8,0,9,22.66427839238636,150.0,226.64278392386365
L2_3C24L,244,104,338.892,24,24,259.1690068244934,12,0,14,19.436627314225337,120.0,194.36627314225342
L2_3C24L,245,105,328.344,24,24,265.2443161010742,5,0,15,12.51890325995349,160.0,125.18903259953488
L2_3C24L,246,106,291.445,24,24,279.6907501220703,3,0,5,19.36417590242266,140.0,193.64175902422656
L2_3C24L,247,107,303.604,24,24,260.0242714881897,8,0,7,18.252428674577825,150.0,182.52428674577826
L2_3C24L,248,108,313.529,24,24,267.11461544036865,5,0,11,24.617948200423307,150.0,246.17948200423308
L2_3C24L,249,109,349.595,24,24,266.9112596511841,3,0,15,26.962464177007945,160.0,269.6246417700794
L2_3C24L,250,110,274.625,24,24,256.21334075927734,10,0,6,15.955531577031945,150.0,159.55531577031942
L2_3C24L,251,111,409.979,24,24,254.8779058456421,2,0,22,17.07364455898339,200.0,170.7364455898339
L2_3C24L,252,112,279.268,24,24,275.65631675720215,6,0,3,16.14561479738135,130.0,161.45614797381353
L2_3C24L,253,113,287.861,24,24,266.36002922058105,1,0,2,18.7999100150976,190.0,187.99910015097603
L2_3C24L,254,114,386.025,24,24,264.15810537338257,5,0,28,17.806298759873155,150.0,178.06298759873158
L2_3C24L,255,115,437.328,24,24,227.49633264541626,11,0,19,31.678852983523104,190.0,316.7885298352311
L2_3C24L,256,116,287.737,24,24,268.15247631073,6,0,6,16.158379255222705,150.0,161.5837925522271
L2_3C24L,257,117,271.996,24,24,285.7416343688965,0,0,1,17.527879595418476,150.0,175.27879595418477
L2_3C24L,258,118,329.674,24,24,257.7412734031677,7,0,15,15.862424189368191,160.0,158.6242418936819
L2_3C24L,259,119,280.974,24,24,277.37868785858154,2,0,4,20.404339915472562,150.0,204.04339915472562
L2_3C24L,260,120,299.862,24,24,257.16583251953125,7,0,7,14.447198098405241,170.0,144.4719809840524
L2_3C24L,261,121,290.423,24,24,253.60781574249268,12,0,7,16.307285466643865,140.0,163.0728546664386
L2_3C24L,262,122,339.208,24,24,269.6208190917969,8,0,15,19.597258147149503,120.0,195.97258147149503
L2_3C24L,263,123,287.653,24,24,290.920991897583,1,0,5,15.263347373683606,130.0,152.63347373683607
L2_3C24L,264,124,304.208,24,24,282.05265378952026,6,0,12,16.49116409046795,110.0,164.91164090467953
L2_3C24L,265,125,522.683,24,24,255.0111927986145,5,0,41,24.962642378910044,160.0,249.62642378910047
L2_3C24L,266,126,434.828,24,24,249.17061758041382,2,0,28,22.7646071602487,210.0,227.64607160248698
L2_3C24L,267,127,301.089,24,24,280.36572551727295,3,0,4,17.11425593604655,140.0,171.14255936046547
L2_3C24L,268,128,287.998,24,24,288.6374111175537,2,0,3,12.875291822871981,130.0,128.7529182287198
L2_3C24L,269,129,325.6,24,24,276.874267578125,5,0,16,13.752450201400011,130.0,137.52450201400012
L2_3C24L,270,130,269.291,24,24,307.787540435791,0,0,4,9.041535660734485,100.0,90.41535660734485
L2_3C24L,271,131,436.396,24,24,269.6573334932327,2,0,27,11.142216135231012,160.0,111.42216135231011
L2_3C24L,272,132,386.536,24,24,272.3443298339844,6,0,29,12.185532787394557,130.0,121.85532787394558
L2_3C24L,273,133,320.071,24,24,271.35452461242676,8,0,16,13.818248579019134,120.0,138.18248579019132
L2_3C24L,274,134,352.673,24,24,280.57389783859253,6,0,23,16.420332100921375,110.0,164.20332100921374
L2_3C24L,275,135,417.121,24,24,250.83440446853638,5,0,19,22.218631794734907,180.0,222.18631794734907
L2_3C24L,276,136,326.451,24,24,263.3262896537781,3,0,9,15.579034637181351,180.0,155.79034637181348
L2_3C24L,277,137,351.71,24,24,268.3172245025635,5,0,14,18.942528526245813,150.0,189.42528526245815
L2_3C24L,278,138,600.926,24,24,252.3321304321289,4,0,56,28.892872083267147,160.0,288.92872083267156
L2_3C24L,279,139,329.21,24,24,280.4329891204834,1,0,11,18.55669852382956,150.0,185.5669852382956
L2_3C24L,280,140,341.108,24,24,277.28862857818604,2,0,16,14.037871088271842,150.0,140.37871088271845
L2_3C24L,281,101,267.158,24,24,283.8958330154419,1,0,1,13.68053014092097,150.0,136.80530140920973
L2_3C24L,282,102,311.18,24,24,240.4153790473938,13,0,7,23.61537083994605,160.0,236.15370839946058
L2_3C24L,283,103,319.789,24,24,275.2665033340454,2,0,12,25.778329000259514,150.0,257.78329000259504
L2_3C24L,284,104,330.293,24,24,285.17502212524414,6,0,14,19.4165671042817,100.0,194.165671042817
L2_3C24L,285,105,326.75,24,24,268.23823165893555,4,0,7,15.872545835250548,160.0,158.72545835250548
L2_3C24L,286,106,320.541,24,24,254.36531782150269,6,0,2,33.78223653559356,170.0,337.8223653559356
L2_3C24L,287,107,259.13,24,24,264.8903684616089,9,0,8,12.032096024602323,140.0,120.32096024602323
L2_3C24L,288,108,314.048,24,24,261.9839115142822,6,0,9,16.720253317781335,160.0,167.20253317781336
L2_3C24L,289,109,371.715,24,24,270.47603464126587,1,0,19,20.079847345691324,170.0,200.79847345691323
L2_3C24L,290,110,328.865,24,24,253.28546142578125,9,0,11,15.715128510774386,160.0,157.15128510774386
L2_3C24L,291,111,373.262,24,24,266.8872423171997,5,0,17,18.70915611602769,150.0,187.09156116027694
L2_3C24L,292,112,279.666,24,24,270.69732093811035,9,0,5,16.008912581206552,120.0,160.08912581206556
L2_3C24L,293,113,317.63,24,24,277.2429938316345,4,0,10,12.523352238468393,140.0,125.23352238468394
L2_3C24L,294,114,283.543,24,24,285.1016845703125,5,0,6,21.327695366967575,110.0,213.27695366967575
L2_3C24L,295,115,397.264,24,24,249.88988733291626,9,0,16,17.03368711326204,160.0,170.33687113262044
L2_3C24L,296,116,288.363,24,24,262.491662979126,8,0,5,15.027764119816746,150.0,150.27764119816743
L2_3C24L,297,117,312.336,24,24,259.0601501464844,7,0,9,18.132836193820303,160.0,181.32836193820305
L2_3C24L,298,118,338.73,24,24,262.4185209274292,4,0,12,18.60493580800603,170.0,186.0493580800603
L2_3C24L,299,119,307.265,24,24,271.49103260040283,4,0,9,18.363206064550994,150.0,183.63206064550994
L2_3C24L,300,120,280.985,24,24,274.76959323883057,5,0,5,15.767998389265191,140.0,157.6799838926519
L2_3C24L,301,121,292.246,24,24,269.7646369934082,13,0,14,14.117863605716778,90.0,141.17863605716778
L2_3C24L,302,122,279.727,24,24,283.50400733947754,5,0,14,9.986607752459582,120.0,99.86607752459581
L2_3C24L,303,123,301.098,24,24,268.7209815979004,5,0,8,17.596686371600374,150.0,175.96686371600376
L2_3C24L,304,124,333.399,24,24,284.9162893295288,5,0,13,13.612360650015662,110.0,136.1236065001566
L2_3C24L,305,125,354.695,24,24,279.25119137763977,5,0,24,12.496026668656878,120.0,124.96026668656877
L2_3C24L,306,126,396.963,24,24,279.50984621047974,2,0,25,14.967173044914919,140.0,149.67173044914918
L2_3C24L,307,127,304.741,24,24,280.12965393066406,8,0,15,16.234482194743173,100.0,162.34482194743177
L2_3C24L,308,128,287.761,24,24,283.7666263580322,2,0,11,12.444568933330148,140.0,124.44568933330149
L2_3C24L,309,129,303.352,24,24,261.96078395843506,5,0,7,18.46401331173559,170.0,184.64013311735596
L2_3C24L,310,130,279.853,24,24,285.9914360046387,2,0,3,10.028543514796983,140.0,100.28543514796982
L2_3C24L,311,131,422.726,24,24,252.52274179458618,8,0,17,13.257523729605762,160.0,132.5752372960576
L2_3C24L,312,132,651.555,24,24,244.58365297317505,4,0,68,23.054460143346404,180.0,230.54460143346395
L2_3C24L,313,133,338.859,24,24,272.38982486724854,7,0,14,17.03391414486789,120.0,170.3391414486789
L2_3C24L,314,134,439.76,24,24,275.07250022888184,1,0,34,16.4249987324784,150.0,164.24998732478394
L2_3C24L,315,135,456.784,24,24,246.59163188934326,5,0,26,18.02788142458717,190.0,180.2788142458717
L2_3C24L,316,136,288.577,24,24,259.55822563171387,5,0,6,14.805902225022374,180.0,148.05902225022373
L2_3C24L,317,137,312.219,24,24,255.1853837966919,10,0,9,17.71538973163591,150.0,177.15389731635912
L2_3C24L,318,138,655.425,24,24,249.85534143447876,2,0,62,25.482199062467295,180.0,254.82199062467294
L2_3C24L,319,139,305.151,24,24,275.1270637512207,4,0,6,24.57642629769726,140.0,245.7642629769726
L2_3C24L,320,140,412.836,24,24,264.3224935531616,1,0,15,22.258350868266245,180.0,222.58350868266245
L2_3C24L,321,101,329.37,24,24,271.22504568099976,4,0,10,19.249847995831875,150.0,192.49847995831874
L2_3C24L,322,102,320.276,24,24,256.71583461761475,9,0,10,17.61389484110433,150.0,176.13894841104326
L2_3C24L,323,103,388.07,24,24,261.7743549346924,6,0,20,25.752122901746425,150.0,257.5212290174643
L2_3C24L,324,104,291.377,24,24,283.4464225769043,7,0,13,16.845233590518323,100.0,168.45233590518322
L2_3C24L,325,105,315.257,24,24,255.7680287361145,10,0,10,10.773231430182438,150.0,107.73231430182439
L2_3C24L,326,106,250.753,24,24,268.1668939590454,12,0,8,22.77702250606117,100.0,227.77022506061166
L2_3C24L,327,107,418.364,24,24,273.3098177909851,6,0,48,12.300604150296468,120.0,123.0060415029647
L2_3C24L,328,108,365.162,24,24,246.03045082092285,6,0,7,29.898492694934383,190.0,298.9849269493438
L2_3C24L,329,109,428.167,24,24,276.0612006187439,0,0,27,23.129331172881542,150.0,231.29331172881547
L2_3C24L,330,110,302.133,24,24,267.69398975372314,6,0,2,16.02004337710903,150.0,160.20043377109027
L2_3C24L,331,111,422.931,24,24,257.5298137664795,3,0,35,19.900581963908177,180.0,199.00581963908172
L2_3C24L,332,112,379.987,24,24,266.22649002075195,7,0,21,14.245028227098434,140.0,142.45028227098433
L2_3C24L,333,113,316.694,24,24,272.4997730255127,4,0,2,20.000753015195833,150.0,200.0075301519583
L2_3C24L,334,114,279.284,24,24,282.51829528808594,5,0,6,18.272346937974994,120.0,182.72346937974993
L2_3C24L,335,115,431.861,24,24,256.22926664352417,5,0,27,17.569070140200186,170.0,175.69070140200188
L2_3C24L,336,116,328.171,24,24,268.9366111755371,5,0,8,16.877955437508025,150.0,168.77955437508024
L2_3C24L,337,117,314.396,24,24,288.7229480743408,0,0,12,14.256841387760353,140.0,142.56841387760355
L2_3C24L,338,118,312.781,24,24,269.56661319732666,2,0,11,18.111281129769385,170.0,181.11281129769384
L2_3C24L,339,119,304.049,24,24,284.33092880249023,2,0,13,22.230239675471218,130.0,222.30239675471222
L2_3C24L,340,120,316.011,24,24,273.54215002059937,5,0,12,14.859495785871314,140.0,148.59495785871317
L2_3C24L,341,121,294.12,24,24,273.77441024780273,10,0,16,17.418603756918785,100.0,174.18603756918787
L2_3C24L,342,122,269.434,24,24,296.71978187561035,5,0,3,9.267414666034451,90.0,92.67414666034453
L2_3C24L,343,123,285.448,24,24,281.66631841659546,3,0,3,22.778919633464245,130.0,227.7891963346424
L2_3C24L,344,124,294.665,24,24,282.2297019958496,5,0,4,17.567649411138742,120.0,175.67649411138746
L2_3C24L,345,125,396.275,24,24,229.96160507202148,14,0,22,20.127987272627145,170.0,201.27987272627144
L2_3C24L,346,126,374.958,24,24,290.02226638793945,0,0,29,13.259111321186234,130.0,132.59111321186236
L2_3C24L,347,127,287.007,24,24,272.8276767730713,3,0,4,17.241068714525213,160.0,172.41068714525213
L2_3C24L,348,128,305.338,24,24,264.00065565109253,6,0,12,18.33115222710093,150.0,183.31152227100927
L2_3C24L,349,129,325.857,24,24,285.1669054031372,4,0,9,12.776990930788315,120.0,127.76990930788315
L2_3C24L,350,130,289.245,24,24,295.75207901000977,0,0,3,9.159734386801986,130.0,91.59734386801986
L2_3C24L,351,131,441.126,24,24,252.59289383888245,10,0,25,14.690339375479732,140.0,146.90339375479732
L2_3C24L,352,132,385.633,24,24,251.27654933929443,12,0,17,22.411500366646592,130.0,224.11500366646592
L2_3C24L,353,133,266.902,24,24,264.15562629699707,13,0,2,12.814554497739932,110.0,128.14554497739934
L2_3C24L,354,134,362.94,24,24,266.07250690460205,8,0,20,18.091600464303593,130.0,180.9160046430359
L2_3C24L,355,135,384.778,24,24,252.69115591049194,12,0,15,17.696113894055483,130.0,176.9611389405548
L2_3C24L,356,136,266.559,24,24,274.226113319397,3,0,2,14.246250413118101,160.0,142.462504131181
L2_3C24L,357,137,350.896,24,24,271.4498085975647,7,0,13,15.167287888960855,130.0,151.67287888960854
L2_3C24L,358,138,694.676,24,24,234.9291853904724,6,0,89,30.236023294376313,180.0,302.36023294376315
L2_3C24L,359,139,346.462,24,24,278.55366611480713,6,0,24,23.154435295839487,110.0,231.54435295839485
L2_3C24L,360,140,461.265,24,24,263.5189094543457,2,0,21,18.270297144869044,170.0,182.70297144869048
L2_3C24L,361,101,257.499,24,24,290.5393056869507,4,0,5,13.202270413547502,110.0,132.022704135475
L2_3C24L,362,102,302.89,24,24,261.17814922332764,9,0,5,21.072832427250983,140.0,210.7283242725098
L2_3C24L,363,103,361.087,24,24,250.51391077041626,9,0,11,24.95359278416137,160.0,249.5359278416137
L2_3C24L,364,104,256.037,24,24,296.15986824035645,5,0,3,14.467105765606146,90.0,144.67105765606146
L2_3C24L,365,105,280.233,24,24,270.80604553222656,7,0,2,10.646510236512139,140.0,106.46510236512141
L2_3C24L,366,106,352.243,24,24,280.45672130584717,4,0,20,18.47757985460376,120.0,184.77579854603758
L2_3C24L,367,107,434.784,24,24,245.10537195205688,9,0,27,14.64875147846605,170.0,146.48751478466048
L2_3C24L,368,108,316.809,24,24,255.44847679138184,11,0,9,30.17171470414717,130.0,301.7171470414717
L2_3C24L,369,109,282.285,24,24,266.01135540008545,5,0,5,19.962135706031624,160.0,199.62135706031626
L2_3C24L,370,110,289.935,24,24,286.1140079498291,4,0,4,14.619947838990036,120.0,146.19947838990038
L2_3C24L,371,111,396.853,24,24,266.3423595428467,1,0,24,17.192097191080133,180.0,171.92097191080137
L2_3C24L,372,112,314.45,24,24,286.22058391571045,5,0,10,12.598045450014556,110.0,125.98045450014557
L2_3C24L,373,113,290.166,24,24,272.56988048553467,3,0,4,18.10037960239502,160.0,181.00379602395023
L2_3C24L,374,114,339.673,24,24,270.01056575775146,9,0,13,13.298065520028834,120.0,132.98065520028834
L2_3C24L,375,115,400.801,24,24,274.5400667190552,2,0,20,13.19977443914084,150.0,131.99774439140842
L2_3C24L,376,116,300.447,24,24,277.67642974853516,4,0,4,16.078549092076223,140.0,160.78549092076221
L2_3C24L,377,117,325.223,24,24,279.53629636764526,2,0,9,11.545671018960842,150.0,115.45671018960843
L2_3C24L,378,118,352.937,24,24,270.8383321762085,6,0,18,22.205558698916512,130.0,222.05558698916516
L2_3C24L,379,119,339.377,24,24,283.0583300590515,1,0,20,18.138907465692284,140.0,181.38907465692284
L2_3C24L,380,120,317.298,24,24,278.7120370864868,6,0,9,14.293192154015193,120.0,142.93192154015193
L2_3C24L,381,121,425.517,24,24,271.0594334602356,8,0,18,18.13521919910548,110.0,181.35219199105484
L2_3C24L,382,122,356.411,24,24,279.5770511627197,6,0,33,14.743152138199692,110.0,147.4315213819969
L2_3C24L,383,123,310.537,24,24,266.2113313674927,5,0,14,14.295532223936572,160.0,142.95532223936567
L2_3C24L,384,124,255.582,24,24,296.1728687286377,5,0,7,12.757107809880472,90.0,127.57107809880469
L2_3C24L,385,125,283.914,24,24,273.8683919906616,9,0,10,15.438691469865526,110.0,154.38691469865526
L2_3C24L,386,126,387.554,24,24,271.08924865722656,2,0,20,16.369167001797187,160.0,163.69167001797186
L2_3C24L,387,127,279.955,24,24,278.9773283004761,7,0,5,10.075555935911009,120.0,100.7555593591101
L2_3C24L,388,128,288.955,24,24,267.63308906555176,6,0,5,16.223028500241362,150.0,162.2302850024136
L2_3C24L,389,129,345.649,24,24,265.5045337677002,8,0,13,24.984880588712787,130.0,249.84880588712784
L2_3C24L,390,130,284.615,24,24,278.1078281402588,4,0,5,14.64057393941698,140.0,146.40573939416979
L2_3C24L,391,131,398.955,24,24,271.66579151153564,2,0,22,14.447350406742636,160.0,144.4735040674264
L2_3C24L,392,132,478.056,24,24,252.43017148971558,8,0,30,21.899390090165078,150.0,218.9939009016508
L2_3C24L,393,133,560.742,24,24,264.0744957923889,4,0,43,21.418307314899216,140.0,214.18307314899218
L2_3C24L,394,134,282.365,24,24,277.5997476577759,8,0,8,13.000794332182005,110.0,130.00794332182002
L2_3C24L,395,135,267.627,24,24,263.72381687164307,10,0,6,15.920590178122705,130.0,159.20590178122703
L2_3C24L,396,136,310.789,24,24,256.8687515258789,8,0,6,18.770822404413078,160.0,187.70822404413084
L2_3C24L,397,137,289.348,24,24,264.01226234436035,6,0,5,16.625776174941755,160.0,166.25776174941757
L2_3C24L,398,138,500.345,24,24,239.65795707702637,13,0,45,22.806806560808077,140.0,228.06806560808076
L2_3C24L,399,139,346.459,24,24,289.5367259979248,3,0,18,16.54423293632542,110.0,165.4423293632542
L2_3C24L,400,140,424.371,24,24,272.0612907409668,1,0,20,18.12902061406141,160.0,181.29020614061415
L2_3C24L,401,101,373.074,24,24,284.7039489746094,1,0,15,12.653471551205932,140.0,126.53471551205931
L2_3C24L,402,102,269.132,24,24,268.87886333465576,9,0,4,23.7370815159805,120.0,237.370815159805
L2_3C24L,403,103,292.92,24,24,258.7187442779541,8,0,6,20.937508741705283,150.0,209.37508741705287
L2_3C24L,404,104,330.169,24,24,288.21195554733276,5,0,14,19.293457928148214,100.0,192.93457928148214
L2_3C24L,405,105,283.672,24,24,282.1319122314453,8,0,7,9.56029980831153,100.0,95.60299808311531
L2_3C24L,406,106,377.247,24,24,279.21127557754517,5,0,15,25.962396083991514,110.0,259.6239608399151
L2_3C24L,407,107,387.236,24,24,276.155659198761,6,0,29,12.81446775985862,120.0,128.14467759858618
L2_3C24L,408,108,329.137,24,24,256.9871153831482,9,0,10,35.04292929955906,140.0,350.4292929955906
L2_3C24L,409,109,338.424,24,24,274.29795718193054,4,0,13,17.3401148018773,140.0,173.40114801877294
L2_3C24L,410,110,369.75,24,24,261.13747811317444,6,0,10,27.875075055873033,150.0,278.7507505587303
L2_3C24L,411,111,281.871,24,24,278.4605121612549,7,0,8,11.798280750027569,120.0,117.9828075002757
L2_3C24L,412,112,318.274,24,24,291.0030827522278,3,0,13,16.656391995340787,110.0,166.5639199534079
L2_3C24L,413,113,304.168,24,24,281.85643768310547,2,0,8,17.14520281815783,140.0,171.45202818157827
L2_3C24L,414,114,487.041,24,24,260.1005220413208,5,0,24,26.33159273928802,150.0,263.3159273928802
L2_3C24L,415,115,328.078,24,24,262.3817934989929,6,0,10,15.393984344126942,160.0,153.93984344126946
L2_3C24L,416,116,256.263,24,24,284.1032238006592,5,0,6,12.98925651768363,120.0,129.8925651768363
L2_3C24L,417,117,306.606,24,24,282.3041572570801,1,0,8,12.319445701007023,150.0,123.19445701007025
L2_3C24L,418,118,352.417,24,24,278.94327878952026,6,0,13,21.85573763828395,110.0,218.55737638283955
L2_3C24L,419,119,273.787,24,24,277.9304141998291,5,0,3,20.231950970833168,130.0,202.31950970833168
L2_3C24L,420,120,349.236,24,24,279.54710054397583,6,0,12,19.842965630471003,110.0,198.42965630471002
L2_3C24L,421,121,370.248,24,24,266.64018392562866,14,0,24,17.8660531725973,80.0,178.66053172597302
L2_3C24L,422,122,339.218,24,24,265.49817514419556,10,0,17,13.339407135067969,120.0,133.3940713506797
L2_3C24L,423,123,308.723,24,24,266.1047911643982,4,0,7,22.984005276286204,160.0,229.84005276286194
L2_3C24L,424,124,284.964,24,24,297.6271171569824,4,0,11,11.24294390103605,90.0,112.42943901036048
L2_3C24L,425,125,305.199,24,24,278.121657371521,7,0,7,14.594470755624844,110.0,145.94470755624843
L2_3C24L,426,126,298.192,24,24,258.7300634384155,8,0,10,20.8997913327251,150.0,208.997913327251
L2_3C24L,427,127,289.245,24,24,287.44449520111084,4,0,5,10.184991778535966,120.0,101.84991778535962
L2_3C24L,428,128,278.235,24,24,264.188533782959,5,0,3,12.70488882658881,170.0,127.04888826588811
L2_3C24L,429,129,300.289,24,24,272.32240295410156,7,0,13,13.925299563412107,130.0,139.25299563412108
L2_3C24L,430,130,269.248,24,24,301.24542236328125,1,0,3,9.181924686091959,110.0,91.8192468609196
L2_3C24L,431,131,393.801,24,24,275.5777440071106,4,0,18,16.40752304602924,130.0,164.0752304602924
L2_3C24L,432,132,408.13,24,24,254.84670543670654,7,0,14,20.51098727809462,160.0,205.10987278094618
L2_3C24L,433,133,282.258,24,24,291.23940205574036,6,0,6,12.535331662258331,90.0,125.35331662258332
L2_3C24L,434,134,305.27,24,24,297.260694026947,3,0,10,17.464312701305975,90.0,174.64312701305974
L2_3C24L,435,135,287.294,24,24,259.4667224884033,11,0,9,15.11090092175442,130.0,151.10900921754416
L2_3C24L,436,136,302.6,24,24,271.40481758117676,6,0,5,16.983924816498853,140.0,169.83924816498853
L2_3C24L,437,137,270.343,24,24,262.45187187194824,8,0,4,15.160441928230135,150.0,151.60441928230136
L2_3C24L,438,138,398.851,24,24,247.26436710357666,12,0,39,17.452112956117382,140.0,174.52112956117386
L2_3C24L,439,139,299.179,24,24,291.3552522659302,3,0,9,15.482486341085627,110.0,154.82486341085627
L2_3C24L,440,140,386.001,24,24,273.367449760437,0,0,17,17.108497882437536,170.0,171.08497882437536
L2_3C24L,441,101,264.098,24,24,286.42777824401855,2,0,1,10.240731093404488,140.0,102.40731093404486
L2_3C24L,442,102,332.959,24,24,279.1882333755493,4,0,6,19.372543143561614,130.0,193.7254314356162
L2_3C24L,443,103,363.562,24,24,271.6280245780945,3,0,14,22.906563622944837,150.0,229.06563622944836
L2_3C24L,444,104,330.265,24,24,275.3832583427429,9,0,14,22.055795071727765,100.0,220.55795071727766
L2_3C24L,445,105,289.599,24,24,259.0274291038513,9,0,12,11.57524387628043,150.0,115.75243876280427
L2_3C24L,446,106,291.102,24,24,264.05020332336426,9,0,8,21.499309848009634,130.0,214.9930984800964
L2_3C24L,447,107,309.676,24,24,269.9506530761719,8,0,14,20.16449609787224,120.0,201.64496097872237
L2_3C24L,448,108,306.567,24,24,278.6577491760254,4,0,13,21.14082520088,130.0,211.40825200879996
L2_3C24L,449,109,524.897,24,24,256.52867794036865,3,0,31,26.571061605442008,170.0,265.71061605442014
L2_3C24L,450,110,262.543,24,24,275.0997326374054,8,0,3,13.000886749760538,120.0,130.00886749760537
L2_3C24L,451,111,365.527,24,24,275.0324411392212,1,0,18,18.225196700722503,160.0,182.25196700722503
L2_3C24L,452,112,243.658,24,24,258.5129632949829,15,0,4,13.290104950104318,110.0,132.90104950104316
L2_3C24L,453,113,291.626,24,24,290.9067840576172,1,0,6,15.310728916750039,130.0,153.1072891675004
L2_3C24L,454,114,283.671,24,24,262.2433977127075,7,0,7,20.85531330604733,150.0,208.55313306047324
L2_3C24L,455,115,290.877,24,24,275.1300401687622,5,0,7,14.56653273471711,140.0,145.66532734717114
L2_3C24L,456,116,386.724,24,24,264.3639249801636,7,0,18,15.453575482531027,140.0,154.5357548253103
L2_3C24L,457,117,310.484,24,24,280.4248638153076,1,0,9,18.583794769841415,150.0,185.83794769841415
L2_3C24L,458,118,329.324,24,24,272.3912081718445,6,0,17,17.02930510863278,130.0,170.29305108632778
L2_3C24L,459,119,292.934,24,24,273.98164081573486,1,0,4,18.39453404598055,170.0,183.94534045980555
L2_3C24L,460,120,304.852,24,24,272.1763072013855,7,0,8,12.745599817318148,130.0,127.45599817318147
L2_3C24L,461,121,296.498,24,24,286.25188064575195,9,0,22,9.160395541297152,80.0,91.60395541297152
L2_3C24L,462,122,289.44,24,24,279.5662820339203,5,0,7,9.779039029396062,130.0,97.79039029396064
L2_3C24L,463,123,291.477,24,24,274.94956636428833,6,0,10,13.501441946237668,130.0,135.01441946237665
L2_3C24L,464,124,249.087,24,24,281.23345828056335,8,0,6,14.221808428254443,100.0,142.21808428254442
L2_3C24L,465,125,403.936,24,24,259.27524042129517,8,0,21,22.41583563567071,140.0,224.1583563567071
L2_3C24L,466,126,341.021,24,24,264.02134442329407,3,0,22,18.26217825943356,170.0,182.62178259433563
L2_3C24L,467,127,295.195,24,24,270.2964415550232,6,0,9,15.678508745455943,140.0,156.7850874545594
L2_3C24L,468,128,293.73,24,24,265.2748136520386,7,0,8,14.0839224166797,150.0,140.83922416679698
L2_3C24L,469,129,292.536,24,24,298.83495712280273,1,0,6,15.550136317363075,110.0,155.50136317363075
L2_3C24L,470,130,268.241,24,24,298.1421012878418,3,0,4,11.192996216687154,100.0,111.92996216687153
L2_3C24L,471,131,413.329,24,24,269.293306350708,1,0,19,14.02227847447414,170.0,140.22278474474138
L2_3C24L,472,132,572.934,24,24,267.19565868377686,3,0,55,21.014474159544754,140.0,210.14474159544756
L2_3C24L,473,133,344.191,24,24,243.0489439368248,15,0,20,19.83683573649249,130.0,198.3683573649249
L2_3C24L,474,134,324.375,24,24,251.23434233665466,13,0,12,19.21884364412693,130.0,192.18843644126935
L2_3C24L,475,135,329.631,24,24,271.3656396865845,9,0,15,17.114529077998643,110.0,171.1452907799864
L2_3C24L,476,136,288.886,24,24,274.06917572021484,3,0,5,11.43607128347807,160.0,114.3607128347807
L2_3C24L,477,137,326.443,24,24,249.29169750213623,9,0,9,20.69432600670746,170.0,206.9432600670746
L2_3C24L,478,138,463.215,24,24,265.0791845321655,5,0,51,23.06936325694526,140.0,230.69363256945252
L2_3C24L,479,139,296.5,24,24,292.07242822647095,3,0,9,13.091907360334744,110.0,130.91907360334744
L2_3C24L,480,140,470.972,24,24,271.1583023071289,1,0,24,16.138976690119822,160.0,161.3897669011982
L2_3C24L,481,101,264.235,24,24,293.4244976043701,2,0,5,10.25166436128987,120.0,102.51664361289872
L2_3C24L,482,102,313.417,24,24,287.47772550582886,2,0,8,11.740890807147329,130.0,117.4089080714733
L2_3C24L,483,103,464.337,24,24,256.5774793624878,6,0,23,28.0750696173513,150.0,280.750696173513
L2_3C24L,484,104,326.842,24,24,296.27496242523193,2,0,23,14.083449538768445,100.0,140.8344953876844
L2_3C24L,485,105,289.575,24,24,273.7663297653198,6,0,7,9.112193732312956,140.0,91.12193732312957
L2_3C24L,486,106,305.632,24,24,282.5780792236328,3,0,8,19.739714475682554,130.0,197.39714475682558
L2_3C24L,487,107,372.796,24,24,254.97301626205444,9,0,22,13.423280515308138,150.0,134.23280515308136
L2_3C24L,488,108,426.545,24,24,255.7034854888916,10,0,20,27.65501305276846,130.0,276.55013052768464
L2_3C24L,489,109,299.44,24,24,265.8138585090637,6,0,7,18.953799284392485,150.0,189.53799284392488
L2_3C24L,490,110,252.79,24,24,281.59083557128906,6,0,1,13.03054318468355,120.0,130.3054318468355
L2_3C24L,491,111,389.046,24,24,277.02563285827637,3,0,14,13.24788106687472,140.0,132.4788106687472
L2_3C24L,492,112,280.668,24,24,283.28800106048584,7,0,9,15.706660605170313,100.0,157.06660605170313
L2_3C24L,493,113,288.849,24,24,274.0871467590332,4,0,4,29.70950798633666,140.0,297.0950798633666
L2_3C24L,494,114,383.575,24,24,255.90537929534912,11,0,16,21.982055514272403,130.0,219.8205551427241
L2_3C24L,495,115,390.561,24,24,274.5580825805664,3,0,20,16.47305343279541,140.0,164.73053432795408
L2_3C24L,496,116,279.254,24,24,277.005145072937,7,0,5,14.982853795847909,120.0,149.82853795847913
L2_3C24L,497,117,372.644,24,24,262.8929452896118,3,0,15,12.023513643677981,180.0,120.23513643677978
L2_3C24L,498,118,430.909,24,24,262.21958351135254,6,0,29,22.601373698157424,140.0,226.01373698157425
L2_3C24L,499,119,341.244,24,24,283.347421169281,1,0,19,17.17527601799041,140.0,171.75276017990407
L2_3C24L,500,120,320.671,24,24,283.4008574485779,4,0,11,13.66378126855939,120.0,136.6378126855939
L2_3C24L,501,121,351.072,24,24,268.0259130001068,10,0,23,13.246957187459069,110.0,132.46957187459068
L2_3C24L,502,122,357.368,24,24,276.2890567779541,6,0,19,25.70314001123719,110.0,257.03140011237184
L2_3C24L,503,123,351.045,24,24,264.2519874572754,6,0,17,17.49334808302939,150.0,174.9334808302939
L2_3C24L,504,124,266.35,24,24,293.5247802734375,4,0,4,18.250732738374595,100.0,182.50732738374595
L2_3C24L,505,125,268.345,24,24,293.4976558685303,3,0,2,13.341133309808066,110.0,133.41133309808066
L2_3C24L,506,126,298.714,24,24,278.4095516204834,3,0,7,18.634822301893593,140.0,186.34822301893595
L2_3C24L,507,127,290.364,24,24,276.5031785964966,6,0,4,13.322739137103127,130.0,133.22739137103125
L2_3C24L,508,128,315.987,24,24,288.1068572998047,0,0,7,16.310447074349177,140.0,163.10447074349176
L2_3C24L,509,129,280.817,24,24,279.3490676879883,5,0,7,13.836427063567115,130.0,138.36427063567118
L2_3C24L,510,130,269.248,24,24,294.3986358642578,2,0,2,8.67121481910721,120.0,86.7121481910721
L2_3C24L,511,131,374.434,24,24,280.0637106895447,3,0,19,13.120913963049999,130.0,131.2091396305
L2_3C24L,512,132,328.0,24,24,260.3630437850952,9,0,16,18.78983804720079,140.0,187.89838047200791
L2_3C24L,513,133,367.152,24,24,278.3518257141113,6,0,22,18.827255391618102,110.0,188.272553916181
L2_3C24L,514,134,282.466,24,24,281.4831953048706,8,0,13,13.389330563050486,100.0,133.89330563050487
L2_3C24L,515,135,339.694,24,24,259.89262104034424,10,0,15,18.691239868138286,130.0,186.9123986813829
L2_3C24L,516,136,268.997,24,24,284.97863006591797,2,0,1,16.73788579430308,140.0,167.37885794303082
L2_3C24L,517,137,290.094,24,24,274.2749767303467,4,0,7,14.083407804130129,150.0,140.83407804130127
L2_3C24L,518,138,598.43,24,24,246.79240036010742,5,0,74,29.02531703758907,170.0,290.25317037589076
L2_3C24L,519,139,306.291,24,24,287.0076279640198,2,0,8,13.307906808051015,130.0,133.07906808051018
L2_3C24L,520,140,411.129,24,24,273.2560615539551,1,0,17,19.14642321175538,160.0,191.46423211755376
L2_3C24L,521,101,256.907,24,24,289.5851058959961,2,0,1,13.049643870070204,130.0,130.496438700702
L2_3C24L,522,102,328.613,24,24,270.43044900894165,7,0,15,15.23183764465216,130.0,152.31837644652157
L2_3C24L,523,103,327.974,24,24,269.18417024612427,6,0,9,27.719391233844227,130.0,277.1939123384423
L2_3C24L,524,104,268.981,24,24,283.8053226470947,7,0,3,18.982254872758126,100.0,189.8225487275813
L2_3C24L,525,105,268.752,24,24,293.0215435028076,5,0,6,8.261508137404963,100.0,82.61508137404964
L2_3C24L,526,106,288.377,24,24,258.41432905197144,8,0,4,23.6188775873083,150.0,236.18877587308296
L2_3C24L,527,107,388.599,24,24,273.399001121521,5,0,14,18.66996181691758,130.0,186.69961816917584
L2_3C24L,528,108,349.793,24,24,262.52306842803955,9,0,12,21.589739725541676,130.0,215.89739725541676
L2_3C24L,529,109,350.034,24,24,279.3163437843323,5,0,12,17.278838714154233,120.0,172.78838714154233
L2_3C24L,530,110,265.817,24,24,290.0845718383789,2,0,0,13.051414351714929,130.0,130.5141435171493
L2_3C24L,531,111,397.174,24,24,274.6912326812744,1,0,14,14.362544382755802,160.0,143.62544382755803
L2_3C24L,532,112,279.875,24,24,267.69021129608154,9,0,3,14.36595364737287,130.0,143.6595364737287
L2_3C24L,533,113,288.367,24,24,280.99109077453613,2,0,1,16.696349843045176,150.0,166.96349843045178
L2_3C24L,534,114,397.626,24,24,250.29232597351074,12,0,16,17.358892139275437,140.0,173.58892139275437
L2_3C24L,535,115,375.332,24,24,268.56114387512207,2,0,24,13.129522953601112,170.0,131.29522953601113
L2_3C24L,536,116,401.441,24,24,256.146094083786,8,0,19,19.51299704699263,150.0,195.1299704699263
L2_3C24L,537,117,411.662,24,24,265.50604009628296,4,0,28,14.979869313194442,160.0,149.79869313194442
L2_3C24L,538,118,277.191,24,24,273.5114622116089,4,0,2,16.628442693909093,150.0,166.284426939091
L2_3C24L,539,119,326.577,24,24,263.74468421936035,4,0,4,32.517702842546434,160.0,325.1770284254643
L2_3C24L,540,120,257.879,24,24,284.84718322753906,3,0,1,17.176020267737247,130.0,171.76020267737243
L2_3C24L,541,121,387.282,24,24,277.99211406707764,7,0,19,10.026280701316042,110.0,100.26280701316043
L2_3C24L,542,122,293.929,24,24,276.2371482849121,11,0,16,12.542806909888707,90.0,125.42806909888708
L2_3C24L,543,123,262.561,24,24,270.73528385162354,6,0,3,20.882369875354815,140.0,208.82369875354811
L2_3C24L,544,124,295.67,24,24,288.763708114624,6,0,8,22.45429731765535,90.0,224.54297317655355
L2_3C24L,545,125,381.879,24,24,266.9110007286072,4,0,15,15.296640532301728,160.0,152.96640532301726
L2_3C24L,546,126,331.798,24,24,280.6758165359497,2,0,10,21.080603954352092,140.0,210.806039543521
L2_3C24L,547,127,293.893,24,24,269.6743745803833,6,0,6,22.752069985542036,140.0,227.52069985542033
L2_3C24L,548,128,267.97,24,24,259.96284103393555,7,0,3,20.123831060919905,160.0,201.23831060919906
L2_3C24L,549,129,351.346,24,24,281.3335943222046,3,0,19,12.221348227926626,130.0,122.21348227926627
L2_3C24L,550,130,279.344,24,24,281.4980049133301,6,0,2,11.673283504322571,120.0,116.73283504322573
L2_3C24L,551,131,585.015,24,24,257.94879817962646,2,0,44,21.837304454966073,170.0,218.37304454966073
L2_3C24L,552,132,485.625,24,24,271.887047290802,3,0,29,20.376502415741786,140.0,203.76502415741788
L2_3C24L,553,133,295.666,24,24,284.9312114715576,8,0,12,13.562628245467245,90.0,135.62628245467243
L2_3C24L,554,134,378.598,24,24,274.97148084640503,8,0,30,18.42840019818122,100.0,184.28400198181217
L2_3C24L,555,135,350.199,24,24,275.6099853515625,6,0,13,19.633390631549204,120.0,196.333906315492
L2_3C24L,556,136,361.338,24,24,259.78960609436035,4,0,16,12.367979662272809,180.0,123.6797966227281
L2_3C24L,557,137,323.08,24,24,245.0115385055542,12,0,6,18.294871106784687,160.0,182.94871106784686
L2_3C24L,558,138,528.217,24,24,235.2962064743042,11,0,50,30.679295944156028,160.0,306.79295944156024
L2_3C24L,559,139,290.851,24,24,283.4835910797119,2,0,14,13.388002686186471,140.0,133.88002686186474
L2_3C24L,560,140,290.216,24,24,286.3640069961548,3,0,5,10.453289118580727,130.0,104.53289118580724
L2_3C24L,561,101,254.08,24,24,291.49443650245667,4,0,4,10.018505541014257,110.0,100.1850554101426
L2_3C24L,562,102,285.992,24,24,277.76037979125977,7,0,4,25.798728120608946,110.0,257.98728120608945
L2_3C24L,563,103,338.544,24,24,269.066725730896,3,0,11,23.110927954097935,160.0,231.1092795409794
L2_3C24L,564,104,321.955,24,24,296.9754605293274,4,0,12,21.748461476304318,80.0,217.48461476304317
L2_3C24L,565,105,254.032,24,24,272.6714096069336,8,0,2,9.428630662291065,130.0,94.28630662291063
L2_3C24L,566,106,333.515,24,24,280.3337779045105,3,0,10,25.55402890705742,130.0,255.54028907057415
L2_3C24L,567,107,376.315,24,24,261.871812582016,7,0,25,10.427258930064664,150.0,104.27258930064663
L2_3C24L,568,108,306.574,24,24,270.3315691947937,5,0,11,25.561421057620247,140.0,255.61421057620245
L2_3C24L,569,109,440.447,24,24,256.5378465652466,7,0,22,23.207138002899583,150.0,232.0713800289959
L2_3C24L,570,110,330.371,24,24,286.9340739250183,3,0,18,11.886420985323658,120.0,118.86420985323659
L2_3C24L,571,111,371.912,24,24,266.6447420120239,4,0,14,12.850825176292368,160.0,128.50825176292366
L2_3C24L,572,112,243.933,24,24,282.489782333374,7,0,5,13.367393542451225,110.0,133.67393542451225
L2_3C24L,573,113,318.461,24,24,267.1078996658325,4,0,6,19.640334648021238,160.0,196.40334648021235
L2_3C24L,574,114,391.626,24,24,263.16859340667725,10,0,18,21.104655879731673,120.0,211.04655879731675
L2_3C24L,575,115,401.647,24,24,271.28564643859863,3,0,29,14.047807081113909,150.0,140.47807081113908
L2_3C24L,576,116,290.859,24,24,264.64204025268555,7,0,5,16.193216426241634,150.0,161.93216426241634
L2_3C24L,577,117,321.415,24,24,289.33965015411377,1,0,14,10.53450891508609,130.0,105.3450891508609
L2_3C24L,578,118,363.609,24,24,257.52486181259155,5,0,17,23.25045971732864,170.0,232.50459717328633
L2_3C24L,579,119,340.088,24,24,271.4487462043762,1,0,16,16.83748695760778,170.0,168.3748695760778
L2_3C24L,580,120,292.511,24,24,288.1979079246521,3,0,11,12.673620345761623,120.0,126.73620345761623
L2_3C24L,581,121,403.113,24,24,285.3011302947998,2,0,34,17.329549547443204,120.0,173.29549547443204
L2_3C24L,582,122,390.831,24,24,284.48313093185425,4,0,31,13.38956203457918,110.0,133.8956203457918
L2_3C24L,583,123,269.57,24,24,295.0919370651245,3,0,7,16.36020935844628,100.0,163.6020935844628
L2_3C24L,584,124,331.217,24,24,278.55272912979126,7,0,22,13.157568883683888,110.0,131.5756888368389
L2_3C24L,585,125,375.088,24,24,261.1270942687988,7,0,19,17.9096833386127,150.0,179.09683338612703
L2_3C24L,586,126,361.142,24,24,279.94038248062134,2,0,19,18.532055260346997,140.0,185.32055260347005
L2_3C24L,587,127,287.291,24,24,279.5601463317871,5,0,3,13.132819510386827,130.0,131.3281951038683
L2_3C24L,588,128,291.744,24,24,279.4650630950928,3,0,3,21.783094407049937,140.0,217.83094407049936
L2_3C24L,589,129,351.13,24,24,294.84877586364746,3,0,17,12.170747392053027,100.0,121.70747392053026
L2_3C24L,590,130,324.95,24,24,287.16931915283203,1,0,13,9.435599743201571,140.0,94.35599743201571
L2_3C24L,591,131,431.408,24,24,257.2658066749573,5,0,22,14.113935749963364,170.0,141.13935749963366
L2_3C24L,592,132,399.554,24,24,268.3114881515503,5,0,19,22.295035146307384,140.0,222.95035146307384
L2_3C24L,593,133,288.803,24,24,270.7850558757782,9,0,9,12.383124930603055,120.0,123.83124930603053
L2_3C24L,594,134,362.305,24,24,264.0499973297119,8,0,21,24.833306050792388,130.0,248.33306050792388
L2_3C24L,595,135,400.28,24,24,269.95160484313965,2,0,27,16.827970370797882,160.0,168.27970370797883
L2_3C24L,596,136,289.991,24,24,259.7861375808716,5,0,2,12.379544896606067,180.0,123.79544896606069
L2_3C24L,597,137,315.337,24,24,246.56638193130493,13,0,9,16.44539738654972,150.0,164.45397386549718
L2_3C24L,598,138,440.626,24,24,248.26697850227356,8,0,39,22.44337996727195,160.0,224.4337996727195
L2_3C24L,599,139,295.819,24,24,280.72399139404297,1,0,8,19.253366829035773,150.0,192.5336682903577
L2_3C24L,600,140,403.287,24,24,281.66367530822754,1,0,17,17.787703235487268,140.0,177.87703235487268
L2_3C24L,601,101,349.226,24,24,284.28043270111084,2,0,10,22.39854322746742,130.0,223.98543227467422
L2_3C24L,602,102,371.425,24,24,283.398042678833,1,0,21,27.00651686841207,130.0,270.0651686841207
L2_3C24L,603,103,561.77,24,24,246.2577199935913,4,0,36,32.47426087751535,180.0,324.7426087751535
L2_3C24L,604,104,307.288,24,24,302.56108498573303,3,0,15,13.129670621845754,80.0,131.29670621845756
L2_3C24L,605,105,267.187,24,24,286.48781967163086,6,0,6,8.373936712670973,110.0,83.73936712670974
L2_3C24L,606,106,316.804,24,24,275.53731513023376,6,0,14,19.87559742805413,120.0,198.7559742805413
L2_3C24L,607,107,364.306,24,24,257.99080181121826,8,0,24,18.36396967894602,150.0,183.63969678946017
L2_3C24L,608,108,328.76,24,24,265.5464367866516,8,0,23,19.845177561436337,130.0,198.45177561436333
L2_3C24L,609,109,388.639,24,24,256.0251398086548,7,0,26,21.582851195337362,160.0,215.82851195337363
L2_3C24L,610,110,252.783,24,24,286.55452251434326,7,0,4,13.151593515552047,100.0,131.51593515552048
L2_3C24L,611,111,380.121,24,24,263.20294666290283,3,0,12,24.323483741834664,170.0,243.2348374183467
L2_3C24L,612,112,376.127,24,24,271.2134037017822,4,0,21,19.28864676773086,140.0,192.88646767730864
L2_3C24L,613,113,291.71,24,24,255.01123332977295,9,0,3,29.962548920313147,150.0,299.6254892031315
L2_3C24L,614,114,266.74,24,24,274.27754974365234,6,0,3,20.741485809977974,130.0,207.4148580997798
L2_3C24L,615,115,365.404,24,24,276.18048667907715,2,0,15,14.398370859625874,150.0,143.98370859625874
L2_3C24L,616,116,314.25,24,24,282.11885356903076,5,0,17,12.937156724289059,120.0,129.37156724289056
L2_3C24L,617,117,331.729,24,24,271.7689423561096,4,0,17,12.43686757798239,150.0,124.3686757798239
L2_3C24L,618,118,301.049,24,24,275.92539858818054,7,0,8,15.248634258517777,120.0,152.48634258517777
L2_3C24L,619,119,294.65,24,24,287.15740442276,4,0,11,19.47532334454208,110.0,194.75323344542076
L2_3C24L,620,120,291.654,24,24,283.6345453262329,3,0,6,14.551496052205744,130.0,145.51496052205746
L2_3C24L,621,121,343.295,24,24,262.9087905883789,13,0,28,13.637353920523237,100.0,136.3735392052324
L2_3C24L,622,122,360.45,24,24,264.37296295166016,9,0,20,13.75678057199712,130.0,137.56780571997118
L2_3C24L,623,123,301.609,24,24,279.3285655975342,5,0,7,13.904776264992403,130.0,139.04776264992404
L2_3C24L,624,124,284.755,24,24,279.4665563106537,7,0,12,15.11147238596973,110.0,151.11472385969728
L2_3C24L,625,125,348.4,24,24,241.18587684631348,14,0,20,14.380412950739073,150.0,143.8041295073907
L2_3C24L,626,126,369.18,24,24,272.7911386489868,2,0,18,15.696199177391732,160.0,156.96199177391733
L2_3C24L,627,127,290.318,24,24,269.9759740829468,7,0,4,13.413405001608004,140.0,134.13405001608
L2_3C24L,628,128,278.423,24,24,279.8800811767578,2,0,1,18.73306125381957,150.0,187.3306125381957
L2_3C24L,629,129,351.358,24,24,278.51016092300415,4,0,19,16.632789035067983,130.0,166.3278903506798
L2_3C24L,630,130,303.509,24,24,275.2143783569336,5,0,8,9.285409034247683,140.0,92.85409034247687
L2_3C24L,631,131,365.76,24,24,290.2567687034607,2,0,19,15.810768007425041,110.0,158.1076800742504
L2_3C24L,632,132,453.191,24,24,269.58207273483276,4,0,27,23.05973659217785,140.0,230.59736592177848
L2_3C24L,633,133,302.967,24,24,268.7978391647339,8,0,10,15.673869550422436,130.0,156.73869550422435
L2_3C24L,634,134,479.166,24,24,270.77824544906616,1,0,50,30.73918755944878,150.0,307.3918755944878
L2_3C24L,635,135,350.086,24,24,267.74513816833496,6,0,8,19.182876008104657,140.0,191.82876008104657
L2_3C24L,636,136,265.791,24,24,269.3071355819702,3,0,5,18.97622205600926,170.0,189.76222056009257
L2_3C24L,637,137,341.464,24,24,263.7067575454712,8,0,15,17.644147549950656,140.0,176.4414754995066
L2_3C24L,638,138,612.562,24,24,250.96424674987793,6,0,72,26.785834841616545,150.0,267.8583484161654
L2_3C24L,639,139,296.5,24,24,293.2431859970093,4,0,16,12.522714314817138,100.0,125.22714314817138
L2_3C24L,640,140,266.284,24,24,294.2927236557007,2,0,5,9.024251054927737,120.0,90.24251054927738
L2_3C24L,641,101,293.83,24,24,298.43366718292236,2,0,12,16.88777845574435,100.0,168.8777845574435
L2_3C24L,642,102,285.221,24,24,265.40379524230957,8,0,8,16.987351950346703,140.0,169.873519503467
L2_3C24L,643,103,301.927,24,24,272.3363227844238,5,0,7,23.878904671231624,140.0,238.78904671231624
L2_3C24L,644,104,302.687,24,24,280.6872863769531,8,0,7,16.042374004963904,100.0,160.42374004963906
L2_3C24L,645,105,304.877,24,24,281.45460057258606,7,0,8,8.484639551096667,110.0,84.84639551096666
L2_3C24L,646,106,306.348,24,24,283.05121421813965,5,0,15,18.162599738686023,110.0,181.62599738686023
L2_3C24L,647,107,470.424,24,24,256.87064933776855,6,0,41,13.764486771121057,160.0,137.64486771121057
L2_3C24L,648,108,326.061,24,24,269.50050139427185,6,0,17,18.331656780602824,140.0,183.31656780602822
L2_3C24L,649,109,274.272,24,24,267.42848348617554,7,0,4,16.905059833229423,140.0,169.05059833229421
L2_3C24L,650,110,289.429,24,24,281.9673147201538,4,0,4,15.108950666196009,130.0,151.08950666196012
L2_3C24L,651,111,353.188,24,24,286.39629793167114,1,0,16,17.012332068640163,130.0,170.12332068640166
L2_3C24L,652,112,307.539,24,24,248.29935836791992,13,0,7,19.002110387077273,140.0,190.02110387077272
L2_3C24L,653,113,301.197,24,24,267.85068225860596,5,0,4,12.164388503882837,160.0,121.64388503882839
L2_3C24L,654,114,391.717,24,24,260.9678144454956,9,0,14,25.10725803973468,130.0,251.0725803973468
L2_3C24L,655,115,365.461,24,24,271.9590663909912,3,0,14,13.469775917471871,150.0,134.69775917471873
L2_3C24L,656,116,303.49,24,24,278.86010694503784,3,0,14,12.132961837516286,140.0,121.32961837516285
L2_3C24L,657,117,289.11,24,24,263.15251636505127,4,0,5,12.824903701296973,180.0,128.24903701296972
L2_3C24L,658,118,350.189,24,24,254.89257907867432,9,0,12,23.691383491106567,150.0,236.9138349110657
L2_3C24L,659,119,279.871,24,24,272.4101343154907,4,0,5,21.96621580660157,150.0,219.66215806601573
L2_3C24L,660,120,270.407,24,24,275.6376094818115,7,0,3,16.207967433065797,120.0,162.07967433065798
L2_3C24L,661,121,332.598,24,24,281.38893699645996,10,0,22,8.70353834617115,80.0,87.03538346171153
L2_3C24L,662,122,271.9,24,24,288.9799613952637,7,0,5,11.733459161542559,90.0,117.33459161542557
L2_3C24L,663,123,364.366,24,24,275.1985454559326,4,0,14,27.671529179288633,130.0,276.7152917928864
L2_3C24L,664,124,291.371,24,24,283.5565662384033,6,0,5,16.478092827696813,110.0,164.78092827696813
L2_3C24L,665,125,329.055,24,24,260.80103874206543,9,0,18,12.329816295150064,140.0,123.29816295150061
L2_3C24L,666,126,389.46,24,24,284.2747902870178,0,0,31,19.084011891330988,140.0,190.8401189133099
L2_3C24L,667,127,281.429,24,24,266.84382247924805,8,0,3,12.187230978000485,140.0,121.87230978000484
L2_3C24L,668,128,324.006,24,24,262.6826286315918,6,0,9,16.057871967329167,160.0,160.57871967329163
L2_3C24L,669,129,361.341,24,24,283.7848553657532,4,0,17,12.383817762539843,120.0,123.83817762539843
L2_3C24L,670,130,278.719,24,24,282.99041175842285,3,0,3,10.031957669414268,140.0,100.3195766941427
L2_3C24L,671,131,448.63,24,24,269.6469120979309,3,0,29,14.510251107786676,150.0,145.10251107786678
L2_3C24L,672,132,600.014,24,24,254.07157707214355,4,0,59,28.09472977918957,160.0,280.94729779189566
L2_3C24L,673,133,294.856,24,24,261.63972759246826,13,0,9,16.200876273762173,110.0,162.0087627376217
L2_3C24L,674,134,290.483,24,24,274.28804206848145,9,0,11,12.373194426256342,110.0,123.7319442625634
L2_3C24L,675,135,302.832,24,24,256.4441101551056,12,0,9,15.186278234612628,130.0,151.86278234612632
L2_3C24L,676,136,376.441,24,24,264.8483633995056,3,0,12,18.83878133364363,170.0,188.38781333643638
L2_3C24L,677,137,363.526,24,24,247.33211421966553,9,0,10,22.226271579164443,170.0,222.26271579164435
L2_3C24L,678,138,515.76,24,24,243.03330278396606,10,0,49,28.222313702984394,150.0,282.2231370298439
L2_3C24L,679,139,293.668,24,24,282.41324615478516,2,0,6,20.289146829696815,140.0,202.89146829696816
L2_3C24L,680,140,403.128,24,24,271.80820751190186,0,0,13,20.639290733110297,170.0,206.39290733110295
L2_3C24L,681,101,368.174,24,24,281.16489839553833,1,0,13,19.450309479102806,140.0,194.50309479102802
L2_3C24L,682,102,334.646,24,24,277.7717480659485,4,0,10,24.094160046278358,130.0,240.94160046278355
L2_3C24L,683,103,321.163,24,24,259.1436138153076,5,0,8,24.521264975855477,170.0,245.21264975855468
L2_3C24L,684,104,407.152,24,24,279.8396635055542,5,0,17,23.867774240245875,110.0,238.6777424024587
L2_3C24L,685,105,305.784,24,24,290.1452827453613,4,0,6,9.515700206209976,110.0,95.15700206209976
L2_3C24L,686,106,284.85,24,24,271.99975204467773,8,0,11,18.334144089895002,120.0,183.34144089895
L2_3C24L,687,107,279.132,24,24,278.1919860839844,7,0,12,11.026694990273493,120.0,110.26694990273495
L2_3C24L,688,108,390.938,24,24,257.86770820617676,5,0,19,22.1076418018007,170.0,221.076418018007
L2_3C24L,689,109,305.655,24,24,261.15553092956543,9,0,10,16.148236161900325,140.0,161.48236161900323
L2_3C24L,690,110,305.973,24,24,278.27751445770264,5,0,5,17.408289002750507,130.0,174.08289002750502
L2_3C24L,691,111,362.457,24,24,286.1569986343384,0,0,18,17.80999225085239,140.0,178.0999225085239
L2_3C24L,692,112,279.624,24,24,288.337646484375,6,0,4,13.874516844147044,100.0,138.74516844147044
L2_3C24L,693,113,300.999,24,24,280.4060797691345,3,0,8,11.979693250912415,140.0,119.79693250912415
L2_3C24L,694,114,438.597,24,24,246.05769443511963,9,0,18,29.807654838051388,160.0,298.07654838051394
L2_3C24L,695,115,271.979,24,24,266.2175450325012,8,0,3,15.941511592831679,140.0,159.41511592831677
L2_3C24L,696,116,316.357,24,24,272.92445850372314,4,0,9,15.251798087587165,150.0,152.51798087587164
L2_3C24L,697,117,386.186,24,24,263.8626446723938,2,0,17,18.791176874168006,180.0,187.91176874168008
L2_3C24L,698,118,327.402,24,24,258.47103691101074,8,0,11,21.76317967756602,150.0,217.63179677566015
L2_3C24L,699,119,329.418,24,24,285.2542333602905,1,0,6,20.819236708234286,140.0,208.19236708234286
L2_3C24L,700,120,310.399,24,24,286.69586420059204,3,0,14,12.68044768384296,120.0,126.80447683842964
L2_3C24L,701,121,364.38,24,24,291.73177909851074,5,0,22,10.894039280181,90.0,108.94039280181
L2_3C24L,702,122,269.767,24,24,295.6473398208618,5,0,6,9.50883556828569,90.0,95.0883556828569
L2_3C24L,703,123,260.995,24,24,302.30526542663574,1,0,4,17.315747509021243,100.0,173.15747509021242
L2_3C24L,704,124,291.824,24,24,306.1385588645935,1,0,9,12.871435128717273,90.0,128.71435128717275
L2_3C24L,705,125,304.377,24,24,259.365029335022,10,0,13,13.783229268670611,140.0,137.8322926867061
L2_3C24L,706,126,320.225,24,24,261.2603006362915,4,0,4,30.798962008757115,170.0,307.98962008757115
L2_3C24L,707,127,389.429,24,24,275.2971749305725,2,0,22,15.676070382592414,150.0,156.76070382592417
L2_3C24L,708,128,313.381,24,24,240.79818725585938,12,0,4,19.00600246866177,170.0,190.0600246866177
L2_3C24L,709,129,354.634,24,24,258.29774475097656,7,0,18,15.67417210133441,160.0,156.74172101334415
L2_3C24L,710,130,243.993,24,24,302.2808475494385,2,0,0,10.730506491664595,100.0,107.30506491664596
L2_3C24L,711,131,453.952,24,24,268.1933753490448,3,0,26,19.355377296859416,150.0,193.55377296859413
L2_3C24L,712,132,563.124,24,24,274.0317015647888,2,0,59,21.560999923244,130.0,215.60999923243998
L2_3C24L,713,133,327.288,24,24,260.1618266105652,9,0,12,14.46057393263084,140.0,144.60573932630842
L2_3C24L,714,134,436.804,24,24,261.8147883415222,7,0,16,18.950692853501007,140.0,189.50692853501005
L2_3C24L,715,135,277.87,24,24,249.91098022460938,13,0,13,15.296707835291983,140.0,152.96707835291986
L2_3C24L,716,136,300.961,24,24,251.3064889907837,9,0,4,13.978360757595338,170.0,139.78360757595337
L2_3C24L,717,137,276.233,24,24,264.24886989593506,7,0,3,19.170429270070578,150.0,191.70429270070576
L2_3C24L,718,138,576.325,24,24,254.97125816345215,5,0,73,28.429130085885607,150.0,284.29130085885606
L2_3C24L,719,139,306.291,24,24,287.0373635292053,2,0,10,13.20879232032362,130.0,132.08792320323622
L2_3C24L,720,140,379.18,24,24,247.01881885528564,10,0,14,21.603935072941155,160.0,216.03935072941147
L2_3C24L,721,101,304.926,24,24,293.2543487548828,0,0,6,14.152163993697114,130.0,141.52163993697116
L2_3C24L,722,102,328.613,24,24,277.4304428100586,5,0,7,15.23183764465216,130.0,152.31837644652157
L2_3C24L,723,103,312.975,24,24,239.41908931732178,11,0,6,30.269687972886075,170.0,302.6968797288608
L2_3C24L,724,104,331.629,24,24,271.9714136123657,9,0,9,20.095277911363244,110.0,200.95277911363246
L2_3C24L,725,105,278.859,24,24,274.94164085388184,7,0,9,8.527852412169882,130.0,85.27852412169881
L2_3C24L,726,106,287.182,24,24,281.3111777305603,0,0,4,17.29605499738951,160.0,172.96054997389518
L2_3C24L,727,107,385.075,24,24,243.20463037490845,10,0,30,15.984550473772334,170.0,159.84550473772333
L2_3C24L,728,108,324.836,24,24,264.1863422393799,8,0,12,29.37885548154893,130.0,293.78855481548925
L2_3C24L,729,109,347.261,24,24,257.4104652404785,10,0,11,18.63178147283381,140.0,186.3178147283381
L2_3C24L,730,110,262.543,24,24,287.2818536758423,4,0,7,12.39382121440875,120.0,123.93821214408746
L2_3C24L,731,111,511.071,24,24,264.91506814956665,1,0,34,18.616434772673507,170.0,186.1643477267351
L2_3C24L,732,112,315.061,24,24,285.5808062553406,5,0,11,14.730623926837488,110.0,147.30623926837487
L2_3C24L,733,113,267.639,24,24,276.57591247558594,2,0,1,16.413617099546833,160.0,164.13617099546838
L2_3C24L,734,114,319.95,24,24,288.7275342941284,2,0,8,20.908185456229717,120.0,209.08185456229714
L2_3C24L,735,115,411.313,24,24,274.41480016708374,2,0,26,13.617303419948842,150.0,136.1730341994884
L2_3C24L,736,116,304.004,24,24,280.78531789779663,4,0,10,14.048949392173064,130.0,140.48949392173066
L2_3C24L,737,117,306.673,24,24,278.317684173584,1,0,9,13.941057111337715,160.0,139.41057111337716
L2_3C24L,738,118,353.601,24,24,267.63515520095825,5,0,24,16.21614742263483,150.0,162.1614742263483
L2_3C24L,739,119,319.54,24,24,264.4565601348877,6,0,3,26.811445532193,150.0,268.11445532193
L2_3C24L,740,120,296.34,24,24,283.84088230133057,4,0,8,18.86369428538815,120.0,188.6369428538815
L2_3C24L,741,121,417.71,24,24,268.3750653266907,10,0,37,20.41640734339468,100.0,204.1640734339468
L2_3C24L,742,122,295.712,24,24,287.8934497833252,7,0,9,13.688504254584789,90.0,136.88504254584788
L2_3C24L,743,123,260.926,24,24,284.56150245666504,3,0,2,18.128311850251517,130.0,181.28311850251515
L2_3C24L,744,124,289.892,24,24,280.17750358581543,7,0,10,12.741641413588168,110.0,127.41641413588168
L2_3C24L,745,125,257.085,24,24,265.9576110839844,11,0,3,13.474607209729806,120.0,134.74607209729805
L2_3C24L,746,126,386.684,24,24,277.63279819488525,0,0,26,14.557339512792561,160.0,145.5733951279256
L2_3C24L,747,127,289.049,24,24,270.2346668243408,8,0,6,14.217778684134313,130.0,142.17778684134313
L2_3C24L,748,128,279.211,24,24,269.4403522014618,5,0,5,16.86546592286233,150.0,168.65465922862327
L2_3C24L,749,129,361.203,24,24,278.3171925544739,3,0,15,13.94268515888065,140.0,139.4268515888065
L2_3C24L,750,130,269.206,24,24,287.79833602905273,4,0,6,9.005543440419618,120.0,90.05543440419619
L2_3C24L,751,131,404.905,24,24,263.7848596572876,5,0,29,14.050448608117984,150.0,140.50448608117983
L2_3C24L,752,132,553.397,24,24,272.8910655975342,1,0,41,27.029747578726916,140.0,270.2974757872691
L2_3C24L,753,133,258.592,24,24,262.1946291923523,11,0,5,12.68456657210879,130.0,126.84566572108791
L2_3C24L,754,134,415.535,24,24,289.44095849990845,3,0,32,15.196766586188703,100.0,151.96766586188704
L2_3C24L,755,135,302.459,24,24,264.7545566558838,9,0,12,17.484777718074643,130.0,174.84777718074648
L2_3C24L,756,136,278.658,24,24,282.2115716934204,3,0,1,15.961415326333341,140.0,159.6141532633334
L2_3C24L,757,137,420.338,24,24,262.7758665084839,6,0,19,17.413768808734748,150.0,174.13768808734747
L2_3C24L,758,138,585.42,24,24,262.10681772232056,3,0,64,24.643919327402,150.0,246.43919327401994
L2_3C24L,759,139,280.37,24,24,291.9339237213135,1,0,6,13.55355331189491,130.0,135.5355331189491
L2_3C24L,760,140,427.756,24,24,278.89629459381104,0,0,20,18.679017794331436,150.0,186.79017794331438
L2_3C24L,761,101,247.438,24,24,303.1195125579834,3,0,3,9.601621425934303,90.0,96.01621425934306
L2_3C24L,762,102,340.695,24,24,262.28118228912354,8,0,9,17.396040442405194,140.0,173.96040442405194
L2_3C24L,763,103,373.839,24,24,265.3297166824341,2,0,18,22.23425213642638,170.0,222.34252136426377
L2_3C24L,764,104,331.892,24,24,291.68579959869385,5,0,10,21.047331168491525,90.0,210.47331168491525
L2_3C24L,765,105,294.766,24,24,303.6052474975586,2,0,7,11.315814859694175,90.0,113.15814859694177
L2_3C24L,766,106,286.549,24,24,282.16357231140137,6,0,3,21.121430420204323,110.0,211.2143042020432
L2_3C24L,767,107,325.074,24,24,250.180561542511,13,0,24,21.064792707105664,130.0,210.64792707105664
L2_3C24L,768,108,292.282,24,24,276.98946142196655,6,0,11,20.035124033553032,120.0,200.35124033553026
L2_3C24L,769,109,388.727,24,24,270.11291456222534,5,0,14,21.290293016121705,140.0,212.90293016121706
L2_3C24L,770,110,294.739,24,24,292.21821784973145,2,0,11,10.939282875794438,120.0,109.39282875794437
L2_3C24L,771,111,364.782,24,24,279.1447687149048,1,0,15,17.850757126212034,150.0,178.50757126212034
L2_3C24L,772,112,289.211,24,24,267.8357152938843,11,0,6,13.880930733489384,110.0,138.80930733489382
L2_3C24L,773,113,281.848,24,24,274.1437063217163,4,0,4,16.187643660321218,150.0,161.8764366032122
L2_3C24L,774,114,566.625,24,24,261.56509590148926,3,0,37,31.449676656691903,150.0,314.496766566919
L2_3C24L,775,115,301.268,24,24,255.3395767211914,9,0,9,13.868059353912026,160.0,138.68059353912028
L2_3C24L,776,116,279.504,24,24,261.5069057941437,8,0,3,16.643628260867047,150.0,166.43628260867047
L2_3C24L,777,117,252.063,24,24,287.8705539703369,1,0,0,15.431480119847915,140.0,154.31480119847916
L2_3C24L,778,118,339.037,24,24,274.5910930633545,5,0,12,19.69636147225011,130.0,196.96361472250112
L2_3C24L,779,119,314.457,24,24,285.2248411178589,1,0,11,15.917211890034809,140.0,159.17211890034804
L2_3C24L,780,120,342.185,24,24,296.01320457458496,1,0,13,14.955985452374861,110.0,149.55985452374864
L2_3C24L,781,121,358.561,24,24,275.1768114566803,11,0,27,14.410626552976167,80.0,144.10626552976169
L2_3C24L,782,122,404.641,24,24,264.3471403121948,9,0,35,17.176176464115837,120.0,171.7617646411584
L2_3C24L,783,123,293.175,24,24,271.72962188720703,5,0,6,20.901230967261306,140.0,209.01230967261307
L2_3C24L,784,124,272.371,24,24,287.81683349609375,5,0,5,12.277228362700058,110.0,122.77228362700058
L2_3C24L,785,125,467.789,24,24,257.9513530731201,6,0,28,28.495467470279678,150.0,284.9546747027968
L2_3C24L,786,126,362.571,24,24,264.2244210243225,6,0,14,17.585248079638124,150.0,175.85248079638123
L2_3C24L,787,127,305.302,24,24,261.51361083984375,9,0,5,19.954600086551128,140.0,199.5460008655113
L2_3C24L,788,128,316.084,24,24,267.31486320495605,7,0,4,20.617098950317715,140.0,206.17098950317714
L2_3C24L,789,129,291.51,24,24,268.9406099319458,7,0,3,15.197950150365857,140.0,151.97950150365858
L2_3C24L,790,130,284.05,24,24,283.2688150405884,6,0,7,14.10394575533254,110.0,141.0394575533254
L2_3C24L,791,131,385.515,24,24,283.02055263519287,1,0,18,13.264806770903958,140.0,132.6480677090396
L2_3C24L,792,132,606.238,24,24,242.20426893234253,7,0,59,24.319057968923218,170.0,243.19057968923215
L2_3C24L,793,133,351.187,24,24,266.26319122314453,7,0,20,14.122688936342737,140.0,141.22688936342735
L2_3C24L,794,134,280.812,24,24,287.18922424316406,6,0,16,12.70258516692841,100.0,127.02585166928411
L2_3C24L,795,135,315.735,24,24,276.95976734161377,6,0,7,20.13407334481906,120.0,201.34073344819058
L2_3C24L,796,136,315.739,24,24,261.91867780685425,5,0,4,18.604417709062012,170.0,186.0441770906202
L2_3C24L,797,137,376.076,24,24,268.57993602752686,7,0,14,19.73351576875089,130.0,197.3351576875089
L2_3C24L,798,138,393.125,24,24,233.66907691955566,15,0,44,19.436410028829453,150.0,194.36410028829448
L2_3C24L,799,139,282.422,24,24,286.03376603126526,5,0,12,14.887420279709811,110.0,148.87420279709812
L2_3C24L,800,140,396.564,24,24,258.94605016708374,8,0,15,23.513170261411364,140.0,235.13170261411366
L2_3C24L,801,101,355.229,24,24,270.9889612197876,3,0,15,25.036801514297203,150.0,250.368015142972
L2_3C24L,802,102,303.701,24,24,282.82733249664307,6,0,11,15.575510164921775,110.0,155.75510164921778
L2_3C24L,803,103,300.15,24,24,271.6088104248047,5,0,5,26.303937665787117,140.0,263.0393766578711
L2_3C24L,804,104,302.46,24,24,263.71212673187256,11,0,11,24.292894386338478,110.0,242.92894386338477
L2_3C24L,805,105,352.578,24,24,272.1109809875488,8,0,21,11.296687502376141,120.0,112.96687502376139
L2_3C24L,806,106,259.615,24,24,283.43248462677,7,0,5,16.891714571266437,100.0,168.91714571266436
L2_3C24L,807,107,352.012,24,24,247.24173140525818,12,0,28,14.194241124894141,150.0,141.9424112489414
L2_3C24L,808,108,396.521,24,24,271.64511346817017,4,0,13,26.182931094677233,140.0,261.8293109467724
L2_3C24L,809,109,264.401,24,24,267.60955715179443,6,0,4,17.968152314949805,150.0,179.68152314949802
L2_3C24L,810,110,337.849,24,24,264.0372841358185,5,0,12,14.87570352563646,160.0,148.7570352563646
L2_3C24L,811,111,375.657,24,24,284.3901786804199,1,0,22,10.366056142419394,140.0,103.66056142419396
L2_3C24L,812,112,268.878,24,24,285.76280212402344,7,0,6,12.457305495795483,100.0,124.57305495795481
L2_3C24L,813,113,287.835,24,24,274.49152755737305,4,0,0,16.694908654413073,150.0,166.94908654413075
L2_3C24L,814,114,367.03,24,24,246.61974477767944,7,0,9,31.26748590730398,180.0,312.6748590730399
L2_3C24L,815,115,325.936,24,24,264.99752712249756,8,0,13,13.341570950072503,140.0,133.415709500725
L2_3C24L,816,116,295.521,24,24,259.9910509586334,8,0,5,16.69646060201788,150.0,166.9646060201788
L2_3C24L,817,117,309.506,24,24,253.4787859916687,6,0,8,18.40404952015278,180.0,184.04049520152776
L2_3C24L,818,118,301.061,24,24,258.46100902557373,10,0,14,16.79664706556861,140.0,167.96647065568612
L2_3C24L,819,119,295.721,24,24,259.4796063899994,6,0,6,26.73462859463391,160.0,267.3462859463391
L2_3C24L,820,120,322.212,24,24,268.1313133239746,9,0,11,19.56229316713524,120.0,195.6229316713524
L2_3C24L,821,121,445.328,24,24,266.0844964981079,9,0,39,19.718319583266286,110.0,197.18319583266285
L2_3C24L,822,122,347.492,24,24,284.16821336746216,7,0,26,16.105956262318568,90.0,161.05956262318566
L2_3C24L,823,123,254.816,24,24,283.3521270751953,5,0,4,15.49289240792969,120.0,154.92892407929688
L2_3C24L,824,124,254.928,24,24,298.58141326904297,3,0,3,13.061960904803074,100.0,130.61960904803075
L2_3C24L,825,125,376.339,24,24,251.54765605926514,10,0,25,14.841135850878151,150.0,148.41135850878155
L2_3C24L,826,126,311.272,24,24,263.50369453430176,5,0,7,23.320999235135478,160.0,233.2099923513548
L2_3C24L,827,127,300.206,24,24,262.7383680343628,8,0,6,12.538752957202318,150.0,125.3875295720232
L2_3C24L,828,128,316.444,24,24,282.4186668395996,2,0,10,15.271112298729879,140.0,152.71112298729875
L2_3C24L,829,129,361.871,24,24,274.4072437286377,4,0,23,16.975852269524637,140.0,169.75852269524637
L2_3C24L,830,130,279.209,24,24,286.4156379699707,3,0,6,10.281219561506706,130.0,102.81219561506705
L2_3C24L,831,131,438.223,24,24,251.25103998184204,8,0,24,12.496517888913724,160.0,124.96517888913723
L2_3C24L,832,132,676.164,24,24,252.2265911102295,3,0,79,29.244694884384256,160.0,292.44694884384256
L2_3C24L,833,133,283.631,24,24,265.2860155105591,14,0,12,15.713282388389231,90.0,157.13282388389229
L2_3C24L,834,134,387.285,24,24,259.16136741638184,5,0,34,22.795446420747353,160.0,227.95446420747362
L2_3C24L,835,135,277.301,24,24,267.94611167907715,10,0,3,15.179612874491811,120.0,151.79612874491806
L2_3C24L,836,136,279.086,24,24,281.47739601135254,2,0,3,11.742025483757171,150.0,117.4202548375717
L2_3C24L,837,137,308.406,24,24,250.6728539466858,11,0,11,17.75715697730107,150.0,177.57156977301068
L2_3C24L,838,138,513.247,24,24,259.5291781425476,6,0,28,26.569382231999008,140.0,265.69382231999003
L2_3C24L,839,139,280.214,24,24,276.6576986312866,7,0,4,17.8076543763604,120.0,178.07654376360404
L2_3C24L,840,140,430.493,24,24,252.92425727844238,5,0,19,28.58579357266976,170.0,285.8579357266975
L2_3C24L,841,101,272.233,24,24,299.49910163879395,1,0,2,18.336285447799597,110.0,183.36285447799594
L2_3C24L,842,102,328.767,24,24,281.84509658813477,3,0,13,17.183005884201336,130.0,171.8300588420134
L2_3C24L,843,103,297.175,24,24,267.9262399673462,5,0,8,20.24587490879103,150.0,202.4587490879103
L2_3C24L,844,104,517.09,24,24,274.7628540992737,2,0,38,29.12380072492864,130.0,291.23800724928634
L2_3C24L,845,105,267.801,24,24,291.5340766906738,3,0,6,8.21971594847319,120.0,82.1971594847319
L2_3C24L,846,106,305.987,24,24,283.44018173217773,7,0,17,23.53272753492006,90.0,235.32727534920065
L2_3C24L,847,107,343.097,24,24,265.43306159973145,6,0,13,13.556412553290059,150.0,135.5641255329006
L2_3C24L,848,108,361.513,24,24,271.8626317977905,6,0,22,18.791219320483574,130.0,187.91219320483575
L2_3C24L,849,109,334.435,24,24,275.67212295532227,2,0,9,21.092904781403302,150.0,210.92904781403297
L2_3C24L,850,110,280.52,24,24,284.13743019104004,6,0,8,14.541898118464028,110.0,145.41898118464027
L2_3C24L,851,111,372.679,24,24,261.4642858505249,4,0,18,16.785679398080916,170.0,167.85679398080916
L2_3C24L,852,112,282.605,24,24,271.38477897644043,10,0,7,17.050730660417685,110.0,170.50730660417685
L2_3C24L,853,113,350.441,24,24,274.25335025787354,3,0,17,14.155499763373511,150.0,141.55499763373513
L2_3C24L,854,114,385.474,24,24,264.1978220939636,7,0,18,21.00723223923189,140.0,210.0723223923189
L2_3C24L,855,115,375.284,24,24,274.55076456069946,2,0,24,14.830760545868921,150.0,148.3076054586892
L2_3C24L,856,116,352.854,24,24,259.3518559932709,5,0,18,17.160451241031605,170.0,171.6045124103161
L2_3C24L,857,117,299.56,24,24,257.4887685775757,4,0,3,16.70410658271007,190.0,167.04106582710074
L2_3C24L,858,118,313.221,24,24,261.5525312423706,6,0,9,19.824863134785986,160.0,198.24863134785983
L2_3C24L,859,119,280.604,24,24,285.7785425186157,4,0,3,15.738177459663195,120.0,157.38177459663203
L2_3C24L,860,120,269.534,24,24,271.16331481933594,7,0,3,17.788925042053563,130.0,177.8892504205356
L2_3C24L,861,121,329.213,24,24,273.15134620666504,7,0,22,17.828852647892983,120.0,178.2885264789298
L2_3C24L,862,122,339.512,24,24,267.77100896835327,8,0,11,30.763281961969632,120.0,307.63281961969625
L2_3C24L,863,123,310.919,24,24,263.12982082366943,4,0,12,21.23391105508057,170.0,212.33911055080569
L2_3C24L,864,124,282.449,24,24,303.2404479980469,2,0,7,17.531840239916633,90.0,175.3184023991663
L2_3C24L,865,125,363.896,24,24,249.7656331062317,11,0,18,17.447881251096845,150.0,174.47881251096842
L2_3C24L,866,126,310.625,24,24,269.72390031814575,5,0,11,24.2536614762936,140.0,242.536614762936
L2_3C24L,867,127,288.506,24,24,277.231812953949,4,0,6,12.560611740725918,140.0,125.60611740725916
L2_3C24L,868,128,443.559,24,24,240.90346884727478,9,0,31,28.655082222434427,170.0,286.55082222434424
L2_3C24L,869,129,351.334,24,24,284.4961009025574,2,0,20,16.679667563642763,130.0,166.79667563642764
L2_3C24L,870,130,267.877,24,24,294.12034702301025,2,0,6,9.598848392274569,120.0,95.98848392274569
L2_3C24L,871,131,390.938,24,24,275.33918285369873,3,0,18,13.869386867233612,140.0,138.6938686723361
L2_3C24L,872,132,638.086,24,24,261.5432438850403,2,0,90,26.52251016721474,150.0,265.22510167214745
L2_3C24L,873,133,315.922,24,24,254.21782684326172,11,0,14,15.940581169316307,140.0,159.40581169316306
L2_3C24L,874,134,364.983,24,24,247.0629506111145,11,0,21,24.79014051016282,150.0,247.90140510162826
L2_3C24L,875,135,318.011,24,24,280.7892770767212,5,0,9,17.369080944326956,120.0,173.6908094432696
L2_3C24L,876,136,315.747,24,24,265.09275555610657,4,0,7,13.024099327878258,170.0,130.24099327878258
L2_3C24L,877,137,287.809,24,24,258.6564254760742,9,0,4,17.81191767995954,150.0,178.1191767995954
L2_3C24L,878,138,620.445,24,24,253.59929418563843,4,0,71,24.669007348005366,160.0,246.69007348005363
L2_3C24L,879,139,270.293,24,24,292.8440284729004,2,0,5,13.853239514798133,120.0,138.53239514798133
L2_3C24L,880,140,499.032,24,24,233.24632263183594,10,0,23,39.17888111309068,170.0,391.7888111309068
L2_3C24L,881,101,291.609,24,24,288.1783790588379,2,0,5,14.405395183761222,130.0,144.05395183761223
L2_3C24L,882,102,287.929,24,24,277.1438012123108,4,0,5,19.520642051824517,140.0,195.2064205182452
L2_3C24L,883,103,289.19,24,24,268.36870527267456,7,0,5,27.10428117898378,130.0,271.0428117898378
L2_3C24L,884,104,344.832,24,24,254.99848079681396,10,0,19,23.33839415703966,140.0,233.38394157039656
L2_3C24L,885,105,258.197,24,24,288.66367626190186,5,0,5,11.121074225077326,110.0,111.21074225077325
L2_3C24L,886,106,338.313,24,24,256.45083236694336,9,0,24,28.497209158011515,140.0,284.97209158011515
L2_3C24L,887,107,388.211,24,24,258.8683443069458,9,0,38,13.772187383749568,140.0,137.72187383749565
L2_3C24L,888,108,386.138,24,24,251.42761731147766,9,0,32,25.24126449250059,150.0,252.41264492500596
L2_3C24L,889,109,299.306,24,24,261.5509796142578,8,0,7,16.49671106358358,150.0,164.96711063583584
L2_3C24L,890,110,402.121,24,24,265.7469506263733,5,0,21,17.510129290393557,150.0,175.1012929039356
L2_3C24L,891,111,383.841,24,24,263.5175623893738,2,0,13,16.60812698438998,180.0,166.0812698438998
L2_3C24L,892,112,387.163,24,24,263.2559332847595,10,0,21,15.81355554788755,120.0,158.13555547887552
L2_3C24L,893,113,316.891,24,24,267.7807197570801,4,0,10,19.064259913980848,160.0,190.64259913980842
L2_3C24L,894,114,317.182,24,24,260.83878898620605,6,0,7,25.53734957496669,160.0,255.3734957496669
L2_3C24L,895,115,412.739,24,24,276.0641493797302,4,0,29,14.786134766694484,130.0,147.86134766694482
L2_3C24L,896,116,288.67,24,24,260.2903690338135,6,0,4,15.698740656238451,170.0,156.98740656238454
L2_3C24L,897,117,383.915,24,24,264.1462197303772,2,0,15,17.845921426911556,180.0,178.4592142691155
L2_3C24L,898,118,288.023,24,24,277.4956274032593,7,0,12,18.34791048933762,110.0,183.47910489337622
L2_3C24L,899,119,326.359,24,24,278.9443645477295,2,0,6,18.518776132875068,150.0,185.18776132875067
L2_3C24L,900,120,293.994,24,24,264.5710611343384,8,0,8,16.42978994572809,140.0,164.2978994572809
L2_3C24L,901,121,381.715,24,24,274.10809803009033,9,0,27,11.306339717922711,100.0,113.06339717922712
L2_3C24L,902,122,402.137,24,24,263.3646569252014,8,0,13,22.1177900870205,130.0,221.17790087020498
L2_3C24L,903,123,302.389,24,24,283.56987476348877,3,0,7,19.767044918006274,130.0,197.67044918006275
L2_3C24L,904,124,271.301,24,24,267.34222984313965,11,0,5,22.192537664690995,110.0,221.92537664690997
L2_3C24L,905,125,374.857,24,24,245.12448835372925,8,0,18,21.25169759534991,180.0,212.5169759534991
L2_3C24L,906,126,296.334,24,24,253.67369174957275,10,0,7,22.754356967651642,150.0,227.54356967651643
L2_3C24L,907,127,292.143,24,24,272.7075958251953,6,0,8,12.641314846876382,140.0,126.41314846876384
L2_3C24L,908,128,328.637,24,24,271.72138595581055,4,0,13,19.26204787675266,150.0,192.6204787675266
L2_3C24L,909,129,361.29,24,24,281.5719938278198,3,0,12,16.42668635717514,130.0,164.26686357175146
L2_3C24L,910,130,289.761,24,24,272.3986339569092,5,0,6,10.337867300538205,150.0,103.37867300538204
L2_3C24L,911,131,422.886,24,24,255.0387625694275,11,0,20,14.870760517478827,130.0,148.70760517478828
L2_3C24L,912,132,452.687,24,24,260.69946348667145,6,0,21,27.668455452244853,140.0,276.68455452244854
L2_3C24L,913,133,300.063,24,24,246.10940051078796,14,0,15,12.96865663042522,140.0,129.6865663042522
L2_3C24L,914,134,267.637,24,24,280.7345254421234,9,0,9,17.55154552610803,90.0,175.5154552610803
L2_3C24L,915,135,329.55,24,24,280.804808139801,7,0,19,18.98396410697435,100.0,189.83964106974352
L2_3C24L,916,136,294.024,24,24,283.4191379547119,2,0,2,16.936204378528274,140.0,169.36204378528276
L2_3C24L,917,137,294.253,24,24,255.3052749633789,7,0,6,22.31573485494515,170.0,223.15734854945146
L2_3C24L,918,138,378.328,24,24,273.7278690338135,3,0,25,24.240393324624808,140.0,242.40393324624807
L2_3C24L,919,139,260.023,24,24,296.0280418395996,2,0,2,16.57318577847128,110.0,165.73185778471282
L2_3C24L,920,140,256.429,24,24,288.27557849884033,4,0,4,9.081401255422309,120.0,90.81401255422307
L2_3C24L,921,101,247.498,24,24,309.51548194885254,1,0,4,9.948393224757698,90.0,99.48393224757697
L2_3C24L,922,102,303.547,24,24,232.33047199249268,16,0,10,17.231735112638212,160.0,172.31735112638208
L2_3C24L,923,103,333.491,24,24,269.0921983718872,4,0,12,21.359346835193737,150.0,213.5934683519373
L2_3C24L,924,104,527.231,24,24,258.7204165458679,6,0,44,29.26525656685947,140.0,292.65256566859466
L2_3C24L,925,105,257.183,24,24,302.7161512374878,2,0,2,7.612830705782185,100.0,76.12830705782186
L2_3C24L,926,106,307.109,24,24,262.99565410614014,8,0,11,21.681161336867966,140.0,216.81161336867967
L2_3C24L,927,107,364.56,24,24,240.12554168701172,13,0,35,14.581496706968803,160.0,145.814967069688
L2_3C24L,928,108,346.328,24,24,265.37745809555054,6,0,14,18.741802672564702,150.0,187.41802672564702
L2_3C24L,929,109,327.81,24,24,262.6922388076782,5,0,15,19.3591883495375,160.0,193.591883495375
L2_3C24L,930,110,300.464,24,24,278.91224479675293,5,0,6,15.292523787219695,130.0,152.92523787219696
L2_3C24L,931,111,378.595,24,24,269.92705821990967,1,0,21,21.909774218243143,170.0,219.09774218243143
L2_3C24L,932,112,278.912,24,24,283.9719886779785,5,0,5,13.426668107805549,120.0,134.26668107805548
L2_3C24L,933,113,316.64,24,24,282.4627933502197,2,0,2,20.124021468667745,140.0,201.24021468667746
L2_3C24L,934,114,350.368,24,24,258.02146434783936,7,0,7,19.92842389626399,160.0,199.28423896263996
L2_3C24L,935,115,318.726,24,24,261.16776037216187,5,0,8,16.107439701331238,170.0,161.07439701331236
L2_3C24L,936,116,307.063,24,24,257.32554364204407,9,0,8,15.581511114998314,150.0,155.81511114998315
L2_3C24L,937,117,377.112,24,24,275.6013927459717,1,0,28,11.32869261770164,160.0,113.28692617701641
L2_3C24L,938,118,338.335,24,24,270.12205600738525,3,0,6,19.59313400208767,160.0,195.93134002087675
L2_3C24L,939,119,317.788,24,24,262.9058156013489,7,0,11,16.98059351268107,150.0,169.80593512681068
L2_3C24L,940,120,330.422,24,24,284.26620960235596,4,0,15,10.779283987592688,120.0,107.79283987592687
L2_3C24L,941,121,363.933,24,24,265.64527320861816,12,0,25,14.515729590152628,100.0,145.15729590152625
L2_3C24L,942,122,339.114,24,24,275.56460094451904,8,0,17,13.117994329140796,110.0,131.17994329140797
L2_3C24L,943,123,277.983,24,24,298.083948135376,1,0,3,18.0535072752168,110.0,180.535072752168
L2_3C24L,944,124,305.219,24,24,292.07106590270996,3,0,8,13.096453031883959,110.0,130.9645303188396
L2_3C24L,945,125,556.696,24,24,260.1925594806671,5,0,35,29.35810642088696,140.0,293.58106420886963
L2_3C24L,946,126,409.697,24,24,273.7534170150757,1,0,20,17.488601335797124,160.0,174.88601335797125
L2_3C24L,947,127,279.125,24,24,277.6028881072998,6,0,4,11.323693738679783,130.0,113.23693738679782
L2_3C24L,948,128,314.829,24,24,261.80521392822266,6,0,6,18.982619269356057,160.0,189.82619269356059
L2_3C24L,949,129,351.272,24,24,287.80555152893066,4,0,20,12.314818117406112,110.0,123.14818117406111
L2_3C24L,950,130,290.01,24,24,279.7654309272766,2,0,6,10.781907542098999,150.0,107.81907542098999
L2_3C24L,951,131,712.328,24,24,251.30170679092407,3,0,51,27.327618818978646,160.0,273.27618818978647
L2_3C24L,952,132,636.445,24,24,265.03555822372437,1,0,69,24.881465447505782,150.0,248.81465447505778
L2_3C24L,953,133,277.634,24,24,249.60989475250244,15,0,5,12.966979247285126,130.0,129.66979247285124
L2_3C24L,954,134,358.179,24,24,268.22525548934937,9,0,16,22.582479251310293,110.0,225.82479251310292
L2_3C24L,955,135,267.205,24,24,259.2591691017151,15,0,5,15.80277542189148,100.0,158.02775421891482
L2_3C24L,956,136,305.088,24,24,268.584135055542,5,0,2,18.052867852727726,150.0,180.5286785272772
L2_3C24L,957,137,293.91,24,24,281.16956520080566,3,0,12,11.1014474829512,140.0,111.01447482951197
L2_3C24L,958,138,401.556,24,24,250.95284414291382,11,0,33,20.157163829658995,140.0,201.57163829658992
L2_3C24L,959,139,279.472,24,24,287.1298427581787,5,0,6,14.567171146885718,110.0,145.67171146885718
L2_3C24L,960,140,276.271,24,24,293.13736152648926,1,0,3,9.54211841194526,130.0,95.42118411945259
L2_3C24L,961,101,380.072,24,24,280.6273145675659,1,0,12,21.2422644268995,140.0,212.42264426899501
L2_3C24L,962,102,318.475,24,24,267.0657048225403,6,0,11,26.447656793071193,140.0,264.47656793071195
L2_3C24L,963,103,391.027,24,24,246.06376218795776,10,0,16,33.12075168251824,150.0,331.2075168251825
L2_3C24L,964,104,367.204,24,24,270.0226311683655,9,0,21,21.591234851567325,110.0,215.9123485156732
L2_3C24L,965,105,314.751,24,24,282.2656583786011,4,0,10,9.114446659728339,130.0,91.14446659728338
L2_3C24L,966,106,303.957,24,24,262.51758575439453,10,0,20,19.941370917567188,120.0,199.41370917567193
L2_3C24L,967,107,465.664,24,24,278.1935844421387,5,0,56,14.35470746241905,110.0,143.54707462419051
L2_3C24L,968,108,355.285,24,24,257.0894603729248,10,0,20,28.035127503888923,130.0,280.35127503888924
L2_3C24L,969,109,343.085,24,24,281.38721656799316,3,0,15,17.042594504181185,130.0,170.42594504181187
L2_3C24L,970,110,263.962,24,24,265.21557807922363,10,0,1,14.281386718758274,130.0,142.8138671875827
L2_3C24L,971,111,365.406,24,24,275.82273864746094,1,0,15,15.590875645996416,160.0,155.90875645996417
L2_3C24L,972,112,308.067,24,24,297.59467363357544,3,0,17,16.35107562693458,90.0,163.51075626934576
L2_3C24L,973,113,280.936,24,24,276.232666015625,6,0,1,19.22444087903621,130.0,192.24440879036212
L2_3C24L,974,114,506.729,24,24,283.108603477478,1,0,26,24.637944021595036,120.0,246.3794402159504
L2_3C24L,975,115,342.767,24,24,270.3379397392273,3,0,18,13.873494767327262,160.0,138.73494767327264
L2_3C24L,976,116,278.965,24,24,267.70462226867676,6,0,4,12.65122159916961,150.0,126.51221599169612
L2_3C24L,977,117,335.643,24,24,257.42128229141235,3,0,10,16.92905021033569,190.0,169.29050210335689
L2_3C24L,978,118,277.33,24,24,285.0170488357544,4,0,9,14.943170331547208,120.0,149.43170331547208
L2_3C24L,979,119,281.322,24,24,293.05774879455566,3,0,3,19.807490570293236,110.0,198.07490570293237
L2_3C24L,980,120,282.141,24,24,291.0741820335388,2,0,12,13.086062208922549,120.0,130.86062208922547
L2_3C24L,981,121,451.159,24,24,260.3631331920624,10,0,38,15.456206269188835,120.0,154.56206269188831
L2_3C24L,982,122,279.379,24,24,288.0920581817627,5,0,3,11.359790479952027,110.0,113.59790479952025
L2_3C24L,983,123,244.558,24,24,287.34260082244873,5,0,2,15.524661244201852,110.0,155.24661244201852
L2_3C24L,984,124,282.879,24,24,300.9102535247803,1,0,10,18.632473965056455,100.0,186.32473965056454
L2_3C24L,985,125,346.738,24,24,237.41545629501343,11,0,16,18.615144743598112,180.0,186.15144743598105
L2_3C24L,986,126,408.457,24,24,270.9847159385681,2,0,29,16.71761111647661,160.0,167.17611116476607
L2_3C24L,987,127,316.231,24,24,266.7128336429596,8,0,14,15.957204017132856,130.0,159.57204017132855
L2_3C24L,988,128,276.053,24,24,277.6645908355713,3,0,2,16.118041756773298,150.0,161.18041756773297
L2_3C24L,989,129,305.919,24,24,283.38714694976807,6,0,14,13.709497039764637,110.0,137.09497039764636
L2_3C24L,990,130,267.95,24,24,298.08043098449707,2,0,5,9.731887684545084,110.0,97.31887684545086
L2_3C24L,991,131,429.314,24,24,267.9042959213257,5,0,25,13.652354973320007,140.0,136.52354973320007
L2_3C24L,992,132,647.938,24,24,260.52887058258057,1,0,62,26.570423493661217,160.0,265.7042349366121
L2_3C24L,993,133,363.345,24,24,254.4070897102356,8,0,16,16.976336779141423,160.0,169.7633677914142
L2_3C24L,994,134,258.128,24,24,275.0379648208618,7,0,6,18.206785351376755,120.0,182.06785351376755
L2_3C24L,995,135,369.328,24,24,272.27204751968384,5,0,17,22.42648632042588,130.0,224.26486320425886
L2_3C24L,996,136,276.944,24,24,260.63060092926025,5,0,2,14.564646810767902,180.0,145.64646810767903
L2_3C24L,997,137,326.316,24,24,251.95688581466675,8,0,5,21.810373249195475,170.0,218.1037324919547
L2_3C24L,998,138,685.873,24,24,238.57022523880005,6,0,74,31.43257173686937,170.0,314.32571736869374
L2_3C24L,999,139,297.098,24,24,287.65527296066284,3,0,9,14.482423059262127,120.0,144.8242305926213
L2_3C24L,1000,140,393.147,24,24,276.8258981704712,1,0,12,22.24698003770485,150.0,222.46980037704853
L2_3C24L,1001,101,268.175,24,24,296.52305030822754,1,0,3,14.923122291994847,120.0,149.23122291994852
L2_3C24L,1002,102,303.399,24,24,281.25209283828735,5,0,16,15.826358940241605,120.0,158.26358940241605
L2_3C24L,1003,103,545.73,24,24,261.7610445022583,2,0,47,27.46315253978842,160.0,274.6315253978842
L2_3C24L,1004,104,406.082,24,24,272.0409564971924,6,0,21,26.53012627369575,120.0,265.3012627369574
L2_3C24L,1005,105,303.756,24,24,278.3135242462158,4,0,10,8.954914807009244,140.0,89.54914807009244
L2_3C24L,1006,106,344.07,24,24,265.3998098373413,5,0,9,28.667297029432856,150.0,286.6729702943286
L2_3C24L,1007,107,473.142,24,24,269.9062271118164,4,0,35,16.979245301718016,140.0,169.79245301718018
L2_3C24L,1008,108,364.451,24,24,233.99282658100128,12,0,15,31.690573101004723,170.0,316.9057310100472
L2_3C24L,1009,109,341.048,24,24,258.8564438819885,10,0,9,27.145147617143092,130.0,271.45147617143095
L2_3C24L,1010,110,291.207,24,24,272.3821258544922,6,0,5,13.726241993373847,140.0,137.2624199337385
L2_3C24L,1011,111,405.083,24,24,264.09699630737305,1,0,18,24.676678812772202,180.0,246.76678812772204
L2_3C24L,1012,112,314.285,24,24,285.5412702560425,5,0,9,14.862395139412186,110.0,148.6239513941219
L2_3C24L,1013,113,313.842,24,24,280.4361400604248,3,0,3,16.879535389424564,140.0,168.79535389424564
L2_3C24L,1014,114,325.859,24,24,255.26852345466614,7,0,13,25.77156850193758,160.0,257.7156850193758
L2_3C24L,1015,115,362.199,24,24,267.8577742576599,5,0,16,15.474060880104652,150.0,154.74060880104656
L2_3C24L,1016,116,325.6,24,24,267.0981068611145,8,0,13,14.672973000875295,130.0,146.72973000875294
L2_3C24L,1017,117,331.756,24,24,277.2872095108032,2,0,15,14.042646782614671,150.0,140.4264678261467
L2_3C24L,1018,118,363.553,24,24,261.0929055213928,7,0,16,18.02364738628048,150.0,180.23647386280481
L2_3C24L,1019,119,355.685,24,24,262.734742641449,5,0,16,19.21752276872029,160.0,192.1752276872029
L2_3C24L,1020,120,358.003,24,24,274.64412689208984,6,0,17,17.85290746851936,120.0,178.52907468519362
L2_3C24L,1021,121,355.231,24,24,281.57143115997314,8,0,31,14.761871193798457,90.0,147.61871193798459
L2_3C24L,1022,122,294.663,24,24,277.7685298919678,8,0,8,10.771565655874765,110.0,107.71565655874764
L2_3C24L,1023,123,254.556,24,24,266.25953674316406,8,0,5,15.801540987465456,140.0,158.01540987465458
L2_3C24L,1024,124,291.35,24,24,302.01296520233154,2,0,12,16.623444718145485,90.0,166.23444718145478
L2_3C24L,1025,125,325.832,24,24,244.20866775512695,12,0,6,15.971114108271184,160.0,159.71114108271183
L2_3C24L,1026,126,385.954,24,24,276.56344413757324,3,0,21,14.788516017699573,140.0,147.88516017699573
L2_3C24L,1027,127,283.358,24,24,261.202036857605,11,0,7,14.326536596700265,130.0,143.26536596700265
L2_3C24L,1028,128,298.783,24,24,273.6585273742676,0,0,2,17.804908696348075,180.0,178.04908696348076
L2_3C24L,1029,129,306.499,24,24,287.13514709472656,2,0,15,14.54949266505428,130.0,145.49492665054277
L2_3C24L,1030,130,268.932,24,24,289.8534936904907,3,0,4,13.821698904916962,120.0,138.21698904916963
L2_3C24L,1031,131,714.823,24,24,249.55295610427856,3,0,57,19.823476651162213,170.0,198.2347665116221
L2_3C24L,1032,132,418.517,24,24,273.747763633728,2,0,14,20.840771950646303,150.0,208.40771950646302
L2_3C24L,1033,133,285.634,24,24,288.9406976699829,8,0,18,13.53100412236168,80.0,135.31004122361682
L2_3C24L,1034,134,282.704,24,24,289.1786594390869,4,0,17,12.737809796463464,110.0,127.37809796463465
L2_3C24L,1035,135,360.918,24,24,268.96547269821167,5,0,15,20.11506008489483,140.0,201.15060084894824
L2_3C24L,1036,136,303.828,24,24,272.47318172454834,3,0,2,16.756015933501697,160.0,167.56015933501695
L2_3C24L,1037,137,329.267,24,24,257.5815763473511,10,0,10,18.06141586895778,140.0,180.6141586895778
L2_3C24L,1038,138,426.749,24,24,263.5188047885895,7,0,52,21.60399080885569,130.0,216.0399080885569
L2_3C24L,1039,139,260.023,24,24,289.9270257949829,3,0,4,13.576585731203405,120.0,135.76585731203403
L2_3C24L,1040,140,266.454,24,24,279.22061347961426,3,0,5,9.264611200254192,150.0,92.64611200254194
L2_3C24L,1041,101,293.503,24,24,293.07422065734863,4,0,4,18.085935113898785,100.0,180.85935113898788
L2_3C24L,1042,102,267.853,24,24,275.15298652648926,9,0,6,19.490018564050953,110.0,194.9001856405096
L2_3C24L,1043,103,326.864,24,24,254.36474990844727,10,0,7,28.78415633397335,140.0,287.8415633397335
L2_3C24L,1044,104,357.907,24,24,282.68820571899414,8,0,23,16.03931426724753,90.0,160.3931426724753
L2_3C24L,1045,105,257.613,24,24,288.28540563583374,6,0,8,10.715316058002493,100.0,107.15316058002493
L2_3C24L,1046,106,316.012,24,24,262.7254114151001,6,0,10,15.915265955758628,160.0,159.15265955758628
L2_3C24L,1047,107,289.159,24,24,273.0741653442383,7,0,11,11.419438600446204,130.0,114.19438600446205
L2_3C24L,1048,108,361.566,24,24,280.34309482574463,3,0,18,20.52301754078042,130.0,205.2301754078042
L2_3C24L,1049,109,343.753,24,24,284.2640686035156,2,0,11,22.453122339533365,130.0,224.53122339533365
L2_3C24L,1050,110,315.07,24,24,276.5763568878174,3,0,13,13.078768452168385,150.0,130.78768452168384
L2_3C24L,1051,111,355.599,24,24,279.4456424713135,2,0,15,16.847861544855498,140.0,168.47861544855493
L2_3C24L,1052,112,354.871,24,24,291.61994981765747,5,0,18,16.266801952660565,90.0,162.66801952660563
L2_3C24L,1053,113,304.768,24,24,288.0883045196533,3,0,3,18.038989809891806,120.0,180.38989809891808
L2_3C24L,1054,114,316.189,24,24,277.531286239624,6,0,16,14.895680237333146,120.0,148.95680237333147
L2_3C24L,1055,115,344.074,24,24,262.0987386703491,4,0,16,18.004167548998105,170.0,180.04167548998106
L2_3C24L,1056,116,283.945,24,24,282.7867751121521,3,0,8,12.37742305512326,130.0,123.77423055123259
L2_3C24L,1057,117,278.868,24,24,277.0034999847412,3,0,6,14.988337643072606,150.0,149.8833764307261
L2_3C24L,1058,118,330.357,24,24,256.4681656360626,8,0,20,18.439446569316072,150.0,184.39446569316075
L2_3C24L,1059,119,278.327,24,24,279.91089057922363,6,0,3,16.96369995352921,120.0,169.6369995352921
L2_3C24L,1060,120,297.891,24,24,298.49634528160095,3,0,15,13.345482988465847,90.0,133.45482988465847
L2_3C24L,1061,121,281.393,24,24,289.97893619537354,8,0,9,15.070201024417925,80.0,150.7020102441792
L2_3C24L,1062,122,355.351,24,24,279.90132570266724,6,0,22,13.662216698335154,110.0,136.62216698335152
L2_3C24L,1063,123,267.405,24,24,292.12390899658203,3,0,5,14.586974586409902,110.0,145.869745864099
L2_3C24L,1064,124,266.314,24,24,283.84560108184814,5,0,6,13.84797600555723,120.0,138.4797600555723
L2_3C24L,1065,125,380.381,24,24,244.33517026901245,12,0,28,18.882735680083883,150.0,188.82735680083883
L2_3C24L,1066,126,418.197,24,24,270.79044103622437,2,0,18,17.365193668110845,160.0,173.65193668110845
L2_3C24L,1067,127,290.302,24,24,262.6258430480957,8,0,6,12.913838611024099,150.0,129.138386110241
L2_3C24L,1068,128,376.246,24,24,264.17124605178833,6,0,14,17.762507540547045,150.0,177.62507540547043
L2_3C24L,1069,129,300.458,24,24,267.3530683517456,7,0,5,17.15640398385245,140.0,171.56403983852448
L2_3C24L,1070,130,289.235,24,24,287.9207057952881,2,0,7,10.264277958684225,130.0,102.64277958684222
L2_3C24L,1071,131,431.056,24,24,252.2219853401184,8,0,17,14.26004579242917,160.0,142.60045792429167
L2_3C24L,1072,132,599.231,24,24,263.14105224609375,1,0,42,27.863131934964184,160.0,278.63131934964184
L2_3C24L,1073,133,308.184,24,24,272.1283893585205,8,0,9,16.23866268926527,120.0,162.3866268926527
L2_3C24L,1074,134,269.885,24,24,288.7479991912842,5,0,6,19.17330224582598,100.0,191.73302245825974
L2_3C24L,1075,135,272.846,24,24,273.7011241912842,9,0,4,19.329591500749952,110.0,193.29591500749953
L2_3C24L,1076,136,312.316,24,24,258.70221519470215,5,0,5,15.992583277801563,180.0,159.92583277801566
L2_3C24L,1077,137,260.295,24,24,283.69102573394775,4,0,1,12.696572217809964,130.0,126.96572217809961
L2_3C24L,1078,138,634.916,24,24,228.5385880470276,9,0,73,31.538031053542504,180.0,315.38031053542494
L2_3C24L,1079,139,306.262,24,24,294.03151988983154,1,0,10,13.228244443137196,120.0,132.2824444313719
L2_3C24L,1080,140,442.159,24,24,272.36284255981445,3,0,22,18.79052237814659,140.0,187.90522378146588
L2_3C24L,1081,101,330.767,24,24,291.52709197998047,0,0,13,18.24301857955623,130.0,182.43018579556232
L2_3C24L,1082,102,309.125,24,24,273.4017496109009,7,0,4,26.99415629743791,120.0,269.94156297437917
L2_3C24L,1083,103,319.509,24,24,269.709312915802,1,0,8,27.63562286961435,170.0,276.3562286961435
L2_3C24L,1084,104,292.769,24,24,285.36715269088745,7,0,11,22.109494354568568,90.0,221.09494354568565
L2_3C24L,1085,105,295.506,24,24,285.27327728271484,7,0,6,9.089041614587511,100.0,90.89041614587512
L2_3C24L,1086,106,331.017,24,24,271.4923872947693,5,0,9,21.691990831105315,140.0,216.9199083110531
L2_3C24L,1087,107,351.424,24,24,246.77767753601074,11,0,18,12.407745091580502,160.0,124.07745091580504
L2_3C24L,1088,108,292.249,24,24,274.662522315979,6,0,5,19.458217269324205,130.0,194.58217269324211
L2_3C24L,1089,109,365.237,24,24,273.06659841537476,4,0,15,21.444643622908067,140.0,214.44643622908066
L2_3C24L,1090,110,424.813,24,24,264.9969720840454,4,0,27,11.67672610408268,160.0,116.7672610408268
L2_3C24L,1091,111,399.112,24,24,282.0342741012573,1,0,20,16.552380056369365,140.0,165.52380056369367
L2_3C24L,1092,112,268.381,24,24,299.58778953552246,5,0,8,13.040705814790229,80.0,130.4070581479023
L2_3C24L,1093,113,281.192,24,24,281.80288314819336,3,0,3,12.323724270433575,140.0,123.23724270433576
L2_3C24L,1094,114,318.394,24,24,258.49857997894287,6,0,14,30.00470439256619,160.0,300.0470439256619
L2_3C24L,1095,115,386.498,24,24,262.79763889312744,5,0,23,14.007830671397134,160.0,140.07830671397136
L2_3C24L,1096,116,294.019,24,24,295.03213119506836,2,0,8,13.226232411019495,110.0,132.26232411019495
L2_3C24L,1097,117,326.719,24,24,296.23784160614014,2,0,27,12.540525322660514,100.0,125.40525322660514
L2_3C24L,1098,118,408.556,24,24,273.0308084487915,4,0,30,16.563939071633087,140.0,165.63939071633087
L2_3C24L,1099,119,305.986,24,24,275.56462478637695,3,0,17,14.784570088476896,150.0,147.84570088476895
L2_3C24L,1100,120,270.779,24,24,290.5675382614136,5,0,8,13.108177587196991,100.0,131.0817758719699
L2_3C24L,1101,121,352.494,24,24,271.576940536499,12,0,26,13.076852613695705,90.0,130.76852613695704
L2_3C24L,1102,122,269.7,24,24,301.66744232177734,3,0,8,9.441820751002322,90.0,94.41820751002322
L2_3C24L,1103,123,254.556,24,24,276.4694585800171,6,0,2,15.101788767255835,130.0,151.01788767255837
L2_3C24L,1104,124,266.35,24,24,288.250825881958,6,0,5,15.830585320432295,100.0,158.30585320432294
L2_3C24L,1105,125,370.643,24,24,283.3505120277405,3,0,18,18.831582640072696,120.0,188.31582640072696
L2_3C24L,1106,126,388.289,24,24,286.08341789245605,1,0,22,16.388610664113926,130.0,163.88610664113924
L2_3C24L,1107,127,245.711,24,24,293.89514923095703,2,0,1,12.016174534285748,120.0,120.16174534285746
L2_3C24L,1108,128,350.77,24,24,252.15774488449097,8,0,11,24.474180169558128,160.0,244.7418016955813
L2_3C24L,1109,129,305.488,24,24,275.47212982177734,6,0,14,13.426216020090289,130.0,134.26216020090285
L2_3C24L,1110,130,269.245,24,24,294.38994789123535,2,0,2,8.700162193892119,120.0,87.00162193892119
L2_3C24L,1111,131,674.282,24,24,251.71536493301392,5,0,45,24.282113286309244,150.0,242.82113286309246
L2_3C24L,1112,132,442.967,24,24,270.73765325546265,3,0,38,15.87445089158546,150.0,158.7445089158546
L2_3C24L,1113,133,305.041,24,24,279.26193857192993,6,0,10,12.460188960380833,120.0,124.60188960380839
L2_3C24L,1114,134,361.413,24,24,260.01432371139526,9,0,25,23.28558373081199,130.0,232.85583730811987
L2_3C24L,1115,135,350.434,24,24,273.3807678222656,8,0,14,20.397406162718774,110.0,203.97406162718772
L2_3C24L,1116,136,290.381,24,24,266.69017696380615,4,0,7,12.699389665919448,170.0,126.99389665919446
L2_3C24L,1117,137,336.472,24,24,252.35360383987427,8,0,11,17.154634133717508,170.0,171.54634133717505
L2_3C24L,1118,138,547.43,24,24,235.53242206573486,11,0,59,24.891902484600458,160.0,248.9190248460046
L2_3C24L,1119,139,270.383,24,24,290.8277816772461,4,0,8,12.240722632531693,110.0,122.40722632531693
L2_3C24L,1120,140,256.407,24,24,298.31459045410156,2,0,4,8.951355697791477,110.0,89.51355697791477
L2_3C24L,1121,101,381.99,24,24,285.64404916763306,1,0,18,17.853133421955118,130.0,178.53133421955116
L2_3C24L,1122,102,453.767,24,24,262.9031538963318,6,0,25,20.322824560067094,140.0,203.22824560067093
L2_3C24L,1123,103,351.356,24,24,262.9228630065918,4,0,11,28.590433890941615,160.0,285.9043389094161
L2_3C24L,1124,104,317.084,24,24,280.6958198547363,6,0,12,21.01391677241127,110.0,210.13916772411272
L2_3C24L,1125,105,294.873,24,24,293.22901034355164,3,0,8,9.236612810542116,110.0,92.36612810542118
L2_3C24L,1126,106,353.589,24,24,243.6072211265564,15,0,11,22.975897865858638,130.0,229.75897865858633
L2_3C24L,1127,107,426.29,24,24,261.26356506347656,10,0,23,17.454775930198256,120.0,174.54775930198255
L2_3C24L,1128,108,336.492,24,24,274.8745200037956,5,0,22,18.751598269842233,130.0,187.51598269842233
L2_3C24L,1129,109,335.414,24,24,265.8286247253418,8,0,19,13.904580103275096,130.0,139.04580103275097
L2_3C24L,1130,110,263.206,24,24,274.9661293029785,7,0,0,13.446230924849896,130.0,134.46230924849897
L2_3C24L,1131,111,355.296,24,24,283.97814083099365,1,0,16,15.072818137049246,140.0,150.72818137049245
L2_3C24L,1132,112,314.135,24,24,298.8616409301758,2,0,12,13.794536756577791,100.0,137.9453675657779
L2_3C24L,1133,113,290.969,24,24,277.3314847946167,3,0,1,18.89500694129776,150.0,188.9500694129776
L2_3C24L,1134,114,360.292,24,24,266.33530473709106,5,0,8,25.548950975326164,150.0,255.48950975326167
L2_3C24L,1135,115,300.832,24,24,282.4834976196289,1,0,6,16.721634006766802,150.0,167.21634006766809
L2_3C24L,1136,116,314.213,24,24,279.12429666519165,6,0,10,12.91901240161855,120.0,129.19012401618548
L2_3C24L,1137,117,354.428,24,24,260.01959896087646,3,0,12,13.267996162642087,190.0,132.67996162642086
L2_3C24L,1138,118,363.038,24,24,255.12586545944214,9,0,15,17.913740828209455,150.0,179.13740828209455
L2_3C24L,1139,119,316.817,24,24,284.12597846984863,4,0,4,21.246742436364105,120.0,212.46742436364102
L2_3C24L,1140,120,293.917,24,24,283.25839042663574,6,0,11,12.471989547135296,110.0,124.71989547135296
L2_3C24L,1141,121,383.232,24,24,271.4278416633606,11,0,33,13.57385538917316,90.0,135.73855389173156
L2_3C24L,1142,122,365.64,24,24,270.71820282936096,9,0,30,14.272636678654496,110.0,142.726366786545
L2_3C24L,1143,123,287.984,24,24,275.0265564918518,3,0,4,18.24477341197971,150.0,182.44773411979713
L2_3C24L,1144,124,291.371,24,24,283.55744552612305,6,0,5,16.47514179704192,110.0,164.75141797041923
L2_3C24L,1145,125,351.445,24,24,271.110689163208,5,0,17,22.96431809635745,140.0,229.6431809635745
L2_3C24L,1146,126,360.051,24,24,279.10060024261475,1,0,20,17.998000698389735,150.0,179.98000698389737
L2_3C24L,1147,127,284.202,24,24,277.1938190460205,7,0,6,14.353940125486798,120.0,143.53940125486795
L2_3C24L,1148,128,278.873,24,24,271.3244352340698,6,0,6,18.91854303633363,140.0,189.1854303633363
L2_3C24L,1149,129,361.431,24,24,281.52968883514404,3,0,10,16.56768895259687,130.0,165.67688952596873
L2_3C24L,1150,130,290.084,24,24,289.76336193084717,2,0,2,10.788780237149263,130.0,107.8878023714926
L2_3C24L,1151,131,384.383,24,24,269.34497022628784,4,0,15,12.183430705926634,150.0,121.83430705926632
L2_3C24L,1152,132,389.029,24,24,264.2327690124512,8,0,27,19.224093040769137,130.0,192.2409304076914
L2_3C24L,1153,133,314.285,24,24,276.2691993713379,10,0,15,17.435998015576068,90.0,174.35998015576067
L2_3C24L,1154,134,282.546,24,24,293.1544408798218,4,0,10,14.485195455040868,100.0,144.8519545504087
L2_3C24L,1155,135,365.689,24,24,261.4608073234558,9,0,22,18.463973558843154,130.0,184.63973558843156
L2_3C24L,1156,136,290.167,24,24,260.48636627197266,6,0,6,15.045430378028877,170.0,150.4543037802887
L2_3C24L,1157,137,244.239,24,24,273.0932855606079,10,0,4,14.689047238708152,110.0,146.8904723870815
L2_3C24L,1158,138,500.96,24,24,255.02476930618286,8,0,52,21.584087689585957,140.0,215.84087689585962
L2_3C24L,1159,139,295.846,24,24,295.40857887268066,2,0,9,11.971408623392502,110.0,119.714086233925
L2_3C24L,1160,140,290.765,24,24,250.84348392486572,13,0,6,15.5216802776732,140.0,155.21680277673204
L2_3C24L,1161,101,344.778,24,24,288.91180324554443,2,0,10,20.293981989569303,120.0,202.93981989569303
L2_3C24L,1162,102,331.074,24,24,277.76072120666504,7,0,16,20.797593147610584,110.0,207.97593147610587
L2_3C24L,1163,103,378.618,24,24,264.1215624809265,5,0,14,27.928103020640023,150.0,279.2810302064003
L2_3C24L,1164,104,255.232,24,24,300.7715377807617,3,0,3,15.761527889321997,90.0,157.61527889321994
L2_3C24L,1165,105,268.698,24,24,296.03778743743896,4,0,7,8.207350146404423,100.0,82.07350146404421
L2_3C24L,1166,106,260.133,24,24,264.1317539215088,9,0,3,26.22747277690008,130.0,262.27472776900083
L2_3C24L,1167,107,268.964,24,24,257.33134937286377,11,0,5,15.562169439098023,140.0,155.62169439098025
L2_3C24L,1168,108,304.574,24,24,276.9547004699707,7,0,4,15.150966134609986,120.0,151.50966134609985
L2_3C24L,1169,109,306.825,24,24,264.80954694747925,9,0,10,17.301521041511286,130.0,173.01521041511282
L2_3C24L,1170,110,294.81,24,24,282.4710178375244,5,0,14,11.763272489394087,120.0,117.63272489394087
L2_3C24L,1171,111,365.697,24,24,274.09528255462646,1,0,25,18.01568315890066,160.0,180.1568315890066
L2_3C24L,1172,112,278.912,24,24,272.4833450317383,10,0,7,13.388807147495438,110.0,133.8880714749544
L2_3C24L,1173,113,316.786,24,24,272.47326946258545,3,0,8,11.755780078428954,160.0,117.55780078428957
L2_3C24L,1174,114,451.3,24,24,253.30001306533813,11,0,27,20.666608366568532,130.0,206.66608366568533
L2_3C24L,1175,115,300.679,24,24,266.0142357349396,6,0,8,16.619200019401998,150.0,166.19200019401998
L2_3C24L,1176,116,324.362,24,24,265.54181814193726,6,0,20,13.193941393976713,150.0,131.93941393976712
L2_3C24L,1177,117,281.499,24,24,271.2109136581421,5,0,8,14.296949072347358,150.0,142.96949072347357
L2_3C24L,1178,118,425.778,24,24,252.86502170562744,7,0,14,27.116585276387465,160.0,271.16585276387457
L2_3C24L,1179,119,307.906,24,24,286.12043952941895,2,0,14,16.26517784626866,130.0,162.65177846268662
L2_3C24L,1180,120,283.198,24,24,285.10294246673584,5,0,10,17.99019028728934,110.0,179.90190287289337
L2_3C24L,1181,121,375.658,24,24,268.9048385620117,8,0,18,21.983843461219376,120.0,219.83843461219374
L2_3C24L,1182,122,356.523,24,24,266.4742269515991,9,0,23,15.085908510681433,120.0,150.85908510681432
L2_3C24L,1183,123,297.855,24,24,272.6178710460663,5,0,6,17.940410927428157,140.0,179.40410927428158
L2_3C24L,1184,124,272.453,24,24,302.3975715637207,4,0,12,17.008092568291787,70.0,170.08092568291787
L2_3C24L,1185,125,345.933,24,24,274.2475337982178,6,0,9,15.841516883914515,130.0,158.41516883914517
L2_3C24L,1186,126,362.729,24,24,268.7164192199707,3,0,17,19.27860108274386,160.0,192.78601082743856
L2_3C24L,1187,127,345.076,24,24,284.83988094329834,4,0,11,22.200391864995233,110.0,222.0039186499523
L2_3C24L,1188,128,288.041,24,24,275.791960477829,3,0,4,14.026772395406288,150.0,140.26772395406283
L2_3C24L,1189,129,326.015,24,24,278.786545753479,6,0,15,14.044845090285737,120.0,140.44845090285736
L2_3C24L,1190,130,279.251,24,24,292.78960514068604,1,0,5,9.034656644041462,130.0,90.34656644041462
L2_3C24L,1191,131,719.441,24,24,248.16781949996948,3,0,53,24.440559169557517,170.0,244.4055916955752
L2_3C24L,1192,132,473.833,24,24,259.96402978897095,4,0,48,23.453238218376796,160.0,234.5323821837679
L2_3C24L,1193,133,441.363,24,24,256.61116647720337,7,0,21,22.962742344033362,150.0,229.62742344033364
L2_3C24L,1194,134,533.748,24,24,267.3802103996277,2,0,58,35.39926677892065,140.0,353.9926677892066
L2_3C24L,1195,135,340.538,24,24,269.5796504020691,8,0,12,19.734497865775307,120.0,197.34497865775305
L2_3C24L,1196,136,279.023,24,24,278.3407983779907,3,0,5,12.197320640029986,150.0,121.97320640029984
L2_3C24L,1197,137,330.6,24,24,258.85380268096924,6,0,6,18.820639410788225,170.0,188.20639410788223
L2_3C24L,1198,138,564.713,24,24,244.36707544326782,10,0,59,27.109731787044538,140.0,271.09731787044547
L2_3C24L,1199,139,292.169,24,24,277.6351885795593,4,0,5,16.21603154399616,140.0,162.1603154399616
L2_3C24L,1200,140,279.737,24,24,266.9688301086426,9,0,5,11.770545161231771,130.0,117.70545161231772
L3_4C36L,1,101,389.046,36,36,399.3803367614746,5,0,41,12.06554373603449,130.0,120.6554373603449
L3_4C36L,2,102,424.749,36,36,370.9938807487488,12,0,39,16.687075773560558,140.0,166.8707577356056
L3_4C36L,3,103,504.41,36,36,358.0399560928345,3,0,32,23.200140530093957,230.0,232.0014053009396
L3_4C36L,4,104,383.538,36,36,372.17023754119873,13,0,19,16.099192814507962,140.0,160.99192814507964
L3_4C36L,5,105,497.388,36,36,349.2374382019043,10,0,55,15.875211565530499,200.0,158.75211565530498
L3_4C36L,6,106,376.91,36,36,362.99861907958984,10,0,23,23.337928555591304,180.0,233.37928555591307
L3_4C36L,7,107,439.233,36,36,344.9193391799927,11,0,53,21.93550798505416,210.0,219.3550798505416
L3_4C36L,8,108,319.241,36,36,371.4251070022583,11,0,11,21.916316231820517,160.0,219.16316231820517
L3_4C36L,9,109,434.959,36,36,350.94488525390625,14,0,50,16.850381515965715,170.0,168.50381515965714
L3_4C36L,10,110,406.876,36,36,355.01953887939453,11,0,27,13.268192647017273,200.0,132.68192647017273
L3_4C36L,11,101,353.594,36,36,395.30586433410645,3,0,31,12.31379480460764,160.0,123.1379480460764
L3_4C36L,12,102,315.66,36,36,362.2428970336914,15,0,14,15.857017157363632,160.0,158.57017157363626
L3_4C36L,13,103,494.407,36,36,338.1938667297363,11,0,41,22.687113776271527,220.0,226.87113776271525
L3_4C36L,14,104,492.245,36,36,344.6262764930725,12,0,58,17.912393766437013,200.0,179.12393766437012
L3_4C36L,15,105,412.071,36,36,370.0111494064331,6,0,35,14.962835483821895,190.0,149.6283548382189
L3_4C36L,16,106,338.875,36,36,367.7887840270996,11,0,15,30.704056798911093,160.0,307.0405679891109
L3_4C36L,17,107,363.724,36,36,379.38705825805664,7,0,27,12.043151304618883,170.0,120.43151304618883
L3_4C36L,18,108,281.906,36,36,396.6655445098877,8,0,7,12.781531821359344,130.0,127.81531821359346
L3_4C36L,19,109,356.491,36,36,374.1665630340576,13,0,31,22.778112757522557,130.0,227.78112757522558
L3_4C36L,20,110,301.836,36,36,360.82293701171875,15,0,10,8.92354182762748,170.0,89.23541827627481
L3_4C36L,21,101,373.627,36,36,394.3389015197754,2,0,26,12.203661911073263,170.0,122.03661911073263
L3_4C36L,22,102,361.989,36,36,346.8766040802002,16,0,37,18.744644779595152,180.0,187.44644779595154
L3_4C36L,23,103,397.921,36,36,347.7754535675049,12,0,24,22.41514470400378,200.0,224.1514470400378
L3_4C36L,24,104,433.921,36,36,351.47473096847534,15,0,44,18.41754080099099,170.0,184.17540800990994
L3_4C36L,25,105,410.73,36,36,361.539755821228,8,0,32,14.867476800459356,200.0,148.67476800459355
L3_4C36L,26,106,318.962,36,36,377.0349712371826,9,0,16,19.883424553784973,160.0,198.8342455378497
L3_4C36L,27,107,436.635,36,36,393.59358501434326,2,0,25,14.688049356008047,160.0,146.8804935600805
L3_4C36L,28,108,308.506,36,36,377.05754947662354,12,0,14,16.474824542016943,140.0,164.74824542016944
L3_4C36L,29,109,453.283,36,36,363.93200492858887,7,0,46,23.55999150919648,190.0,235.59991509196482
L3_4C36L,30,110,369.758,36,36,360.48912048339844,10,0,14,11.70294711460865,200.0,117.02947114608651
L3_4C36L,31,101,390.459,36,36,396.82048892974854,3,0,39,13.931721232595121,150.0,139.31721232595123
L3_4C36L,32,102,333.34,36,36,377.54811096191406,9,0,15,19.839651318191592,160.0,198.39651318191594
L3_4C36L,33,103,543.459,36,36,346.744264125824,3,0,45,27.51911992811565,250.0,275.19119928115646
L3_4C36L,34,104,348.703,36,36,389.6840410232544,8,0,30,16.053192018867133,130.0,160.53192018867134
L3_4C36L,35,105,426.417,36,36,373.3285140991211,7,0,54,18.90497960826208,170.0,189.0497960826208
L3_4C36L,36,106,380.309,36,36,383.93597316741943,10,0,39,20.213429340541413,120.0,202.13429340541418
L3_4C36L,37,107,537.43,36,36,334.36353635787964,18,0,63,25.45488315381363,170.0,254.54883153813626
L3_4C36L,38,108,314.644,36,36,374.4293975830078,11,0,5,15.235331541282608,160.0,152.35331541282613
L3_4C36L,39,109,376.715,36,36,348.53069019317627,15,0,35,23.23101338925556,180.0,232.31013389255557
L3_4C36L,40,110,415.85,36,36,329.7137494087219,17,0,36,10.954181535666624,220.0,109.5418153566662
L3_4C36L,41,101,433.961,36,36,382.2882676124573,6,0,42,12.37243416836986,160.0,123.72434168369861
L3_4C36L,42,102,355.293,36,36,354.1717791557312,16,0,25,19.427393530225192,160.0,194.2739353022519
L3_4C36L,43,103,435.294,36,36,357.39655113220215,3,0,23,27.01149384180447,240.0,270.11493841804463
L3_4C36L,44,104,366.175,36,36,341.9717469215393,20,0,22,20.094180184277274,160.0,200.94180184277275
L3_4C36L,45,105,464.114,36,36,358.7590985298157,9,0,48,14.136331215808116,190.0,141.36331215808116
L3_4C36L,46,106,344.553,36,36,350.4065065383911,13,0,23,25.311644613061343,190.0,253.11644613061344
L3_4C36L,47,107,343.77,36,36,354.5609664916992,15,0,15,23.130099742709323,170.0,231.3009974270932
L3_4C36L,48,108,293.073,36,36,372.58835220336914,8,0,4,14.70548549943592,190.0,147.05485499435918
L3_4C36L,49,109,455.466,36,36,355.37093925476074,10,0,46,28.763527089965983,180.0,287.6352708996599
L3_4C36L,50,110,304.846,36,36,358.06677055358887,14,0,1,19.777454295455513,180.0,197.77454295455516
L3_4C36L,51,101,347.303,36,36,382.1280975341797,7,0,25,16.239672314477055,160.0,162.39672314477056
L3_4C36L,52,102,346.279,36,36,353.2601594924927,13,0,16,20.799463627599003,190.0,207.99463627599
L3_4C36L,53,103,447.987,36,36,376.01692485809326,2,0,31,21.610232726326057,200.0,216.10232726326058
L3_4C36L,54,104,559.494,36,36,362.4061851501465,7,0,42,28.646068485301996,180.0,286.4606848530199
L3_4C36L,55,105,348.063,36,36,339.78516912460327,17,0,30,17.382772114698575,190.0,173.82772114698577
L3_4C36L,56,106,339.174,36,36,350.7031354904175,15,0,19,29.322870764937136,170.0,293.2287076493713
L3_4C36L,57,107,450.49,36,36,354.74108695983887,11,0,60,20.8630619654848,180.0,208.630619654848
L3_4C36L,58,108,382.702,36,36,399.6930413246155,4,0,34,14.356529345096734,130.0,143.56529345096735
L3_4C36L,59,109,410.951,36,36,359.7430067062378,7,0,33,19.189987200972276,210.0,191.89987200972277
L3_4C36L,60,110,312.256,36,36,380.3236837387085,8,0,7,12.254407210376524,170.0,122.54407210376525
L3_4C36L,61,101,442.135,36,36,394.0600905418396,0,0,29,26.46637504576516,170.0,264.6637504576516
L3_4C36L,62,102,313.597,36,36,379.02953338623047,11,0,12,14.901558540777673,150.0,149.01558540777674
L3_4C36L,63,103,487.364,36,36,349.18287563323975,4,0,27,22.723753051236155,250.0,227.2375305123615
L3_4C36L,64,104,358.154,36,36,381.0738534927368,11,0,18,13.087165320793781,140.0,130.8716532079378
L3_4C36L,65,105,409.999,36,36,341.7405581474304,17,0,45,17.53147897989671,180.0,175.31478979896713
L3_4C36L,66,106,370.517,36,36,386.839280128479,4,0,31,23.869071943367032,160.0,238.69071943367024
L3_4C36L,67,107,399.193,36,36,364.993093252182,13,0,28,26.689687447067474,150.0,266.89687447067473
L3_4C36L,68,108,445.519,36,36,313.68989181518555,24,0,37,27.700351212567803,190.0,277.0035121256782
L3_4C36L,69,109,547.842,36,36,352.70649671554565,5,0,61,27.645017673793884,220.0,276.4501767379389
L3_4C36L,70,110,407.112,36,36,365.4146008491516,6,0,34,15.284685816305183,210.0,152.84685816305185
L3_4C36L,71,101,384.657,36,36,373.90579986572266,5,0,40,18.64734611849172,190.0,186.4734611849172
L3_4C36L,72,102,390.75,36,36,356.0250606536865,14,0,22,19.916461184574864,170.0,199.16461184574865
L3_4C36L,73,103,443.327,36,36,349.99715518951416,8,0,23,26.6761649355289,220.0,266.761649355289
L3_4C36L,74,104,452.8,36,36,360.6627688407898,11,0,29,27.79076143301495,170.0,277.9076143301495
L3_4C36L,75,105,435.4,36,36,362.3739881515503,12,0,50,18.753376438958778,160.0,187.5337643895878
L3_4C36L,76,106,402.026,36,36,362.07792687416077,6,0,35,26.406902138498396,200.0,264.069021384984
L3_4C36L,77,107,436.285,36,36,365.0543727874756,8,0,45,29.818742998017584,180.0,298.18742998017586
L3_4C36L,78,108,331.94,36,36,372.09611892700195,10,0,23,19.679604960279537,160.0,196.7960496027954
L3_4C36L,79,109,551.273,36,36,327.9345302581787,14,0,56,20.218215352423627,220.0,202.18215352423633
L3_4C36L,80,110,302.222,36,36,376.3154230117798,5,0,7,10.61525870230329,200.0,106.15258702303291
L3_4C36L,81,101,341.543,36,36,362.6951274871826,11,0,12,22.682903691263597,180.0,226.82903691263607
L3_4C36L,82,102,279.954,36,36,375.9317855834961,11,0,5,15.227371356311421,160.0,152.27371356311423
L3_4C36L,83,103,431.164,36,36,366.7945942878723,4,0,24,24.01802199403785,210.0,240.18021994037852
L3_4C36L,84,104,379.678,36,36,365.53730297088623,9,0,34,19.875646841990587,180.0,198.75646841990587
L3_4C36L,85,105,373.972,36,36,348.6746606826782,12,0,23,12.75114745701874,210.0,127.51147457018742
L3_4C36L,86,106,367.34,36,36,366.4461917877197,9,0,23,28.512674067266087,170.0,285.12674067266084
L3_4C36L,87,107,365.364,36,36,355.5037064552307,11,0,42,21.65430949986438,190.0,216.54309499864377
L3_4C36L,88,108,318.505,36,36,377.7479782104492,10,0,3,27.50674713974147,150.0,275.06747139741475
L3_4C36L,89,109,387.329,36,36,367.14709281921387,10,0,29,22.843029464299757,170.0,228.43029464299752
L3_4C36L,90,110,338.875,36,36,382.8028163909912,11,0,18,7.323941900225601,140.0,73.239419002256
L3_4C36L,91,101,355.513,36,36,397.93720626831055,6,0,28,28.542662139242577,120.0,285.4266213924258
L3_4C36L,92,102,321.074,36,36,375.1068935394287,13,0,12,19.643677057635102,140.0,196.436770576351
L3_4C36L,93,103,413.051,36,36,361.05729484558105,6,0,26,24.80902421097525,210.0,248.09024210975247
L3_4C36L,94,104,436.064,36,36,370.80524826049805,11,0,33,20.649161279941186,150.0,206.4916127994119
L3_4C36L,95,105,439.22,36,36,356.7553882598877,10,0,29,17.48205464797679,190.0,174.8205464797679
L3_4C36L,96,106,415.951,36,36,367.53406715393066,10,0,26,28.219782054598188,160.0,282.1978205459819
L3_4C36L,97,107,411.486,36,36,379.9434700012207,7,0,18,16.855103436437386,160.0,168.55103436437386
L3_4C36L,98,108,359.846,36,36,356.2409019470215,14,0,15,12.530328972543813,180.0,125.30328972543813
L3_4C36L,99,109,460.615,36,36,349.89561557769775,10,0,39,27.014617709305934,200.0,270.14617709305935
L3_4C36L,100,110,471.791,36,36,373.89460849761963,4,0,37,20.351300956229263,190.0,203.5130095622926
L3_4C36L,101,101,390.701,36,36,392.7052707672119,3,0,49,14.31575761282752,160.0,143.1575761282752
L3_4C36L,102,102,434.354,36,36,370.6705982685089,7,0,50,14.431345268743005,180.0,144.31345268743007
L3_4C36L,103,103,479.031,36,36,355.1098222732544,4,0,46,24.63392564563176,230.0,246.33925645631763
L3_4C36L,104,104,349.635,36,36,384.5126438140869,9,0,18,16.62453179433389,140.0,166.24531794333888
L3_4C36L,105,105,408.642,36,36,365.1506767272949,7,0,28,14.497759001671245,200.0,144.97759001671244
L3_4C36L,106,106,390.056,36,36,377.0956039428711,9,0,37,19.681322821372618,150.0,196.81322821372626
L3_4C36L,107,107,542.513,36,36,339.37834119796753,11,0,45,25.40552628534244,210.0,254.05526285342444
L3_4C36L,108,108,315.942,36,36,383.8363513946533,6,0,8,13.878824631855393,170.0,138.78824631855397
L3_4C36L,109,109,392.341,36,36,332.03335428237915,16,0,32,33.222158962220924,200.0,332.2215896222093
L3_4C36L,110,110,354.76,36,36,357.4919309616089,13,0,17,18.360242578447306,180.0,183.60242578447304
L3_4C36L,111,101,374.103,36,36,375.59427547454834,4,0,28,14.685742188462797,200.0,146.85742188462794
L3_4C36L,112,102,357.804,36,36,365.5565423965454,14,0,15,21.4781829824683,150.0,214.78182982468303
L3_4C36L,113,103,507.463,36,36,355.1748962402344,5,0,38,26.08365395185342,220.0,260.83653951853427
L3_4C36L,114,104,380.857,36,36,362.7621126174927,13,0,33,27.45961386759667,150.0,274.5961386759667
L3_4C36L,115,105,388.099,36,36,362.67515659332275,11,0,21,14.416138583060924,180.0,144.16138583060922
L3_4C36L,116,106,344.234,36,36,380.44763565063477,6,0,38,21.84121363755299,170.0,218.41213637552983
L3_4C36L,117,107,354.298,36,36,331.9596185684204,22,0,7,33.46794791643412,170.0,334.6794791643412
L3_4C36L,118,108,355.755,36,36,365.54856872558594,10,0,15,21.50478616786124,180.0,215.0478616786124
L3_4C36L,119,109,474.973,36,36,360.647234916687,9,0,47,21.175875353759537,180.0,211.75875353759537
L3_4C36L,120,110,349.888,36,36,372.0044665336609,9,0,16,9.98511441855864,180.0,99.8511441855864
L3_4C36L,121,101,402.392,36,36,396.2263116836548,3,0,36,15.9122809366607,150.0,159.122809366607
L3_4C36L,122,102,403.059,36,36,383.4652795791626,11,0,42,11.782400186569204,120.0,117.82400186569204
L3_4C36L,123,103,503.471,36,36,366.88724517822266,0,0,35,23.70918938891043,230.0,237.09189388910428
L3_4C36L,124,104,431.927,36,36,379.3600244522095,7,0,25,18.799910091262166,160.0,187.99910091262169
L3_4C36L,125,105,387.461,36,36,339.5634627342224,15,0,30,19.7884559344144,200.0,197.88455934414404
L3_4C36L,126,106,420.427,36,36,357.2015380859375,14,0,40,22.661546586393513,160.0,226.61546586393507
L3_4C36L,127,107,401.032,36,36,361.3042917251587,11,0,30,25.652374873054733,170.0,256.52374873054737
L3_4C36L,128,108,373.382,36,36,364.23246002197266,9,0,21,22.55846439439513,190.0,225.58464394395122
L3_4C36L,129,109,402.869,36,36,353.3441352844238,14,0,37,22.186214681174004,170.0,221.86214681174002
L3_4C36L,130,110,419.214,36,36,355.1379256248474,12,0,22,16.206914272849854,190.0,162.06914272849858
L3_4C36L,131,101,460.691,36,36,357.5670759677887,9,0,63,18.109744230519738,190.0,181.09744230519735
L3_4C36L,132,102,333.178,36,36,388.2294292449951,9,0,20,15.901899464998003,130.0,159.01899464998002
L3_4C36L,133,103,438.091,36,36,356.8226180076599,4,0,26,23.924609211194024,230.0,239.24609211194024
L3_4C36L,134,104,324.826,36,36,386.53756046295166,9,0,12,16.541479175928256,140.0,165.4147917592826
L3_4C36L,135,105,367.705,36,36,361.11987113952637,14,0,34,16.267089694086696,160.0,162.67089694086698
L3_4C36L,136,106,379.863,36,36,368.08730602264404,12,0,27,26.37566244571049,150.0,263.75662445710486
L3_4C36L,137,107,411.866,36,36,358.1919436454773,13,0,24,22.693532736853285,170.0,226.9353273685329
L3_4C36L,138,108,328.773,36,36,365.35824966430664,12,0,13,15.472502372458546,170.0,154.72502372458544
L3_4C36L,139,109,491.177,36,36,351.71740341186523,10,0,56,20.94199532523584,190.0,209.41995325235843
L3_4C36L,140,110,394.508,36,36,371.27345514297485,10,0,24,9.0884691460624,170.0,90.884691460624
L3_4C36L,141,101,392.3,36,36,367.3152275085449,9,0,32,32.28256366522908,170.0,322.82563665229077
L3_4C36L,142,102,364.93,36,36,382.55943965911865,11,0,17,14.801846366602774,130.0,148.01846366602774
L3_4C36L,143,103,499.954,36,36,371.75674057006836,1,0,38,24.144193139652813,210.0,241.44193139652813
L3_4C36L,144,104,375.198,36,36,396.61187410354614,9,0,25,14.627078626322156,110.0,146.2707862632216
L3_4C36L,145,105,364.042,36,36,388.95019245147705,4,0,22,10.166038292712877,170.0,101.66038292712878
L3_4C36L,146,106,405.668,36,36,357.3256950378418,11,0,25,32.24769749473116,180.0,322.47697494731165
L3_4C36L,147,107,415.471,36,36,350.9865779876709,11,0,34,20.044737074895174,200.0,200.44737074895176
L3_4C36L,148,108,296.425,36,36,386.1197090148926,10,0,6,22.93431330275409,130.0,229.34313302754092
L3_4C36L,149,109,417.554,36,36,356.6044092178345,10,0,34,24.651963294775488,190.0,246.51963294775487
L3_4C36L,150,110,293.867,36,36,369.1392879486084,12,0,4,11.202387010007307,170.0,112.02387010007305
L3_4C36L,151,101,416.341,36,36,367.27252292633057,5,0,27,25.758264989835045,200.0,257.5826498983504
L3_4C36L,152,102,376.956,36,36,379.159423828125,8,0,15,16.13526376987996,160.0,161.35263769879958
L3_4C36L,153,103,462.353,36,36,362.6792140007019,3,0,26,27.735929566040884,220.0,277.35929566040886
L3_4C36L,154,104,404.397,36,36,378.7401418685913,10,0,19,24.19950653187914,140.0,241.9950653187914
L3_4C36L,155,105,379.939,36,36,384.94714641571045,6,0,29,11.842844293778047,160.0,118.42844293778049
L3_4C36L,156,106,425.518,36,36,359.38110542297363,13,0,46,18.729646676867983,160.0,187.2964667686798
L3_4C36L,157,107,381.44,36,36,388.97914600372314,9,0,42,20.069513059404898,120.0,200.69513059404898
L3_4C36L,158,108,354.869,36,36,390.61791801452637,4,0,22,17.94029341792372,160.0,179.40293417923718
L3_4C36L,159,109,455.257,36,36,328.47447776794434,18,0,33,18.41840200982849,200.0,184.18402009828486
L3_4C36L,160,110,291.834,36,36,380.5870876312256,11,0,4,9.709704742286727,150.0,97.09704742286728
L3_4C36L,161,101,405.219,36,36,369.36651515960693,5,0,30,25.444947981188825,200.0,254.4494798118882
L3_4C36L,162,102,389.141,36,36,358.89343070983887,12,0,23,17.02189700720204,180.0,170.21897007202043
L3_4C36L,163,103,468.015,36,36,333.52885913848877,10,0,27,28.237126959454926,240.0,282.37126959454935
L3_4C36L,164,104,357.389,36,36,386.1114387512207,7,0,19,16.295205147935363,150.0,162.95205147935366
L3_4C36L,165,105,411.245,36,36,370.28250217437744,6,0,26,19.0583232580368,190.0,190.58323258036802
L3_4C36L,166,106,331.719,36,36,367.81310772895813,14,0,28,20.622972802940573,140.0,206.22972802940575
L3_4C36L,167,107,440.6,36,36,359.73897075653076,10,0,45,20.87009197737003,180.0,208.70091977370032
L3_4C36L,168,108,496.124,36,36,345.1088161468506,8,0,53,36.30394046974409,220.0,363.03940469744094
L3_4C36L,169,109,531.43,36,36,354.56804847717285,10,0,68,38.10651714556376,170.0,381.0651714556376
L3_4C36L,170,110,349.698,36,36,375.82030963897705,4,0,18,15.598975656803814,200.0,155.98975656803816
L3_4C36L,171,101,408.301,36,36,378.5706977844238,3,0,48,21.4309969747896,190.0,214.30996974789596
L3_4C36L,172,102,368.287,36,36,387.70504808425903,6,0,23,15.983164890265874,150.0,159.83164890265874
L3_4C36L,173,103,435.575,36,36,357.1588878631592,7,0,20,26.137018066598685,210.0,261.3701806659868
L3_4C36L,174,104,467.965,36,36,367.33906841278076,9,0,42,18.86977698562742,170.0,188.6977698562742
L3_4C36L,175,105,461.052,36,36,360.4840831756592,9,0,27,15.053061309908555,190.0,150.53061309908554
L3_4C36L,176,106,486.308,36,36,335.6813678741455,16,0,48,34.39545309947482,180.0,343.95453099474815
L3_4C36L,177,107,398.952,36,36,361.03210973739624,10,0,25,23.226304199390405,180.0,232.26304199390404
L3_4C36L,178,108,328.779,36,36,366.5395345687866,13,0,12,14.868195356072302,160.0,148.68195356072297
L3_4C36L,179,109,303.775,36,36,357.07871532440186,20,0,17,16.40428904466775,130.0,164.04289044667746
L3_4C36L,180,110,362.135,36,36,365.37840270996094,8,0,17,17.072001853606054,200.0,170.72001853606054
L3_4C36L,181,101,448.245,36,36,367.88561820983887,6,0,43,20.3812790344513,190.0,203.812790344513
L3_4C36L,182,102,304.892,36,36,373.4185485839844,13,0,9,13.604836237517105,150.0,136.04836237517102
L3_4C36L,183,103,466.239,36,36,326.23586893081665,14,0,36,25.880430949730272,230.0,258.8043094973028
L3_4C36L,184,104,394.441,36,36,364.99553203582764,8,0,36,18.34823200961162,190.0,183.4823200961162
L3_4C36L,185,105,389.87,36,36,367.00008392333984,9,0,30,13.333052936324158,180.0,133.3305293632416
L3_4C36L,186,106,501.099,36,36,328.4872717857361,17,0,38,35.04242798897263,190.0,350.4242798897263
L3_4C36L,187,107,339.09,36,36,372.2464828491211,11,0,18,19.17840798185379,160.0,191.78407981853792
L3_4C36L,188,108,319.966,36,36,361.1699028015137,13,0,10,26.100318790078695,170.0,261.00318790078694
L3_4C36L,189,109,451.529,36,36,342.02086782455444,13,0,42,23.26375306493783,200.0,232.63753064937822
L3_4C36L,190,110,409.843,36,36,363.96347427368164,8,0,24,13.455078321486482,200.0,134.5507832148648
L3_4C36L,191,101,429.313,36,36,365.60767245292664,7,0,47,17.97441616639277,190.0,179.7441616639277
L3_4C36L,192,102,384.46,36,36,376.0425114631653,13,0,28,16.524965474896486,120.0,165.24965474896484
L3_4C36L,193,103,435.409,36,36,370.0317916870117,5,0,30,23.22736002059935,190.0,232.2736002059935
L3_4C36L,194,104,534.131,36,36,369.0065608024597,8,0,47,23.31145315739869,160.0,233.11453157398694
L3_4C36L,195,105,409.345,36,36,360.85442781448364,13,0,34,20.48523763472834,160.0,204.85237634728338
L3_4C36L,196,106,354.743,36,36,359.8395519256592,16,0,43,20.534831754900008,140.0,205.3483175490001
L3_4C36L,197,107,424.594,36,36,363.5050745010376,11,0,51,18.316425160988995,160.0,183.16425160989
L3_4C36L,198,108,329.705,36,36,397.07893562316895,4,0,15,16.403542585851454,150.0,164.03542585851457
L3_4C36L,199,109,435.358,36,36,364.1603698730469,8,0,55,19.465444826473778,180.0,194.65444826473777
L3_4C36L,200,110,379.423,36,36,350.8982982635498,14,0,21,18.672336603454255,180.0,186.72336603454255
L3_4C36L,201,101,428.102,36,36,388.29220390319824,3,0,36,22.359318461669478,160.0,223.59318461669477
L3_4C36L,202,102,387.513,36,36,374.7149477005005,7,0,29,22.616851875642826,170.0,226.16851875642817
L3_4C36L,203,103,486.341,36,36,358.69055795669556,2,0,34,26.031463456067495,230.0,260.3146345606749
L3_4C36L,204,104,513.683,36,36,369.5701103210449,8,0,44,28.099611555928597,160.0,280.99611555928595
L3_4C36L,205,105,373.769,36,36,334.2358913421631,20,0,26,19.213692967455877,180.0,192.13692967455873
L3_4C36L,206,106,405.473,36,36,377.33585929870605,7,0,30,25.547134551041292,160.0,255.47134551041287
L3_4C36L,207,107,372.875,36,36,368.5129442214966,10,0,36,13.290177520594543,170.0,132.90177520594546
L3_4C36L,208,108,308.057,36,36,361.87251567840576,14,0,15,20.424955331145814,160.0,204.24955331145813
L3_4C36L,209,109,626.604,36,36,347.5991177558899,8,0,73,21.336266624562448,200.0,213.36266624562452
L3_4C36L,210,110,280.067,36,36,372.13304901123047,10,0,4,11.223163498717469,180.0,112.23163498717469
L3_4C36L,211,101,463.084,36,36,383.4590091705322,2,0,43,21.803296783184624,180.0,218.03296783184626
L3_4C36L,212,102,330.534,36,36,350.8654499053955,14,0,22,20.44850919238248,190.0,204.4850919238248
L3_4C36L,213,103,475.599,36,36,379.0143165588379,0,0,35,23.285606648323803,200.0,232.8560664832381
L3_4C36L,214,104,302.83,36,36,389.6327176094055,11,0,10,12.890933830117122,120.0,128.90933830117123
L3_4C36L,215,105,378.975,36,36,363.4162406921387,13,0,30,13.61253241015609,160.0,136.1253241015609
L3_4C36L,216,106,484.715,36,36,360.93027448654175,10,0,39,23.56577650286925,170.0,235.65776502869255
L3_4C36L,217,107,471.895,36,36,359.31468963623047,8,0,38,28.951033254229376,190.0,289.51033254229367
L3_4C36L,218,108,336.503,36,36,384.658016204834,7,0,16,14.473290053044506,160.0,144.73290053044505
L3_4C36L,219,109,453.503,36,36,364.8253700733185,12,0,77,23.915440485531178,140.0,239.15440485531184
L3_4C36L,220,110,291.922,36,36,375.70850372314453,10,0,6,9.304979993524471,170.0,93.04979993524472
L3_4C36L,221,101,459.357,36,36,380.97630310058594,3,0,49,13.412328683673124,180.0,134.12328683673127
L3_4C36L,222,102,353.344,36,36,354.9749524593353,15,0,20,13.41683755959768,170.0,134.16837559597678
L3_4C36L,223,103,455.03,36,36,362.2856616973877,3,0,23,30.714455980443002,220.0,307.14455980443
L3_4C36L,224,104,349.694,36,36,389.17622661590576,9,0,20,14.412566954824884,130.0,144.12566954824885
L3_4C36L,225,105,492.301,36,36,336.9700536727905,16,0,69,16.766485729746258,190.0,167.6648572974626
L3_4C36L,226,106,381.996,36,36,353.7813034057617,15,0,26,30.728988150491002,160.0,307.28988150491
L3_4C36L,227,107,584.437,36,36,328.6153635978699,18,0,51,24.615443261783682,180.0,246.1544326178368
L3_4C36L,228,108,365.67,36,36,349.2587454319,12,0,24,22.47084547070827,200.0,224.7084547070827
L3_4C36L,229,109,446.093,36,36,369.0734705924988,9,0,51,19.755104070699367,160.0,197.5510407069937
L3_4C36L,230,110,315.013,36,36,365.6372661590576,14,0,12,11.209103451260258,160.0,112.09103451260259
L3_4C36L,231,101,403.784,36,36,385.74159479141235,2,0,52,15.861339635741452,180.0,158.6133963574145
L3_4C36L,232,102,325.698,36,36,407.3395290374756,3,0,18,20.53490834074217,130.0,205.34908340742166
L3_4C36L,233,103,461.635,36,36,338.93939113616943,8,0,22,31.868703901432877,240.0,318.68703901432883
L3_4C36L,234,104,423.276,36,36,390.7554359436035,7,0,34,20.81518912897433,130.0,208.15189128974325
L3_4C36L,235,105,454.347,36,36,363.9942727088928,10,0,45,13.352433522468662,170.0,133.52433522468664
L3_4C36L,236,106,391.584,36,36,373.6072635650635,5,0,32,24.642453051047156,190.0,246.42453051047153
L3_4C36L,237,107,482.041,36,36,344.2832522392273,12,0,42,25.722480932378968,200.0,257.2248093237896
L3_4C36L,238,108,363.519,36,36,378.44894456863403,7,0,28,15.170177060816947,170.0,151.70177060816954
L3_4C36L,239,109,486.328,36,36,362.0038261413574,7,0,50,23.32057237777114,190.0,233.2057237777114
L3_4C36L,240,110,292.324,36,36,372.6231937408447,11,0,6,11.25601850985952,170.0,112.5601850985952
L3_4C36L,241,101,373.627,36,36,409.5252022743225,3,0,30,11.582657044802088,120.0,115.82657044802089
L3_4C36L,242,102,307.97,36,36,365.66527462005615,15,0,15,12.782416898336855,150.0,127.82416898336854
L3_4C36L,243,103,473.349,36,36,344.91915464401245,5,0,27,26.936153202407322,250.0,269.36153202407326
L3_4C36L,244,104,294.104,36,36,344.3184413909912,21,0,6,15.605191727146922,160.0,156.05191727146922
L3_4C36L,245,105,376.976,36,36,346.77976512908936,15,0,23,14.067449219761734,190.0,140.67449219761733
L3_4C36L,246,106,385.263,36,36,363.14269828796387,11,0,20,26.190999358660633,170.0,261.90999358660633
L3_4C36L,247,107,425.415,36,36,368.05320501327515,8,0,26,19.822626036078578,180.0,198.22626036078574
L3_4C36L,248,108,343.656,36,36,314.5606737136841,25,0,18,18.13109352601484,200.0,181.31093526014845
L3_4C36L,249,109,396.463,36,36,358.07109546661377,12,0,26,19.763038872582595,180.0,197.63038872582598
L3_4C36L,250,110,359.093,36,36,355.2220697402954,16,0,18,9.259773992759365,170.0,92.59773992759365
L3_4C36L,251,101,464.54,36,36,389.59397745132446,4,0,49,14.68673630583204,150.0,146.8673630583204
L3_4C36L,252,102,293.314,36,36,359.2168445587158,12,0,5,19.27719701834264,190.0,192.77197018342633
L3_4C36L,253,103,385.809,36,36,347.0898895263672,10,0,35,24.700364884357608,220.0,247.0036488435761
L3_4C36L,254,104,348.63,36,36,394.98409271240234,7,0,22,13.386357103831335,130.0,133.86357103831332
L3_4C36L,255,105,423.568,36,36,360.6261796951294,11,0,37,16.24605577702227,170.0,162.46055777022272
L3_4C36L,256,106,343.677,36,36,355.49620056152344,11,0,15,31.67935527600007,190.0,316.79355276000064
L3_4C36L,257,107,362.564,36,36,377.51974868774414,9,0,21,13.267512426659396,160.0,132.67512426659394
L3_4C36L,258,108,314.518,36,36,346.9688882827759,17,0,12,15.103698883067093,180.0,151.0369888306709
L3_4C36L,259,109,461.477,36,36,353.4266219139099,10,0,45,23.577938006407233,190.0,235.7793800640723
L3_4C36L,260,110,330.169,36,36,366.0606427192688,8,0,10,13.131199664241006,200.0,131.31199664241004
L3_4C36L,261,101,374.679,36,36,365.64292335510254,11,0,36,14.52358016418422,170.0,145.23580164184224
L3_4C36L,262,102,340.429,36,36,349.7137613296509,16,0,28,24.287483344064196,170.0,242.87483344064194
L3_4C36L,263,103,442.291,36,36,344.8063039779663,7,0,19,27.31233510169391,240.0,273.1233510169391
L3_4C36L,264,104,374.636,36,36,379.09885263442993,15,0,19,13.003820808717144,110.0,130.03820808717143
L3_4C36L,265,105,400.265,36,36,332.46159172058105,15,0,30,15.128033404569537,220.0,151.28033404569538
L3_4C36L,266,106,446.602,36,36,353.1732940673828,14,0,30,29.42237046251533,160.0,294.22370462515323
L3_4C36L,267,107,415.187,36,36,356.7945759296417,15,0,70,14.018076697330391,150.0,140.18076697330386
L3_4C36L,268,108,402.373,36,36,362.448450088501,9,0,30,28.50516170281961,180.0,285.0516170281961
L3_4C36L,269,109,509.683,36,36,323.74241733551025,21,0,84,24.191943087285356,170.0,241.91943087285355
L3_4C36L,270,110,324.021,36,36,365.1697406768799,13,0,20,7.767518372027572,170.0,77.67518372027568
L3_4C36L,271,101,460.932,36,36,368.996865272522,6,0,34,30.01044780268618,180.0,300.1044780268618
L3_4C36L,272,102,367.997,36,36,371.70463848114014,14,0,37,14.31786656015627,130.0,143.1786656015627
L3_4C36L,273,103,441.109,36,36,332.62438344955444,12,0,23,24.585386771821756,230.0,245.85386771821757
L3_4C36L,274,104,532.284,36,36,357.7293953895569,8,0,47,20.90200993278573,190.0,209.02009932785728
L3_4C36L,275,105,329.984,36,36,363.9719867706299,15,0,13,18.42672691560293,150.0,184.26726915602927
L3_4C36L,276,106,434.155,36,36,361.91888904571533,9,0,55,23.60370459364224,180.0,236.03704593642234
L3_4C36L,277,107,388.642,36,36,373.29723358154297,9,0,35,20.67589686591336,160.0,206.75896865913361
L3_4C36L,278,108,480.678,36,36,326.25161361694336,19,0,38,42.494630072680344,180.0,424.94630072680343
L3_4C36L,279,109,329.678,36,36,357.59668350219727,18,0,15,21.3443982634276,140.0,213.44398263427595
L3_4C36L,280,110,384.702,36,36,371.87020540237427,9,0,26,17.099309279191722,170.0,170.9930927919172
L3_4C36L,281,101,356.679,36,36,400.09986114501953,5,0,27,16.33379628581091,130.0,163.33796285810908
L3_4C36L,282,102,327.678,36,36,357.31646633148193,13,0,16,20.611782460363706,180.0,206.11782460363705
L3_4C36L,283,103,506.182,36,36,353.15973138809204,2,0,50,31.134221582525026,240.0,311.3422158252503
L3_4C36L,284,104,398.145,36,36,368.70872616767883,11,0,18,20.970904188033774,160.0,209.70904188033782
L3_4C36L,285,105,434.076,36,36,341.2570023536682,17,0,31,12.476657230149314,180.0,124.76657230149313
L3_4C36L,286,106,422.037,36,36,351.910364151001,12,0,31,33.6321026867616,180.0,336.32102686761596
L3_4C36L,287,107,404.721,36,36,363.7652575969696,8,0,32,20.782467175108902,190.0,207.824671751089
L3_4C36L,288,108,410.143,36,36,357.4031629562378,10,0,31,21.989462063473496,190.0,219.89462063473496
L3_4C36L,289,109,319.963,36,36,354.9100818634033,15,0,25,20.299714265877213,160.0,202.99714265877216
L3_4C36L,290,110,361.302,36,36,363.8030424118042,10,0,20,13.989863183613405,190.0,139.89863183613406
L3_4C36L,291,101,342.596,36,36,394.05992698669434,6,0,15,19.800259623998368,140.0,198.00259623998366
L3_4C36L,292,102,342.971,36,36,355.3217339515686,19,0,25,12.260892649864248,140.0,122.60892649864249
L3_4C36L,293,103,456.08,36,36,370.1263608932495,4,0,27,19.578799256292065,200.0,195.78799256292064
L3_4C36L,294,104,498.136,36,36,388.3743257522583,5,0,30,22.085572138652118,140.0,220.8557213865211
L3_4C36L,295,105,435.239,36,36,352.8874967098236,15,0,41,20.375025026407137,160.0,203.75025026407133
L3_4C36L,296,106,598.502,36,36,350.7889618873596,10,0,79,24.0368047182124,170.0,240.36804718212397
L3_4C36L,297,107,523.293,36,36,376.36727571487427,5,0,88,15.442408224653436,160.0,154.42408224653437
L3_4C36L,298,108,304.49,36,36,391.4771099090576,5,0,10,13.409620698794917,160.0,134.0962069879492
L3_4C36L,299,109,391.481,36,36,348.1705274581909,13,0,20,29.431573558215373,190.0,294.31573558215365
L3_4C36L,300,110,364.06,36,36,384.74103260040283,7,0,30,7.529888566791611,160.0,75.2988856679161
L3_4C36L,301,101,373.691,36,36,378.9928312301636,9,0,21,28.357235452437187,140.0,283.5723545243719
L3_4C36L,302,102,295.034,36,36,402.98576736450195,8,0,7,16.714110107632266,110.0,167.14110107632263
L3_4C36L,303,103,410.89,36,36,370.8742923736572,3,0,19,22.085691186010465,210.0,220.8569118601046
L3_4C36L,304,104,287.977,36,36,371.7374801635742,15,0,3,14.208386163055316,140.0,142.0838616305532
L3_4C36L,305,105,372.82,36,36,359.10534286499023,10,0,23,11.315550307016284,200.0,113.15550307016284
L3_4C36L,306,106,331.118,36,36,392.67673110961914,8,0,21,24.41089008891083,120.0,244.1089008891082
L3_4C36L,307,107,522.891,36,36,369.32490396499634,7,0,59,18.91698506844236,170.0,189.1698506844236
L3_4C36L,308,108,433.819,36,36,344.9811544418335,14,0,42,23.396152572379822,190.0,233.96152572379816
L3_4C36L,309,109,456.094,36,36,338.5396809577942,16,0,40,18.20106875562559,190.0,182.01068755625587
L3_4C36L,310,110,302.973,36,36,370.8719787597656,13,0,8,8.76006476079948,160.0,87.60064760799482
L3_4C36L,311,101,362.749,36,36,325.5781693458557,20,0,28,21.406106766653018,200.0,214.0610676665302
L3_4C36L,312,102,397.085,36,36,358.83803367614746,12,0,17,17.206573285537164,180.0,172.06573285537164
L3_4C36L,313,103,504.276,36,36,348.0546946525574,5,0,34,23.151023241639443,240.0,231.51023241639444
L3_4C36L,314,104,396.121,36,36,360.73777055740356,11,0,23,20.87407771162889,180.0,208.74077711628888
L3_4C36L,315,105,328.765,36,36,369.13015270233154,13,0,32,14.566176373229181,150.0,145.6617637322918
L3_4C36L,316,106,285.637,36,36,366.58198165893555,15,0,17,21.39339912527234,140.0,213.9339912527234
L3_4C36L,317,107,483.601,36,36,365.98786306381226,9,0,48,16.707126894994584,170.0,167.07126894994585
L3_4C36L,318,108,506.861,36,36,321.464919090271,17,0,45,31.783602595169114,210.0,317.8360259516911
L3_4C36L,319,109,368.873,36,36,371.9107418060303,12,0,23,20.2975306464134,140.0,202.975306464134
L3_4C36L,320,110,415.8,36,36,359.9713273048401,11,0,21,10.095581383285584,190.0,100.95581383285584
L3_4C36L,321,101,406.189,36,36,364.36001205444336,14,0,40,25.466636046946675,140.0,254.66636046946678
L3_4C36L,322,102,352.009,36,36,381.2414360046387,10,0,14,22.528554418683925,140.0,225.2855441868392
L3_4C36L,323,103,473.804,36,36,331.60671520233154,11,0,26,24.644284622169288,240.0,246.44284622169292
L3_4C36L,324,104,368.842,36,36,383.8936948776245,9,0,10,23.68769850887191,140.0,236.87698508871915
L3_4C36L,325,105,424.387,36,36,335.8315954208374,16,0,24,20.56136052261759,200.0,205.61360522617593
L3_4C36L,326,106,376.492,36,36,362.90463066101074,13,0,26,33.65123641482192,150.0,336.5123641482194
L3_4C36L,327,107,373.655,36,36,399.41895294189453,3,0,29,11.936824968531534,150.0,119.36824968531532
L3_4C36L,328,108,442.026,36,36,333.456503868103,21,0,31,31.81164865096457,160.0,318.11648650964565
L3_4C36L,329,109,375.626,36,36,366.1161003112793,8,0,18,19.61300209261681,190.0,196.13002092616807
L3_4C36L,330,110,364.232,36,36,387.32418727874756,6,0,36,8.91936805934336,160.0,89.19368059343364
L3_4C36L,331,101,416.644,36,36,381.2980217933655,7,0,36,25.673263745554593,150.0,256.73263745554596
L3_4C36L,332,102,329.704,36,36,365.2165298461914,11,0,10,19.27823644600435,180.0,192.78236446004357
L3_4C36L,333,103,471.337,36,36,346.0703625679016,6,0,28,26.432115582907418,240.0,264.3211558290741
L3_4C36L,334,104,344.439,36,36,377.41126251220703,10,0,5,15.295767787704076,160.0,152.95767787704077
L3_4C36L,335,105,352.754,36,36,342.32441234588623,21,0,24,15.585295528194312,160.0,155.85295528194314
L3_4C36L,336,106,393.886,36,36,378.12917852401733,11,0,30,22.9027304291559,130.0,229.0273042915591
L3_4C36L,337,107,386.821,36,36,394.8239269256592,7,0,25,13.920245672158456,130.0,139.20245672158453
L3_4C36L,338,108,442.104,36,36,349.5453186035156,9,0,25,31.515610367673634,210.0,315.15610367673634
L3_4C36L,339,109,455.196,36,36,336.08025646209717,14,0,43,21.39912324512458,210.0,213.9912324512458
L3_4C36L,340,110,397.873,36,36,362.5429925918579,10,0,16,11.523358570766518,190.0,115.23358570766516
L3_4C36L,341,101,455.709,36,36,371.81783866882324,4,0,61,13.940539950651859,200.0,139.40539950651853
L3_4C36L,342,102,314.215,36,36,375.61705780029297,13,0,12,17.943130062308338,140.0,179.4313006230834
L3_4C36L,343,103,521.317,36,36,370.8410587310791,2,0,32,23.86312344802811,200.0,238.6312344802811
L3_4C36L,344,104,363.79,36,36,359.96228218078613,13,0,12,23.45905857461882,170.0,234.59058574618814
L3_4C36L,345,105,423.352,36,36,341.4370183944702,14,0,24,21.876633966183892,200.0,218.76633966183894
L3_4C36L,346,106,451.886,36,36,377.16550636291504,7,0,35,32.781659616985465,150.0,327.8165961698546
L3_4C36L,347,107,485.123,36,36,373.1337881088257,12,0,56,16.220712658393527,130.0,162.2071265839353
L3_4C36L,348,108,354.671,36,36,368.293794631958,9,0,19,17.35400304446578,180.0,173.54003044465787
L3_4C36L,349,109,395.351,36,36,368.1079216003418,7,0,20,22.97361323006391,190.0,229.73613230063907
L3_4C36L,350,110,301.849,36,36,367.8959732055664,11,0,5,10.346787528117705,180.0,103.46787528117709
L3_4C36L,351,101,337.631,36,36,404.9170799255371,3,0,22,13.609727540761565,140.0,136.0972754076156
L3_4C36L,352,102,379.022,36,36,357.74764943122864,16,0,39,14.174505622030278,150.0,141.74505622030276
L3_4C36L,353,103,608.586,36,36,332.1213321685791,5,0,40,36.262242031399424,260.0,362.6224203139942
L3_4C36L,354,104,706.895,36,36,347.321204662323,10,0,69,28.929329187917087,170.0,289.29329187917085
L3_4C36L,355,105,400.093,36,36,375.0549125671387,10,0,32,18.150299372626712,150.0,181.50299372626708
L3_4C36L,356,106,368.637,36,36,363.73732566833496,14,0,31,27.542231447009534,140.0,275.42231447009533
L3_4C36L,357,107,478.955,36,36,373.4171257019043,9,0,52,18.60959667298554,150.0,186.0959667298554
L3_4C36L,358,108,328.402,36,36,358.6636881828308,14,0,17,17.787701389584562,170.0,177.87701389584558
L3_4C36L,359,109,620.802,36,36,346.30180835723877,7,0,59,28.993960738311927,210.0,289.9396073831193
L3_4C36L,360,110,315.439,36,36,365.9647855758667,11,0,10,11.784045722310118,180.0,117.84045722310115
L3_4C36L,361,101,388.805,36,36,400.01624393463135,3,0,44,18.279180853559133,140.0,182.79180853559134
L3_4C36L,362,102,318.703,36,36,358.78142642974854,16,0,9,17.395256421685193,160.0,173.95256421685195
L3_4C36L,363,103,495.359,36,36,346.3945198059082,8,0,32,27.018258949651017,220.0,270.18258949651016
L3_4C36L,364,104,328.682,36,36,394.1196994781494,9,0,16,16.267681724485584,120.0,162.6768172448558
L3_4C36L,365,105,498.144,36,36,364.3854732513428,8,0,48,12.048423767811173,180.0,120.48423767811175
L3_4C36L,366,106,305.16,36,36,352.4801826477051,19,0,5,21.732729377593248,150.0,217.32729377593247
L3_4C36L,367,107,481.926,36,36,367.43482637405396,9,0,55,25.21724251158418,160.0,252.17242511584183
L3_4C36L,368,108,391.929,36,36,352.48566150665283,13,0,21,28.381130368748238,180.0,283.8113036874824
L3_4C36L,369,109,386.99,36,36,353.3830556869507,9,0,19,22.05648831710951,210.0,220.56488317109512
L3_4C36L,370,110,303.315,36,36,375.82881450653076,11,0,6,10.570612487655962,160.0,105.7061248765596
L3_4C36L,371,101,378.598,36,36,378.55680656433105,8,0,24,18.143977498431155,160.0,181.43977498431155
L3_4C36L,372,102,337.32,36,36,371.6629447937012,11,0,20,19.45685652096098,160.0,194.5685652096098
L3_4C36L,373,103,433.161,36,36,360.7934989929199,6,0,22,24.02164030415424,210.0,240.21640304154232
L3_4C36L,374,104,623.316,36,36,365.02690076828003,7,0,69,26.57699718747983,160.0,265.76997187479833
L3_4C36L,375,105,379.712,36,36,360.5565357208252,9,0,16,16.47822052866016,200.0,164.7822052866016
L3_4C36L,376,106,298.666,36,36,364.54425525665283,17,0,19,21.519155875227995,130.0,215.19155875227995
L3_4C36L,377,107,449.563,36,36,369.07366275787354,9,0,33,19.754446097559434,170.0,197.54446097559432
L3_4C36L,378,108,349.731,36,36,369.3128342628479,10,0,31,17.290564523534567,170.0,172.90564523534565
L3_4C36L,379,109,375.458,36,36,355.85747146606445,10,0,18,20.475099365553454,200.0,204.7509936555345
L3_4C36L,380,110,353.916,36,36,363.8496341705322,14,0,11,13.834534001696252,160.0,138.34534001696252
L3_4C36L,381,101,367.868,36,36,381.9524784088135,7,0,20,23.49172647524773,160.0,234.91726475247728
L3_4C36L,382,102,362.196,36,36,381.14648246765137,11,0,21,19.511734786069876,130.0,195.11734786069874
L3_4C36L,383,103,505.336,36,36,344.8819651603699,7,0,52,22.060111057941675,230.0,220.60111057941677
L3_4C36L,384,104,478.769,36,36,347.2677869796753,13,0,33,19.1073711879853,190.0,191.073711879853
L3_4C36L,385,105,362.935,36,36,376.92686557769775,8,0,18,11.910438739823501,170.0,119.10438739823499
L3_4C36L,386,106,390.37,36,36,398.2063045501709,4,0,46,19.31231646799343,130.0,193.12316467993435
L3_4C36L,387,107,376.217,36,36,365.254714012146,11,0,19,22.484272920894746,170.0,224.84272920894753
L3_4C36L,388,108,281.674,36,36,392.1888256072998,7,0,3,12.703882022172255,150.0,127.03882022172259
L3_4C36L,389,109,451.844,36,36,350.20127534866333,10,0,39,27.662412709006343,200.0,276.62412709006344
L3_4C36L,390,110,328.009,36,36,382.6768922805786,7,0,21,9.41033732927437,170.0,94.10337329274371
L3_4C36L,391,101,466.801,36,36,400.2128014564514,4,0,65,19.290670039997565,120.0,192.90670039997562
L3_4C36L,392,102,342.388,36,36,387.12813568115234,6,0,10,17.906221438541415,160.0,179.0622143854142
L3_4C36L,393,103,474.238,36,36,340.09436655044556,11,0,26,23.01878898910986,220.0,230.18788989109862
L3_4C36L,394,104,312.861,36,36,362.08569526672363,18,0,6,13.047664705643697,140.0,130.47664705643697
L3_4C36L,395,105,304.284,36,36,376.77049255371094,13,0,11,14.098362370031351,140.0,140.9836237003135
L3_4C36L,396,106,296.936,36,36,383.41489028930664,8,0,6,28.6170385774714,150.0,286.170385774714
L3_4C36L,397,107,438.201,36,36,381.26598501205444,10,0,53,15.780055030827802,130.0,157.80055030827805
L3_4C36L,398,108,404.893,36,36,330.4318218231201,17,0,22,30.227264764265826,200.0,302.2726476426582
L3_4C36L,399,109,571.3,36,36,335.1992402076721,13,0,67,26.00252917021305,200.0,260.0252917021305
L3_4C36L,400,110,368.836,36,36,375.79131412506104,8,0,17,7.362299100780686,180.0,73.62299100780683
