ep=6/60 makespan=285.9 reward=254.7 best=270.224 seenBest=382.10900000000004 updates=24
ep=12/60 makespan=282.6 reward=284.2 best=270.224 seenBest=363.1176 updates=48
ep=18/60 makespan=311.2 reward=249.4 best=270.224 seenBest=363.1176 updates=72
ep=24/60 makespan=284.3 reward=261.6 best=270.224 seenBest=339.33770000000004 updates=96
ep=30/60 makespan=278.4 reward=292.1 best=259.679 seenBest=339.33770000000004 updates=120
ep=36/60 makespan=317.3 reward=267.9 best=259.679 seenBest=339.33770000000004 updates=144
ep=42/60 makespan=292.3 reward=276.3 best=259.679 seenBest=324.06309999999996 updates=168
ep=48/60 makespan=291.5 reward=257.3 best=256.932 seenBest=324.06309999999996 updates=192
ep=54/60 makespan=367.9 reward=290.7 best=256.932 seenBest=324.06309999999996 updates=216
ep=60/60 makespan=368.7 reward=285.4 best=256.932 seenBest=324.06309999999996 updates=240
{
  "config": {
    "num_cranes": 3,
    "num_lifts": 24,
    "fixed_duration": 25.0,
    "setup_time": 10.0,
    "crane_radius": 18.0,
    "candidate_k": 5,
    "max_steps": 220,
    "base_seed": 101,
    "seed_runs": 10,
    "train_episodes": 150,
    "seen_seed_start": 101,
    "seen_seed_count": 10,
    "unseen_seed_start": 201,
    "unseen_seed_count": 30,
    "reward": {
      "r_single": 10.0,
      "r_all": 100.0,
      "r_same": 3.0,
      "p_idle": -0.5,
      "p_inter_soft": -3.0,
      "p_time": -0.1,
      "p_move": -0.02,
      "soft_buffer": 6.0
    },
    "mappo": {
      "gamma": 0.92,
      "gae_lambda": 0.95,
      "actor_lr": 0.001,
      "critic_lr": 0.002,
      "clip_eps": 0.2,
      "entropy_coef": 0.01,
      "value_coef": 0.5,
      "max_grad_norm": 0.5,
      "update_epochs": 4,
      "minibatch_size": 256,
      "hidden_dim": 96,
      "eps_start": 0.35,
      "eps_end": 0.05
    }
  },
  "elapsedSec": 33.513880491256714,
  "trainEpisodes": 60,
  "trainSummary": {
    "best": {
      "ep": 45,
      "seed": 105,
      "makespan": 256.932,
      "done": 24,
      "total": 24,
      "reward": 275.48301792144775,
      "soft": 9,
      "hardExecuted": 0,
      "hardMask": 4,
      "move": 150.5661818442287,
      "travel": 15.05661818442287,
      "setup": 110.0
    },
    "bestCheckpointSeen": {
      "n": 10,
      "completeRate": 100.0,
      "makespan": 324.06309999999996,
      "makespanSd": 76.66628403731329,
      "reward": 277.6310240268707,
      "soft": 6.5,
      "hardExecuted": 0.0,
      "hardMask": 14.3,
      "travel": 17.229910064875945,
      "setup": 115.0,
      "move": 172.2991006487594,
      "actualLiftRadius": 14.995100025761738,
      "actualDangerRadius": 20.99510002576174,
      "ep": 42
    },
    "first10": {
      "n": 10,
      "completeRate": 100.0,
      "makespan": 329.6205,
      "makespanSd": 63.80797300847286,
      "reward": 266.39943037033083,
      "soft": 6.7,
      "hardExecuted": 0.0,
      "hardMask": 13.8,
      "travel": 19.668553028848006,
      "setup": 139.0,
      "move": 196.68553028848007,
      "actualLiftRadius": 0.0,
      "actualDangerRadius": 0.0
    },
    "last20": {
      "n": 20,
      "completeRate": 100.0,
      "makespan": 324.7865,
      "makespanSd": 50.14928691467107,
      "reward": 271.08673359155654,
      "soft": 7.0,
      "hardExecuted": 0.0,
      "hardMask": 13.05,
      "travel": 18.544209103192024,
      "setup": 127.0,
      "move": 185.44209103192026,
      "actualLiftRadius": 0.0,
      "actualDangerRadius": 0.0
    },
    "modelStats": {
      "updates": 168,
      "actorShareMode": "typeShared",
      "craneType": "50톤 모바일 크레인",
      "actorDim": 17,
      "criticDim": 14
    }
  },
  "learningCurve": [
    {
      "ep": 1,
      "seed": 101,
      "makespan": 274.655,
      "done": 24,
      "total": 24,
      "reward": 261.3349254131317,
      "soft": 4,
      "hardExecuted": 0,
      "hardMask": 2,
      "move": 172.16900931161527,
      "travel": 17.216900931161526,
      "setup": 180.0
    },
    {
      "ep": 2,
      "seed": 102,
      "makespan": 292.337,
      "done": 24,
      "total": 24,
      "reward": 262.69178581237793,
      "soft": 9,
      "hardExecuted": 0,
      "hardMask": 7,
      "move": 260.2737887250344,
      "travel": 26.02737887250344,
      "setup": 130.0
    },
    {
      "ep": 3,
      "seed": 103,
      "makespan": 337.356,
      "done": 24,
      "total": 24,
      "reward": 241.62056970596313,
      "soft": 10,
      "hardExecuted": 0,
      "hardMask": 14,
      "move": 262.6474451364909,
      "travel": 26.26474451364908,
      "setup": 170.0
    },
    {
      "ep": 4,
      "seed": 104,
      "makespan": 270.224,
      "done": 24,
      "total": 24,
      "reward": 297.7313404083252,
      "soft": 4,
      "hardExecuted": 0,
      "hardMask": 6,
      "move": 125.62193651706879,
      "travel": 12.562193651706881,
      "setup": 90.0
    },
    {
      "ep": 5,
      "seed": 105,
      "makespan": 291.712,
      "done": 24,
      "total": 24,
      "reward": 285.2688181400299,
      "soft": 5,
      "hardExecuted": 0,
      "hardMask": 9,
      "move": 124.3728427733638,
      "travel": 12.43728427733638,
      "setup": 110.0
    },
    {
      "ep": 6,
      "seed": 106,
      "makespan": 285.877,
      "done": 24,
      "total": 24,
      "reward": 254.73695755004883,
      "soft": 12,
      "hardExecuted": 0,
      "hardMask": 6,
      "move": 208.76768922038133,
      "travel": 20.87676892203814,
      "setup": 130.0
    },
    {
      "ep": 7,
      "seed": 107,
      "makespan": 388.157,
      "done": 24,
      "total": 24,
      "reward": 262.07056045532227,
      "soft": 8,
      "hardExecuted": 0,
      "hardMask": 33,
      "move": 130.98113083903644,
      "travel": 13.098113083903643,
      "setup": 140.0
    },
    {
      "ep": 8,
      "seed": 108,
      "makespan": 375.338,
      "done": 24,
      "total": 24,
      "reward": 254.7061891555786,
      "soft": 6,
      "hardExecuted": 0,
      "hardMask": 19,
      "move": 243.12666525010533,
      "travel": 24.31266652501054,
      "setup": 170.0
    },
    {
      "ep": 9,
      "seed": 109,
      "makespan": 481.078,
      "done": 24,
      "total": 24,
      "reward": 272.38626050949097,
      "soft": 2,
      "hardExecuted": 0,
      "hardMask": 29,
      "move": 287.1247204314257,
      "travel": 28.712472043142565,
      "setup": 140.0
    },
    {
      "ep": 10,
      "seed": 110,
      "makespan": 299.471,
      "done": 24,
      "total": 24,
      "reward": 271.44689655303955,
      "soft": 7,
      "hardExecuted": 0,
      "hardMask": 13,
      "move": 151.77007468027887,
      "travel": 15.177007468027888,
      "setup": 130.0
    },
    {
      "ep": 11,
      "seed": 101,
      "makespan": 281.441,
      "done": 24,
      "total": 24,
      "reward": 263.9137649536133,
      "soft": 13,
      "hardExecuted": 0,
      "hardMask": 10,
      "move": 119.54107350812035,
      "travel": 11.954107350812034,
      "setup": 110.0
    },
    {
      "ep": 12,
      "seed": 102,
      "makespan": 282.629,
      "done": 24,
      "total": 24,
      "reward": 284.1962957382202,
      "soft": 5,
      "hardExecuted": 0,
      "hardMask": 4,
      "move": 243.45671580461297,
      "travel": 24.345671580461293,
      "setup": 110.0
    },
    {
      "ep": 13,
      "seed": 103,
      "makespan": 395.254,
      "done": 24,
      "total": 24,
      "reward": 249.12149095535278,
      "soft": 7,
      "hardExecuted": 0,
      "hardMask": 17,
      "move": 262.6168123502739,
      "travel": 26.261681235027392,
      "setup": 170.0
    },
    {
      "ep": 14,
      "seed": 104,
      "makespan": 296.287,
      "done": 24,
      "total": 24,
      "reward": 287.7618565559387,
      "soft": 6,
      "hardExecuted": 0,
      "hardMask": 8,
      "move": 257.9381481542878,
      "travel": 25.79381481542878,
      "setup": 90.0
    },
    {
      "ep": 15,
      "seed": 105,
      "makespan": 294.213,
      "done": 24,
      "total": 24,
      "reward": 281.5046262741089,
      "soft": 7,
      "hardExecuted": 0,
      "hardMask": 22,
      "move": 83.17908960192622,
      "travel": 8.317908960192623,
      "setup": 110.0
    },
    {
      "ep": 16,
      "seed": 106,
      "makespan": 290.74,
      "done": 24,
      "total": 24,
      "reward": 271.37793922424316,
      "soft": 8,
      "hardExecuted": 0,
      "hardMask": 5,
      "move": 187.40180400391512,
      "travel": 18.74018040039151,
      "setup": 120.0
    },
    {
      "ep": 17,
      "seed": 107,
      "makespan": 356.366,
      "done": 24,
      "total": 24,
      "reward": 260.2348837852478,
      "soft": 10,
      "hardExecuted": 0,
      "hardMask": 17,
      "move": 175.50369007473518,
      "travel": 17.550369007473513,
      "setup": 130.0
    },
    {
      "ep": 18,
      "seed": 108,
      "makespan": 311.159,
      "done": 24,
      "total": 24,
      "reward": 249.40886735916138,
      "soft": 11,
      "hardExecuted": 0,
      "hardMask": 11,
      "move": 269.70443461396667,
      "travel": 26.970443461396673,
      "setup": 150.0
    },
    {
      "ep": 19,
      "seed": 109,
      "makespan": 345.143,
      "done": 24,
      "total": 24,
      "reward": 272.23591232299805,
      "soft": 6,
      "hardExecuted": 0,
      "hardMask": 28,
      "move": 192.13602116222347,
      "travel": 19.213602116222347,
      "setup": 130.0
    },
    {
      "ep": 20,
      "seed": 110,
      "makespan": 291.353,
      "done": 24,
      "total": 24,
      "reward": 260.4391784667969,
      "soft": 11,
      "hardExecuted": 0,
      "hardMask": 3,
      "move": 168.69395878296524,
      "travel": 16.869395878296523,
      "setup": 130.0
    },
    {
      "ep": 21,
      "seed": 101,
      "makespan": 317.081,
      "done": 24,
      "total": 24,
      "reward": 270.65669536590576,
      "soft": 5,
      "hardExecuted": 0,
      "hardMask": 21,
      "move": 194.77670576131953,
      "travel": 19.477670576131953,
      "setup": 140.0
    },
    {
      "ep": 22,
      "seed": 102,
      "makespan": 292.397,
      "done": 24,
      "total": 24,
      "reward": 247.3805537223816,
      "soft": 12,
      "hardExecuted": 0,
      "hardMask": 11,
      "move": 187.31489219672133,
      "travel": 18.731489219672135,
      "setup": 150.0
    },
    {
      "ep": 23,
      "seed": 103,
      "makespan": 291.981,
      "done": 24,
      "total": 24,
      "reward": 265.23011207580566,
      "soft": 7,
      "hardExecuted": 0,
      "hardMask": 6,
      "move": 375.66294853633775,
      "travel": 37.56629485363378,
      "setup": 130.0
    },
    {
      "ep": 24,
      "seed": 104,
      "makespan": 284.318,
      "done": 24,
      "total": 24,
      "reward": 261.5887098312378,
      "soft": 15,
      "hardExecuted": 0,
      "hardMask": 11,
      "move": 230.37638878380184,
      "travel": 23.037638878380186,
      "setup": 90.0
    },
    {
      "ep": 25,
      "seed": 105,
      "makespan": 325.802,
      "done": 24,
      "total": 24,
      "reward": 270.85317039489746,
      "soft": 6,
      "hardExecuted": 0,
      "hardMask": 11,
      "move": 138.22732895191547,
      "travel": 13.822732895191548,
      "setup": 140.0
    },
    {
      "ep": 26,
      "seed": 106,
      "makespan": 259.679,
      "done": 24,
      "total": 24,
      "reward": 288.5250053405762,
      "soft": 5,
      "hardExecuted": 0,
      "hardMask": 8,
      "move": 232.4998797353098,
      "travel": 23.24998797353098,
      "setup": 100.0
    },
    {
      "ep": 27,
      "seed": 107,
      "makespan": 504.148,
      "done": 24,
      "total": 24,
      "reward": 247.7466917037964,
      "soft": 10,
      "hardExecuted": 0,
      "hardMask": 61,
      "move": 125.10997333027126,
      "travel": 12.510997333027124,
      "setup": 150.0
    },
    {
      "ep": 28,
      "seed": 108,
      "makespan": 459.963,
      "done": 24,
      "total": 24,
      "reward": 241.88718223571777,
      "soft": 9,
      "hardExecuted": 0,
      "hardMask": 27,
      "move": 253.76058685312455,
      "travel": 25.376058685312447,
      "setup": 170.0
    },
    {
      "ep": 29,
      "seed": 109,
      "makespan": 348.7,
      "done": 24,
      "total": 24,
      "reward": 265.8520747423172,
      "soft": 6,
      "hardExecuted": 0,
      "hardMask": 11,
      "move": 254.93065267470013,
      "travel": 25.49306526747001,
      "setup": 140.0
    },
    {
      "ep": 30,
      "seed": 110,
      "makespan": 278.428,
      "done": 24,
      "total": 24,
      "reward": 292.0981798171997,
      "soft": 2,
      "hardExecuted": 0,
      "hardMask": 2,
      "move": 163.39394539238862,
      "travel": 16.339394539238864,
      "setup": 120.0
    },
    {
      "ep": 31,
      "seed": 101,
      "makespan": 281.923,
      "done": 24,
      "total": 24,
      "reward": 295.6266746520996,
      "soft": 1,
      "hardExecuted": 0,
      "hardMask": 7,
      "move": 129.1105948905491,
      "travel": 12.91105948905491,
      "setup": 120.0
    },
    {
      "ep": 32,
      "seed": 102,
      "makespan": 315.572,
      "done": 24,
      "total": 24,
      "reward": 249.62214612960815,
      "soft": 12,
      "hardExecuted": 0,
      "hardMask": 11,
      "move": 262.5952580591713,
      "travel": 26.259525805917132,
      "setup": 140.0
    },
    {
      "ep": 33,
      "seed": 103,
      "makespan": 321.775,
      "done": 24,
      "total": 24,
      "reward": 241.61563396453857,
      "soft": 13,
      "hardExecuted": 0,
      "hardMask": 6,
      "move": 279.4787511697836,
      "travel": 27.94787511697836,
      "setup": 150.0
    },
    {
      "ep": 34,
      "seed": 104,
      "makespan": 448.056,
      "done": 24,
      "total": 24,
      "reward": 287.4729542732239,
      "soft": 4,
      "hardExecuted": 0,
      "hardMask": 27,
      "move": 250.90160830297833,
      "travel": 25.090160830297833,
      "setup": 90.0
    },
    {
      "ep": 35,
      "seed": 105,
      "makespan": 302.376,
      "done": 24,
      "total": 24,
      "reward": 283.43519115448,
      "soft": 6,
      "hardExecuted": 0,
      "hardMask": 16,
      "move": 118.82696054544388,
      "travel": 11.88269605454439,
      "setup": 110.0
    },
    {
      "ep": 36,
      "seed": 106,
      "makespan": 317.252,
      "done": 24,
      "total": 24,
      "reward": 267.88937389850616,
      "soft": 9,
      "hardExecuted": 0,
      "hardMask": 15,
      "move": 287.02073300250726,
      "travel": 28.702073300250728,
      "setup": 110.0
    },
    {
      "ep": 37,
      "seed": 107,
      "makespan": 364.246,
      "done": 24,
      "total": 24,
      "reward": 258.5163187980652,
      "soft": 13,
      "hardExecuted": 0,
      "hardMask": 17,
      "move": 199.45573003034525,
      "travel": 19.94557300303453,
      "setup": 110.0
    },
    {
      "ep": 38,
      "seed": 108,
      "makespan": 451.692,
      "done": 24,
      "total": 24,
      "reward": 258.74914026260376,
      "soft": 7,
      "hardExecuted": 0,
      "hardMask": 23,
      "move": 291.69532522624786,
      "travel": 29.169532522624788,
      "setup": 140.0
    },
    {
      "ep": 39,
      "seed": 109,
      "makespan": 441.406,
      "done": 24,
      "total": 24,
      "reward": 276.4959406852722,
      "soft": 3,
      "hardExecuted": 0,
      "hardMask": 27,
      "move": 233.46843220364738,
      "travel": 23.346843220364732,
      "setup": 130.0
    },
    {
      "ep": 40,
      "seed": 110,
      "makespan": 304.866,
      "done": 24,
      "total": 24,
      "reward": 268.92562103271484,
      "soft": 9,
      "hardExecuted": 0,
      "hardMask": 9,
      "move": 169.1456787424464,
      "travel": 16.914567874244636,
      "setup": 120.0
    },
    {
      "ep": 41,
      "seed": 101,
      "makespan": 335.066,
      "done": 24,
      "total": 24,
      "reward": 290.9637608528137,
      "soft": 1,
      "hardExecuted": 0,
      "hardMask": 6,
      "move": 234.54113445467868,
      "travel": 23.454113445467865,
      "setup": 120.0
    },
    {
      "ep": 42,
      "seed": 102,
      "makespan": 292.319,
      "done": 24,
      "total": 24,
      "reward": 276.2584648132324,
      "soft": 7,
      "hardExecuted": 0,
      "hardMask": 13,
      "move": 141.38451348049196,
      "travel": 14.138451348049198,
      "setup": 120.0
    },
    {
      "ep": 43,
      "seed": 103,
      "makespan": 324.145,
      "done": 24,
      "total": 24,
      "reward": 277.1568868160248,
      "soft": 4,
      "hardExecuted": 0,
      "hardMask": 16,
      "move": 211.4370913140698,
      "travel": 21.143709131406982,
      "setup": 130.0
    },
    {
      "ep": 44,
      "seed": 104,
      "makespan": 323.971,
      "done": 24,
      "total": 24,
      "reward": 267.6224617958069,
      "soft": 9,
      "hardExecuted": 0,
      "hardMask": 24,
      "move": 162.58462570151306,
      "travel": 16.25846257015131,
      "setup": 120.0
    },
    {
      "ep": 45,
      "seed": 105,
      "makespan": 256.932,
      "done": 24,
      "total": 24,
      "reward": 275.48301792144775,
      "soft": 9,
      "hardExecuted": 0,
      "hardMask": 4,
      "move": 150.5661818442287,
      "travel": 15.05661818442287,
      "setup": 110.0
    },
    {
      "ep": 46,
      "seed": 106,
      "makespan": 329.748,
      "done": 24,
      "total": 24,
      "reward": 270.1928586959839,
      "soft": 8,
      "hardExecuted": 0,
      "hardMask": 19,
      "move": 176.90441673992223,
      "travel": 17.69044167399222,
      "setup": 120.0
    },
    {
      "ep": 47,
      "seed": 107,
      "makespan": 269.176,
      "done": 24,
      "total": 24,
      "reward": 276.25436305999756,
      "soft": 10,
      "hardExecuted": 0,
      "hardMask": 6,
      "move": 158.1879288121801,
      "travel": 15.818792881218009,
      "setup": 100.0
    },
    {
      "ep": 48,
      "seed": 108,
      "makespan": 291.489,
      "done": 24,
      "total": 24,
      "reward": 257.34777212142944,
      "soft": 12,
      "hardExecuted": 0,
      "hardMask": 9,
      "move": 255.07425827148603,
      "travel": 25.507425827148598,
      "setup": 120.0
    },
    {
      "ep": 49,
      "seed": 109,
      "makespan": 415.07,
      "done": 24,
      "total": 24,
      "reward": 261.12709379196167,
      "soft": 6,
      "hardExecuted": 0,
      "hardMask": 25,
      "move": 229.09653347838378,
      "travel": 22.909653347838372,
      "setup": 150.0
    },
    {
      "ep": 50,
      "seed": 110,
      "makespan": 341.167,
      "done": 24,
      "total": 24,
      "reward": 272.82382678985596,
      "soft": 5,
      "hardExecuted": 0,
      "hardMask": 17,
      "move": 122.53911754116044,
      "travel": 12.253911754116045,
      "setup": 140.0
    },
    {
      "ep": 51,
      "seed": 101,
      "makespan": 282.106,
      "done": 24,
      "total": 24,
      "reward": 280.968807220459,
      "soft": 3,
      "hardExecuted": 0,
      "hardMask": 4,
      "move": 167.70622754914777,
      "travel": 16.770622754914775,
      "setup": 140.0
    },
    {
      "ep": 52,
      "seed": 102,
      "makespan": 320.446,
      "done": 24,
      "total": 24,
      "reward": 248.74187231063843,
      "soft": 13,
      "hardExecuted": 0,
      "hardMask": 13,
      "move": 175.2708964833631,
      "travel": 17.52708964833631,
      "setup": 140.0
    },
    {
      "ep": 53,
      "seed": 103,
      "makespan": 420.755,
      "done": 24,
      "total": 24,
      "reward": 242.26302003860474,
      "soft": 11,
      "hardExecuted": 0,
      "hardMask": 20,
      "move": 224.56581966676714,
      "travel": 22.45658196667671,
      "setup": 160.0
    },
    {
      "ep": 54,
      "seed": 104,
      "makespan": 367.87,
      "done": 24,
      "total": 24,
      "reward": 290.65346813201904,
      "soft": 2,
      "hardExecuted": 0,
      "hardMask": 12,
      "move": 228.21764370759522,
      "travel": 22.821764370759524,
      "setup": 110.0
    },
    {
      "ep": 55,
      "seed": 105,
      "makespan": 267.283,
      "done": 24,
      "total": 24,
      "reward": 274.00763607025146,
      "soft": 10,
      "hardExecuted": 0,
      "hardMask": 3,
      "move": 99.74517778749184,
      "travel": 9.974517778749185,
      "setup": 110.0
    },
    {
      "ep": 56,
      "seed": 106,
      "makespan": 283.891,
      "done": 24,
      "total": 24,
      "reward": 273.48609924316406,
      "soft": 6,
      "hardExecuted": 0,
      "hardMask": 9,
      "move": 183.7963231387064,
      "travel": 18.379632313870637,
      "setup": 130.0
    },
    {
      "ep": 57,
      "seed": 107,
      "makespan": 423.483,
      "done": 24,
      "total": 24,
      "reward": 278.766836643219,
      "soft": 6,
      "hardExecuted": 0,
      "hardMask": 33,
      "move": 124.43881582247569,
      "travel": 12.44388158224757,
      "setup": 110.0
    },
    {
      "ep": 58,
      "seed": 108,
      "makespan": 285.776,
      "done": 24,
      "total": 24,
      "reward": 268.5828104019165,
      "soft": 7,
      "hardExecuted": 0,
      "hardMask": 1,
      "move": 297.2392046993178,
      "travel": 29.723920469931784,
      "setup": 130.0
    },
    {
      "ep": 59,
      "seed": 109,
      "makespan": 296.321,
      "done": 24,
      "total": 24,
      "reward": 253.63068103790283,
      "soft": 8,
      "hardExecuted": 0,
      "hardMask": 8,
      "move": 245.64381783368657,
      "travel": 24.564381783368663,
      "setup": 160.0
    },
    {
      "ep": 60,
      "seed": 110,
      "makespan": 368.716,
      "done": 24,
      "total": 24,
      "reward": 285.40293407440186,
      "soft": 3,
      "hardExecuted": 0,
      "hardMask": 19,
      "move": 119.90209231173907,
      "travel": 11.990209231173907,
      "setup": 120.0
    }
  ],
  "seen": {
    "mappo": {
      "n": 10,
      "completeRate": 100.0,
      "makespan": 324.06309999999996,
      "makespanSd": 76.66628403731329,
      "reward": 277.6310240268707,
      "soft": 6.5,
      "hardExecuted": 0.0,
      "hardMask": 14.3,
      "travel": 17.229910064875945,
      "setup": 115.0,
      "move": 172.2991006487594,
      "actualLiftRadius": 14.995100025761738,
      "actualDangerRadius": 20.99510002576174
    },
    "nearest": {
      "n": 10,
      "completeRate": 100.0,
      "makespan": 347.8401,
      "makespanSd": 44.38685996880157,
      "reward": 273.1974153995514,
      "soft": 4.3,
      "hardExecuted": 0.0,
      "hardMask": 12.6,
      "travel": 15.175272011960818,
      "setup": 144.0,
      "move": 151.75272011960814,
      "actualLiftRadius": 15.326459635670776,
      "actualDangerRadius": 21.326459635670776
    },
    "radiusPriority": {
      "n": 10,
      "completeRate": 100.0,
      "makespan": 347.8401,
      "makespanSd": 44.38685996880157,
      "reward": 273.1974153995514,
      "soft": 4.3,
      "hardExecuted": 0.0,
      "hardMask": 12.6,
      "travel": 15.175272011960818,
      "setup": 144.0,
      "move": 151.75272011960814,
      "actualLiftRadius": 15.326459635670776,
      "actualDangerRadius": 21.326459635670776
    },
    "random": {
      "n": 10,
      "completeRate": 100.0,
      "makespan": 358.88989999999995,
      "makespanSd": 52.40404844179504,
      "reward": 262.8518455862999,
      "soft": 6.0,
      "hardExecuted": 0.0,
      "hardMask": 17.9,
      "travel": 24.327168577406976,
      "setup": 149.0,
      "move": 243.27168577406974,
      "actualLiftRadius": 15.318181533023804,
      "actualDangerRadius": 21.318181533023804
    }
  },
  "unseen": {
    "mappo": {
      "n": 30,
      "completeRate": 100.0,
      "makespan": 329.22370000000006,
      "makespanSd": 52.09493134534939,
      "reward": 277.06549627780913,
      "soft": 6.1,
      "hardExecuted": 0.0,
      "hardMask": 13.133333333333333,
      "travel": 15.448330001291584,
      "setup": 120.66666666666667,
      "move": 154.4833000129159,
      "actualLiftRadius": 14.971177985880805,
      "actualDangerRadius": 20.9711779858808
    },
    "nearest": {
      "n": 30,
      "completeRate": 100.0,
      "makespan": 348.0688333333333,
      "makespanSd": 66.16424363913553,
      "reward": 271.0706304470698,
      "soft": 5.0,
      "hardExecuted": 0.0,
      "hardMask": 14.4,
      "travel": 13.264547029714645,
      "setup": 145.0,
      "move": 132.64547029714646,
      "actualLiftRadius": 15.332795829345189,
      "actualDangerRadius": 21.332795829345176
    },
    "radiusPriority": {
      "n": 30,
      "completeRate": 100.0,
      "makespan": 348.0688333333333,
      "makespanSd": 66.16424363913553,
      "reward": 271.0706304470698,
      "soft": 5.0,
      "hardExecuted": 0.0,
      "hardMask": 14.4,
      "travel": 13.264547029714645,
      "setup": 145.0,
      "move": 132.64547029714646,
      "actualLiftRadius": 15.332795829345189,
      "actualDangerRadius": 21.332795829345176
    },
    "random": {
      "n": 30,
      "completeRate": 100.0,
      "makespan": 344.59103333333337,
      "makespanSd": 59.56063321270929,
      "reward": 270.40199387073517,
      "soft": 5.6,
      "hardExecuted": 0.0,
      "hardMask": 15.966666666666667,
      "travel": 18.99333937025905,
      "setup": 137.0,
      "move": 189.93339370259054,
      "actualLiftRadius": 15.213991944288658,
      "actualDangerRadius": 21.213991944288654
    }
  },
  "representative": {
    "mappo": {
      "done": 24,
      "total": 24,
      "makespan": 278.682,
      "reward": 298.6926975250244,
      "softInter": 0,
      "hardExecuted": 0,
      "hardMask": 3,
      "hardInter": 3,
      "travelTotal": 14.357656888639532,
      "setupTotal": 120.0,
      "moveTotal": 143.5765688863953,
      "actualLiftRadiusAvg": 14.847893093229624,
      "actualDangerRadiusAvg": 20.847893093229626,
      "events": [
        {
          "craneId": "C1",
          "craneIndex": 0,
          "liftId": "L22",
          "liftIndex": 21,
          "start": 0.0,
          "finish": 25.0,
          "travel": 0.0,
          "setup": 0.0,
          "duration": 25.0,
          "fromX": 31.11770451068878,
          "fromY": 44.930363963358104,
          "toX": 31.11770451068878,
          "toY": 44.930363963358104,
          "radiusCenterX": 31.11770451068878,
          "radiusCenterY": 44.930363963358104,
          "liftX": 39.81682686507702,
          "liftY": 31.567302043549716,
          "actualLiftRadius": 15.945098105977591,
          "dangerRadius": 21.945098105977593,
          "sameRadius": true,
          "softConflict": 0,
          "hardMask": 0,
          "move": 0.0
        },
        {
          "craneId": "C2",
          "craneIndex": 1,
          "liftId": "L24",
          "liftIndex": 23,
          "start": 0.0,
          "finish": 25.0,
          "travel": 0.0,
          "setup": 0.0,
          "duration": 25.0,
          "fromX": 89.90581836737692,
          "fromY": 42.147667792625725,
          "toX": 89.90581836737692,
          "toY": 42.147667792625725,
          "radiusCenterX": 89.90581836737692,
          "radiusCenterY": 42.147667792625725,
          "liftX": 91.58120023086667,
          "liftY": 41.14399306382984,
          "actualLiftRadius": 1.9530149384308029,
          "dangerRadius": 7.953014938430803,
          "sameRadius": true,
          "softConflict": 0,
          "hardMask": 0,
          "move": 0.0
        },
        {
          "craneId": "C3",
          "craneIndex": 2,
          "liftId": "L1",
          "liftIndex": 0,
          "start": 0.0,
          "finish": 25.0,
          "travel": 0.0,
          "setup": 0.0,
          "duration": 25.0,
          "fromX": 66.5622300542891,
          "fromY": 19.810825287364423,
          "toX": 66.5622300542891,
          "toY": 19.810825287364423,
          "radiusCenterX": 66.5622300542891,
          "radiusCenterY": 19.810825287364423,
          "liftX": 81.791159985587,
          "liftY": 22.404718921519816,
          "actualLiftRadius": 15.448255274874663,
          "dangerRadius": 21.44825527487466,
          "sameRadius": true,
          "softConflict": 0,
          "hardMask": 0,
          "move": 0.0
        },
        {
          "craneId": "C1",
          "craneIndex": 0,
          "liftId": "L8",
          "liftIndex": 7,
          "start": 25.0,
          "finish": 50.0,
          "travel": 0.0,
          "setup": 0.0,
          "duration": 25.0,
          "fromX": 31.11770451068878,
          "fromY": 44.930363963358104,
          "toX": 31.11770451068878,
          "toY": 44.930363963358104,
          "radiusCenterX": 31.11770451068878,
          "radiusCenterY": 44.930363963358104,
          "liftX": 35.26979811862111,
          "liftY": 40.543107523582876,
          "actualLiftRadius": 6.040521533558317,
          "dangerRadius": 12.040521533558316,
          "sameRadius": true,
          "softConflict": 0,
          "hardMask": 0,
          "move": 0.0
        },
        {
          "craneId": "C2",
          "craneIndex": 1,
          "liftId": "L2",
          "liftIndex": 1,
          "start": 25.0,
          "finish": 50.0,
          "travel": 0.0,
          "setup": 0.0,
          "duration": 25.0,
          "fromX": 89.90581836737692,
          "fromY": 42.147667792625725,
          "toX": 89.90581836737692,
          "toY": 42.147667792625725,
          "radiusCenterX": 89.90581836737692,
          "radiusCenterY": 42.147667792625725,
          "liftX": 82.5925524905324,
          "liftY": 40.26401315908879,
          "actualLiftRadius": 7.551954221515361,
          "dangerRadius": 13.551954221515361,
          "sameRadius": true,
          "softConflict": 0,
          "hardMask": 0,
          "move": 0.0
        },
        {
          "craneId": "C3",
          "craneIndex": 2,
          "liftId": "L7",
          "liftIndex": 6,
          "start": 25.0,
          "finish": 50.0,
          "travel": 0.0,
          "setup": 0.0,
          "duration": 25.0,
          "fromX": 66.5622300542891,
          "fromY": 19.810825287364423,
          "toX": 66.5622300542891,
          "toY": 19.810825287364423,
          "radiusCenterX": 66.5622300542891,
          "radiusCenterY": 19.810825287364423,
          "liftX": 53.44601599313319,
          "liftY": 25.600679737515748,
          "actualLiftRadius": 14.337276095967505,
          "dangerRadius": 20.337276095967503,
          "sameRadius": true,
          "softConflict": 0,
          "hardMask": 0,
          "move": 0.0
        },
        {
          "craneId": "C1",
          "craneIndex": 0,
          "liftId": "L12",
          "liftIndex": 11,
          "start": 50.0,
          "finish": 75.0,
          "travel": 0.0,
          "setup": 0.0,
          "duration": 25.0,
          "fromX": 31.11770451068878,
          "fromY": 44.930363963358104,
          "toX": 31.11770451068878,
          "toY": 44.930363963358104,
          "radiusCenterX": 31.11770451068878,
          "radiusCenterY": 44.930363963358104,
          "liftX": 28.85309663042426,
          "liftY": 48.49846666213125,
          "actualLiftRadius": 4.226086336120971,
          "dangerRadius": 10.226086336120972,
          "sameRadius": true,
          "softConflict": 0,
          "hardMask": 0,
          "move": 0.0
        },
        {
          "craneId": "C2",
          "craneIndex": 1,
          "liftId": "L10",
          "liftIndex": 9,
          "start": 50.0,
          "finish": 87.34326686828204,
          "travel": 2.343266868282046,
          "setup": 10.0,
          "duration": 25.0,
          "fromX": 89.90581836737692,
          "fromY": 42.147667792625725,
          "toX": 84.89467630965358,
          "toY": 65.03824264071879,
          "radiusCenterX": 84.89467630965358,
          "radiusCenterY": 65.03824264071879,
          "liftX": 81.0453257188201,
          "liftY": 82.6218287376687,
          "actualLiftRadius": 17.999999999999996,
          "dangerRadius": 23.999999999999996,
          "sameRadius": false,
          "softConflict": 0,
          "hardMask": 0,
          "move": 23.43266868282046
        },
        {
          "craneId": "C3",
          "craneIndex": 2,
          "liftId": "L11",
          "liftIndex": 10,
          "start": 50.0,
          "finish": 75.0,
          "travel": 0.0,
          "setup": 0.0,
          "duration": 25.0,
          "fromX": 66.5622300542891,
          "fromY": 19.810825287364423,
          "toX": 66.5622300542891,
          "toY": 19.810825287364423,
          "radiusCenterX": 66.5622300542891,
          "radiusCenterY": 19.810825287364423,
          "liftX": 51.30927770026028,
          "liftY": 15.29373546410352,
          "actualLiftRadius": 15.907754586543023,
          "dangerRadius": 21.90775458654302,
          "sameRadius": true,
          "softConflict": 0,
          "hardMask": 0,
          "move": 0.0
        },
        {
          "craneId": "C1",
          "craneIndex": 0,
          "liftId": "L21",
          "liftIndex": 20,
          "start": 75.0,
          "finish": 100.0,
          "travel": 0.0,
          "setup": 0.0,
          "duration": 25.0,
          "fromX": 31.11770451068878,
          "fromY": 44.930363963358104,
          "toX": 31.11770451068878,
          "toY": 44.930363963358104,
          "radiusCenterX": 31.11770451068878,
          "radiusCenterY": 44.930363963358104,
          "liftX": 24.0555997248739,
          "liftY": 38.961755448020995,
          "actualLiftRadius": 9.246491854491849,
          "dangerRadius": 15.246491854491849,
          "sameRadius": true,
          "softConflict": 0,
          "hardMask": 0,
          "move": 0.0
        },
        {
          "craneId": "C3",
          "craneIndex": 2,
          "liftId": "L23",
          "liftIndex": 22,
          "start": 75.0,
          "finish": 100.0,
          "travel": 0.0,
          "setup": 0.0,
          "duration": 25.0,
          "fromX": 66.5622300542891,
          "fromY": 19.810825287364423,
          "toX": 66.5622300542891,
          "toY": 19.810825287364423,
          "radiusCenterX": 66.5622300542891,
          "radiusCenterY": 19.810825287364423,
          "liftX": 55.26374931074679,
          "liftY": 8.151180517859757,
          "actualLiftRadius": 16.235854867029147,
          "dangerRadius": 22.235854867029147,
          "sameRadius": true,
          "softConflict": 0,
          "hardMask": 0,
          "move": 0.0
        },
        {
          "craneId": "C2",
          "craneIndex": 1,
          "liftId": "L13",
          "liftIndex": 12,
          "start": 87.34326686828204,
          "finish": 122.42973960749367,
          "travel": 0.08647273921162486,
          "setup": 10.0,
          "duration": 25.0,
          "fromX": 84.89467630965358,
          "fromY": 65.03824264071879,
          "toX": 84.03089065755702,
          "toY": 65.07858876702977,
          "radiusCenterX": 84.03089065755702,
          "radiusCenterY": 65.07858876702977,
          "liftX": 66.0504937376827,
          "liftY": 65.9184260154143,
          "actualLiftRadius": 18.000000000000004,
          "dangerRadius": 24.000000000000004,
          "sameRadius": false,
          "softConflict": 0,
          "hardMask": 0,
          "move": 0.8647273921162486
        },
        {
          "craneId": "C1",
          "craneIndex": 0,
          "liftId": "L9",
          "liftIndex": 8,
          "start": 100.0,
          "finish": 125.0,
          "travel": 0.0,
          "setup": 0.0,
          "duration": 25.0,
          "fromX": 31.11770451068878,
          "fromY": 44.930363963358104,
          "toX": 31.11770451068878,
          "toY": 44.930363963358104,
          "radiusCenterX": 31.11770451068878,
          "radiusCenterY": 44.930363963358104,
          "liftX": 15.880401505157351,
          "liftY": 49.14508175943047,
          "actualLiftRadius": 15.809467068276092,
          "dangerRadius": 21.809467068276092,
          "sameRadius": true,
          "softConflict": 0,
          "hardMask": 0,
          "move": 0.0
        },
        {
          "craneId": "C3",
          "craneIndex": 2,
          "liftId": "L17",
          "liftIndex": 16,
          "start": 100.0,
          "finish": 135.0788686463331,
          "travel": 0.07886864633310899,
          "setup": 10.0,
          "duration": 25.0,
          "fromX": 66.5622300542891,
          "fromY": 19.810825287364423,
          "toX": 66.64176595089998,
          "toY": 20.595491062450865,
          "radiusCenterX": 66.64176595089998,
          "radiusCenterY": 20.595491062450865,
          "liftX": 68.4569944422692,
          "liftY": 38.50372786913067,
          "actualLiftRadius": 17.999999999999996,
          "dangerRadius": 23.999999999999996,
          "sameRadius": false,
          "softConflict": 0,
          "hardMask": 0,
          "move": 0.7886864633310898
        },
        {
          "craneId": "C2",
          "craneIndex": 1,
          "liftId": "L14",
          "liftIndex": 13,
          "start": 122.42973960749367,
          "finish": 157.69970368040194,
          "travel": 0.26996407290827307,
          "setup": 10.0,
          "duration": 25.0,
          "fromX": 84.03089065755702,
          "fromY": 65.07858876702977,
          "toX": 81.40451544227653,
          "toY": 64.45391821811403,
          "radiusCenterX": 81.40451544227653,
          "radiusCenterY": 64.45391821811403,
          "liftX": 63.89301720261574,
          "liftY": 60.28889368008822,
          "actualLiftRadius": 18.000000000000007,
          "dangerRadius": 24.000000000000007,
          "sameRadius": false,
          "softConflict": 0,
          "hardMask": 0,
          "move": 2.6996407290827307
        },
        {
          "craneId": "C1",
          "craneIndex": 0,
          "liftId": "L6",
          "liftIndex": 5,
          "start": 125.0,
          "finish": 161.720411518358,
          "travel": 1.7204115183579733,
          "setup": 10.0,
          "duration": 25.0,
          "fromX": 31.11770451068878,
          "fromY": 44.930363963358104,
          "toX": 27.05771208227514,
          "toY": 61.64855886385806,
          "radiusCenterX": 27.05771208227514,
          "radiusCenterY": 61.64855886385806,
          "liftX": 22.809899106621742,
          "liftY": 79.14015927445143,
          "actualLiftRadius": 17.999999999999993,
          "dangerRadius": 23.999999999999993,
          "sameRadius": false,
          "softConflict": 0,
          "hardMask": 0,
          "move": 17.204115183579734
        },
        {
          "craneId": "C3",
          "craneIndex": 2,
          "liftId": "L4",
          "liftIndex": 3,
          "start": 135.0788686463331,
          "finish": 171.98556586947214,
          "travel": 1.9066972231390515,
          "setup": 10.0,
          "duration": 25.0,
          "fromX": 66.64176595089998,
          "fromY": 20.595491062450865,
          "toX": 48.437728392864294,
          "toY": 14.92429659759224,
          "radiusCenterX": 48.437728392864294,
          "radiusCenterY": 14.92429659759224,
          "liftX": 31.252373944967985,
          "liftY": 9.570457554422319,
          "actualLiftRadius": 18.000000000000004,
          "dangerRadius": 24.000000000000004,
          "sameRadius": false,
          "softConflict": 0,
          "hardMask": 0,
          "move": 19.066972231390515
        },
        {
          "craneId": "C2",
          "craneIndex": 1,
          "liftId": "L3",
          "liftIndex": 2,
          "start": 157.69970368040194,
          "finish": 193.7671426429546,
          "travel": 1.0674389625526761,
          "setup": 10.0,
          "duration": 25.0,
          "fromX": 81.40451544227653,
          "fromY": 64.45391821811403,
          "toX": 73.56051533425439,
          "toY": 71.69368728783593,
          "radiusCenterX": 73.56051533425439,
          "radiusCenterY": 71.69368728783593,
          "liftX": 60.33334198780358,
          "liftY": 83.90195847023278,
          "actualLiftRadius": 18.000000000000007,
          "dangerRadius": 24.000000000000007,
          "sameRadius": false,
          "softConflict": 0,
          "hardMask": 0,
          "move": 10.67438962552676
        },
        {
          "craneId": "C1",
          "craneIndex": 0,
          "liftId": "L15",
          "liftIndex": 14,
          "start": 161.720411518358,
          "finish": 186.720411518358,
          "travel": 0.0,
          "setup": 0.0,
          "duration": 25.0,
          "fromX": 27.05771208227514,
          "fromY": 61.64855886385806,
          "toX": 27.05771208227514,
          "toY": 61.64855886385806,
          "radiusCenterX": 27.05771208227514,
          "radiusCenterY": 61.64855886385806,
          "liftX": 18.582558566704392,
          "liftY": 77.12795334775001,
          "actualLiftRadius": 17.64765935472565,
          "dangerRadius": 23.64765935472565,
          "sameRadius": true,
          "softConflict": 0,
          "hardMask": 0,
          "move": 0.0
        },
        {
          "craneId": "C3",
          "craneIndex": 2,
          "liftId": "L16",
          "liftIndex": 15,
          "start": 171.98556586947214,
          "finish": 208.3356483201804,
          "travel": 1.3500824507082851,
          "setup": 10.0,
          "duration": 25.0,
          "fromX": 48.437728392864294,
          "fromY": 14.92429659759224,
          "toX": 35.553626585974996,
          "toY": 18.958175995982934,
          "radiusCenterX": 35.553626585974996,
          "radiusCenterY": 18.958175995982934,
          "liftX": 18.375873301178217,
          "liftY": 24.336353390477598,
          "actualLiftRadius": 18.0,
          "dangerRadius": 24.0,
          "sameRadius": false,
          "softConflict": 0,
          "hardMask": 0,
          "move": 13.500824507082852
        },
        {
          "craneId": "C2",
          "craneIndex": 1,
          "liftId": "L18",
          "liftIndex": 17,
          "start": 193.7671426429546,
          "finish": 232.00804195888952,
          "travel": 3.240899315934925,
          "setup": 10.0,
          "duration": 25.0,
          "fromX": 73.56051533425439,
          "fromY": 71.69368728783593,
          "toX": 42.636381505851126,
          "toY": 81.39115007795539,
          "radiusCenterX": 42.636381505851126,
          "radiusCenterY": 81.39115007795539,
          "liftX": 25.461074449121952,
          "liftY": 86.77713443618268,
          "actualLiftRadius": 18.0,
          "dangerRadius": 24.0,
          "sameRadius": false,
          "softConflict": 0,
          "hardMask": 0,
          "move": 32.40899315934925
        },
        {
          "craneId": "C3",
          "craneIndex": 2,
          "liftId": "L19",
          "liftIndex": 18,
          "start": 208.3356483201804,
          "finish": 243.52905710101385,
          "travel": 0.19340878083343518,
          "setup": 10.0,
          "duration": 25.0,
          "fromX": 35.553626585974996,
          "fromY": 18.958175995982934,
          "toX": 33.80461795149797,
          "toY": 18.132546268518876,
          "radiusCenterX": 33.80461795149797,
          "radiusCenterY": 18.132546268518876,
          "liftX": 17.52709669061005,
          "liftY": 10.448647414334118,
          "actualLiftRadius": 18.0,
          "dangerRadius": 24.0,
          "sameRadius": false,
          "softConflict": 0,
          "hardMask": 0,
          "move": 1.9340878083343518
        },
        {
          "craneId": "C2",
          "craneIndex": 1,
          "liftId": "L5",
          "liftIndex": 4,
          "start": 232.00804195888952,
          "finish": 268.955460716992,
          "travel": 1.9474187581024651,
          "setup": 10.0,
          "duration": 25.0,
          "fromX": 42.636381505851126,
          "fromY": 81.39115007795539,
          "toX": 27.594085359940458,
          "toY": 69.0229121840735,
          "radiusCenterX": 27.594085359940458,
          "radiusCenterY": 69.0229121840735,
          "liftX": 13.690484529361129,
          "liftY": 57.590944551862776,
          "actualLiftRadius": 18.0,
          "dangerRadius": 24.0,
          "sameRadius": false,
          "softConflict": 0,
          "hardMask": 0,
          "move": 19.47418758102465
        },
        {
          "craneId": "C3",
          "craneIndex": 2,
          "liftId": "L20",
          "liftIndex": 19,
          "start": 243.52905710101385,
          "finish": 278.6817846532895,
          "travel": 0.15272755227566676,
          "setup": 10.0,
          "duration": 25.0,
          "fromX": 33.80461795149797,
          "fromY": 18.132546268518876,
          "toX": 32.30782273178794,
          "toY": 17.828943579688797,
          "radiusCenterX": 32.30782273178794,
          "radiusCenterY": 17.828943579688797,
          "liftX": 14.66705421730876,
          "liftY": 14.250775582157075,
          "actualLiftRadius": 18.0,
          "dangerRadius": 24.0,
          "sameRadius": false,
          "softConflict": 0,
          "hardMask": 0,
          "move": 1.5272755227566674
        }
      ],
      "cranes": [
        {
          "id": "C1",
          "x": 31.11770451068878,
          "y": 44.930363963358104,
          "setup_x": 27.05771208227514,
          "setup_y": 61.64855886385806,
          "available": 186.720411518358,
          "jobs": 7
        },
        {
          "id": "C2",
          "x": 89.90581836737692,
          "y": 42.147667792625725,
          "setup_x": 27.594085359940458,
          "setup_y": 69.0229121840735,
          "available": 268.955460716992,
          "jobs": 8
        },
        {
          "id": "C3",
          "x": 66.5622300542891,
          "y": 19.810825287364423,
          "setup_x": 32.30782273178794,
          "setup_y": 17.828943579688797,
          "available": 278.6817846532895,
          "jobs": 9
        }
      ]
    },
    "nearest": {
      "done": 24,
      "total": 24,
      "makespan": 337.795,
      "reward": 293.38310718536377,
      "softInter": 0,
      "hardExecuted": 0,
      "hardMask": 10,
      "hardInter": 10,
      "travelTotal": 12.056311493658502,
      "setupTotal": 130.0,
      "moveTotal": 120.56311493658505,
      "actualLiftRadiusAvg": 14.030096736960127,
      "actualDangerRadiusAvg": 20.03009673696013,
      "events": [
        {
          "craneId": "C1",
          "craneIndex": 0,
          "liftId": "L8",
          "liftIndex": 7,
          "start": 0.0,
          "finish": 25.0,
          "travel": 0.0,
          "setup": 0.0,
          "duration": 25.0,
          "fromX": 31.11770451068878,
          "fromY": 44.930363963358104,
          "toX": 31.11770451068878,
          "toY": 44.930363963358104,
          "radiusCenterX": 31.11770451068878,
          "radiusCenterY": 44.930363963358104,
          "liftX": 35.26979811862111,
          "liftY": 40.543107523582876,
          "actualLiftRadius": 6.040521533558317,
          "dangerRadius": 12.040521533558316,
          "sameRadius": true,
          "softConflict": 0,
          "hardMask": 0,
          "move": 0.0
        },
        {
          "craneId": "C2",
          "craneIndex": 1,
          "liftId": "L2",
          "liftIndex": 1,
          "start": 0.0,
          "finish": 25.0,
          "travel": 0.0,
          "setup": 0.0,
          "duration": 25.0,
          "fromX": 89.90581836737692,
          "fromY": 42.147667792625725,
          "toX": 89.90581836737692,
          "toY": 42.147667792625725,
          "radiusCenterX": 89.90581836737692,
          "radiusCenterY": 42.147667792625725,
          "liftX": 82.5925524905324,
          "liftY": 40.26401315908879,
          "actualLiftRadius": 7.551954221515361,
          "dangerRadius": 13.551954221515361,
          "sameRadius": true,
          "softConflict": 0,
          "hardMask": 0,
          "move": 0.0
        },
        {
          "craneId": "C3",
          "craneIndex": 2,
          "liftId": "L1",
          "liftIndex": 0,
          "start": 0.0,
          "finish": 25.0,
          "travel": 0.0,
          "setup": 0.0,
          "duration": 25.0,
          "fromX": 66.5622300542891,
          "fromY": 19.810825287364423,
          "toX": 66.5622300542891,
          "toY": 19.810825287364423,
          "radiusCenterX": 66.5622300542891,
          "radiusCenterY": 19.810825287364423,
          "liftX": 81.791159985587,
          "liftY": 22.404718921519816,
          "actualLiftRadius": 15.448255274874663,
          "dangerRadius": 21.44825527487466,
          "sameRadius": true,
          "softConflict": 0,
          "hardMask": 0,
          "move": 0.0
        },
        {
          "craneId": "C1",
          "craneIndex": 0,
          "liftId": "L9",
          "liftIndex": 8,
          "start": 25.0,
          "finish": 50.0,
          "travel": 0.0,
          "setup": 0.0,
          "duration": 25.0,
          "fromX": 31.11770451068878,
          "fromY": 44.930363963358104,
          "toX": 31.11770451068878,
          "toY": 44.930363963358104,
          "radiusCenterX": 31.11770451068878,
          "radiusCenterY": 44.930363963358104,
          "liftX": 15.880401505157351,
          "liftY": 49.14508175943047,
          "actualLiftRadius": 15.809467068276092,
          "dangerRadius": 21.809467068276092,
          "sameRadius": true,
          "softConflict": 0,
          "hardMask": 0,
          "move": 0.0
        },
        {
          "craneId": "C2",
          "craneIndex": 1,
          "liftId": "L24",
          "liftIndex": 23,
          "start": 25.0,
          "finish": 50.0,
          "travel": 0.0,
          "setup": 0.0,
          "duration": 25.0,
          "fromX": 89.90581836737692,
          "fromY": 42.147667792625725,
          "toX": 89.90581836737692,
          "toY": 42.147667792625725,
          "radiusCenterX": 89.90581836737692,
          "radiusCenterY": 42.147667792625725,
          "liftX": 91.58120023086667,
          "liftY": 41.14399306382984,
          "actualLiftRadius": 1.9530149384308029,
          "dangerRadius": 7.953014938430803,
          "sameRadius": true,
          "softConflict": 0,
          "hardMask": 0,
          "move": 0.0
        },
        {
          "craneId": "C3",
          "craneIndex": 2,
          "liftId": "L7",
          "liftIndex": 6,
          "start": 25.0,
          "finish": 50.0,
          "travel": 0.0,
          "setup": 0.0,
          "duration": 25.0,
          "fromX": 66.5622300542891,
          "fromY": 19.810825287364423,
          "toX": 66.5622300542891,
          "toY": 19.810825287364423,
          "radiusCenterX": 66.5622300542891,
          "radiusCenterY": 19.810825287364423,
          "liftX": 53.44601599313319,
          "liftY": 25.600679737515748,
          "actualLiftRadius": 14.337276095967505,
          "dangerRadius": 20.337276095967503,
          "sameRadius": true,
          "softConflict": 0,
          "hardMask": 0,
          "move": 0.0
        },
        {
          "craneId": "C1",
          "craneIndex": 0,
          "liftId": "L12",
          "liftIndex": 11,
          "start": 50.0,
          "finish": 75.0,
          "travel": 0.0,
          "setup": 0.0,
          "duration": 25.0,
          "fromX": 31.11770451068878,
          "fromY": 44.930363963358104,
          "toX": 31.11770451068878,
          "toY": 44.930363963358104,
          "radiusCenterX": 31.11770451068878,
          "radiusCenterY": 44.930363963358104,
          "liftX": 28.85309663042426,
          "liftY": 48.49846666213125,
          "actualLiftRadius": 4.226086336120971,
          "dangerRadius": 10.226086336120972,
          "sameRadius": true,
          "softConflict": 0,
          "hardMask": 0,
          "move": 0.0
        },
        {
          "craneId": "C2",
          "craneIndex": 1,
          "liftId": "L17",
          "liftIndex": 16,
          "start": 50.0,
          "finish": 85.37561565065228,
          "travel": 0.37561565065228053,
          "setup": 10.0,
          "duration": 25.0,
          "fromX": 89.90581836737692,
          "fromY": 42.147667792625725,
          "toX": 86.2027222106913,
          "toY": 41.51854892004773,
          "radiusCenterX": 86.2027222106913,
          "radiusCenterY": 41.51854892004773,
          "liftX": 68.4569944422692,
          "liftY": 38.50372786913067,
          "actualLiftRadius": 17.999999999999996,
          "dangerRadius": 23.999999999999996,
          "sameRadius": false,
          "softConflict": 0,
          "hardMask": 0,
          "move": 3.7561565065228053
        },
        {
          "craneId": "C3",
          "craneIndex": 2,
          "liftId": "L4",
          "liftIndex": 3,
          "start": 50.0,
          "finish": 86.87648074898652,
          "travel": 1.8764807489865132,
          "setup": 10.0,
          "duration": 25.0,
          "fromX": 66.5622300542891,
          "fromY": 19.810825287364423,
          "toX": 48.540031717771186,
          "toY": 14.58412774006849,
          "radiusCenterX": 48.540031717771186,
          "radiusCenterY": 14.58412774006849,
          "liftX": 31.252373944967985,
          "liftY": 9.570457554422319,
          "actualLiftRadius": 18.000000000000007,
          "dangerRadius": 24.000000000000007,
          "sameRadius": false,
          "softConflict": 0,
          "hardMask": 0,
          "move": 18.76480748986513
        },
        {
          "craneId": "C1",
          "craneIndex": 0,
          "liftId": "L21",
          "liftIndex": 20,
          "start": 75.0,
          "finish": 100.0,
          "travel": 0.0,
          "setup": 0.0,
          "duration": 25.0,
          "fromX": 31.11770451068878,
          "fromY": 44.930363963358104,
          "toX": 31.11770451068878,
          "toY": 44.930363963358104,
          "radiusCenterX": 31.11770451068878,
          "radiusCenterY": 44.930363963358104,
          "liftX": 24.0555997248739,
          "liftY": 38.961755448020995,
          "actualLiftRadius": 9.246491854491849,
          "dangerRadius": 15.246491854491849,
          "sameRadius": true,
          "softConflict": 0,
          "hardMask": 0,
          "move": 0.0
        },
        {
          "craneId": "C2",
          "craneIndex": 1,
          "liftId": "L14",
          "liftIndex": 13,
          "start": 85.37561565065228,
          "finish": 121.49117525381276,
          "travel": 1.1155596031604837,
          "setup": 10.0,
          "duration": 25.0,
          "fromX": 86.2027222106913,
          "fromY": 41.51854892004773,
          "toX": 77.66652022790292,
          "toY": 48.70051094510726,
          "radiusCenterX": 77.66652022790292,
          "radiusCenterY": 48.70051094510726,
          "liftX": 63.89301720261574,
          "liftY": 60.28889368008822,
          "actualLiftRadius": 18.0,
          "dangerRadius": 24.0,
          "sameRadius": false,
          "softConflict": 0,
          "hardMask": 0,
          "move": 11.155596031604837
        },
        {
          "craneId": "C3",
          "craneIndex": 2,
          "liftId": "L11",
          "liftIndex": 10,
          "start": 86.87648074898652,
          "finish": 111.87648074898652,
          "travel": 0.0,
          "setup": 0.0,
          "duration": 25.0,
          "fromX": 48.540031717771186,
          "fromY": 14.58412774006849,
          "toX": 48.540031717771186,
          "toY": 14.58412774006849,
          "radiusCenterX": 48.540031717771186,
          "radiusCenterY": 14.58412774006849,
          "liftX": 51.30927770026028,
          "liftY": 15.29373546410352,
          "actualLiftRadius": 2.8587176204623943,
          "dangerRadius": 8.858717620462395,
          "sameRadius": true,
          "softConflict": 0,
          "hardMask": 0,
          "move": 0.0
        },
        {
          "craneId": "C1",
          "craneIndex": 0,
          "liftId": "L22",
          "liftIndex": 21,
          "start": 100.0,
          "finish": 125.0,
          "travel": 0.0,
          "setup": 0.0,
          "duration": 25.0,
          "fromX": 31.11770451068878,
          "fromY": 44.930363963358104,
          "toX": 31.11770451068878,
          "toY": 44.930363963358104,
          "radiusCenterX": 31.11770451068878,
          "radiusCenterY": 44.930363963358104,
          "liftX": 39.81682686507702,
          "liftY": 31.567302043549716,
          "actualLiftRadius": 15.945098105977591,
          "dangerRadius": 21.945098105977593,
          "sameRadius": true,
          "softConflict": 0,
          "hardMask": 0,
          "move": 0.0
        },
        {
          "craneId": "C3",
          "craneIndex": 2,
          "liftId": "L23",
          "liftIndex": 22,
          "start": 111.87648074898652,
          "finish": 136.87648074898652,
          "travel": 0.0,
          "setup": 0.0,
          "duration": 25.0,
          "fromX": 48.540031717771186,
          "fromY": 14.58412774006849,
          "toX": 48.540031717771186,
          "toY": 14.58412774006849,
          "radiusCenterX": 48.540031717771186,
          "radiusCenterY": 14.58412774006849,
          "liftX": 55.26374931074679,
          "liftY": 8.151180517859757,
          "actualLiftRadius": 9.305438637367542,
          "dangerRadius": 15.305438637367542,
          "sameRadius": true,
          "softConflict": 0,
          "hardMask": 0,
          "move": 0.0
        },
        {
          "craneId": "C2",
          "craneIndex": 1,
          "liftId": "L13",
          "liftIndex": 12,
          "start": 121.49117525381276,
          "finish": 156.76816507273293,
          "travel": 0.27698981892017,
          "setup": 10.0,
          "duration": 25.0,
          "fromX": 77.66652022790292,
          "fromY": 48.70051094510726,
          "toX": 76.11739319570071,
          "toY": 50.99671246427827,
          "radiusCenterX": 76.11739319570071,
          "radiusCenterY": 50.99671246427827,
          "liftX": 66.0504937376827,
          "liftY": 65.9184260154143,
          "actualLiftRadius": 18.0,
          "dangerRadius": 24.0,
          "sameRadius": false,
          "softConflict": 0,
          "hardMask": 0,
          "move": 2.7698981892017
        },
        {
          "craneId": "C1",
          "craneIndex": 0,
          "liftId": "L5",
          "liftIndex": 4,
          "start": 125.0,
          "finish": 160.354061970129,
          "travel": 0.3540619701290099,
          "setup": 10.0,
          "duration": 25.0,
          "fromX": 31.11770451068878,
          "fromY": 44.930363963358104,
          "toX": 28.253202037674523,
          "toY": 47.01137656573676,
          "radiusCenterX": 28.253202037674523,
          "radiusCenterY": 47.01137656573676,
          "liftX": 13.690484529361129,
          "liftY": 57.590944551862776,
          "actualLiftRadius": 18.0,
          "dangerRadius": 24.0,
          "sameRadius": false,
          "softConflict": 0,
          "hardMask": 0,
          "move": 3.5406197012900993
        },
        {
          "craneId": "C2",
          "craneIndex": 1,
          "liftId": "L10",
          "liftIndex": 9,
          "start": 156.76816507273293,
          "finish": 193.1688407799202,
          "travel": 1.400675707187284,
          "setup": 10.0,
          "duration": 25.0,
          "fromX": 76.11739319570071,
          "fromY": 50.99671246427827,
          "toX": 78.27394887433185,
          "toY": 64.83645636636777,
          "radiusCenterX": 78.27394887433185,
          "radiusCenterY": 64.83645636636777,
          "liftX": 81.0453257188201,
          "liftY": 82.6218287376687,
          "actualLiftRadius": 17.999999999999996,
          "dangerRadius": 23.999999999999996,
          "sameRadius": false,
          "softConflict": 0,
          "hardMask": 0,
          "move": 14.006757071872839
        },
        {
          "craneId": "C1",
          "craneIndex": 0,
          "liftId": "L16",
          "liftIndex": 15,
          "start": 160.354061970129,
          "finish": 196.02735592549976,
          "travel": 0.673293955370764,
          "setup": 10.0,
          "duration": 25.0,
          "fromX": 28.253202037674523,
          "fromY": 47.01137656573676,
          "toX": 25.564340198566534,
          "toY": 40.838654553198886,
          "radiusCenterX": 25.564340198566534,
          "radiusCenterY": 40.838654553198886,
          "liftX": 18.375873301178217,
          "liftY": 24.336353390477598,
          "actualLiftRadius": 18.0,
          "dangerRadius": 24.0,
          "sameRadius": false,
          "softConflict": 0,
          "hardMask": 0,
          "move": 6.73293955370764
        },
        {
          "craneId": "C2",
          "craneIndex": 1,
          "liftId": "L3",
          "liftIndex": 2,
          "start": 193.1688407799202,
          "finish": 228.98677650474124,
          "travel": 0.8179357248210403,
          "setup": 10.0,
          "duration": 25.0,
          "fromX": 78.27394887433185,
          "fromY": 64.83645636636777,
          "toX": 72.6686686688887,
          "toY": 70.79319362868841,
          "radiusCenterX": 72.6686686688887,
          "radiusCenterY": 70.79319362868841,
          "liftX": 60.33334198780358,
          "liftY": 83.90195847023278,
          "actualLiftRadius": 18.000000000000007,
          "dangerRadius": 24.000000000000007,
          "sameRadius": false,
          "softConflict": 0,
          "hardMask": 0,
          "move": 8.179357248210403
        },
        {
          "craneId": "C1",
          "craneIndex": 0,
          "liftId": "L20",
          "liftIndex": 19,
          "start": 196.02735592549976,
          "finish": 232.1007966329724,
          "travel": 1.0734407074726364,
          "setup": 10.0,
          "duration": 25.0,
          "fromX": 25.564340198566534,
          "fromY": 40.838654553198886,
          "toX": 21.493405189247436,
          "toY": 30.90613305078896,
          "radiusCenterX": 21.493405189247436,
          "radiusCenterY": 30.90613305078896,
          "liftX": 14.66705421730876,
          "liftY": 14.250775582157075,
          "actualLiftRadius": 18.0,
          "dangerRadius": 24.0,
          "sameRadius": false,
          "softConflict": 0,
          "hardMask": 0,
          "move": 10.734407074726365
        },
        {
          "craneId": "C2",
          "craneIndex": 1,
          "liftId": "L18",
          "liftIndex": 17,
          "start": 228.98677650474124,
          "finish": 267.17079427733756,
          "travel": 3.1840177725963565,
          "setup": 10.0,
          "duration": 25.0,
          "fromX": 72.6686686688887,
          "fromY": 70.79319362868841,
          "toX": 42.51030530515766,
          "toY": 81.00446371825669,
          "radiusCenterX": 42.51030530515766,
          "radiusCenterY": 81.00446371825669,
          "liftX": 25.461074449121952,
          "liftY": 86.77713443618268,
          "actualLiftRadius": 18.000000000000004,
          "dangerRadius": 24.000000000000004,
          "sameRadius": false,
          "softConflict": 0,
          "hardMask": 0,
          "move": 31.840177725963564
        },
        {
          "craneId": "C1",
          "craneIndex": 0,
          "liftId": "L19",
          "liftIndex": 18,
          "start": 232.1007966329724,
          "finish": 267.3846400092176,
          "travel": 0.2838433762452476,
          "setup": 10.0,
          "duration": 25.0,
          "fromX": 21.493405189247436,
          "fromY": 30.90613305078896,
          "toX": 20.953148465389436,
          "toY": 28.119588793800325,
          "radiusCenterX": 20.953148465389436,
          "radiusCenterY": 28.119588793800325,
          "liftX": 17.52709669061005,
          "liftY": 10.448647414334118,
          "actualLiftRadius": 18.0,
          "dangerRadius": 24.0,
          "sameRadius": false,
          "softConflict": 0,
          "hardMask": 0,
          "move": 2.838433762452476
        },
        {
          "craneId": "C2",
          "craneIndex": 1,
          "liftId": "L6",
          "liftIndex": 5,
          "start": 267.17079427733756,
          "finish": 302.3496364525666,
          "travel": 0.17884217522900112,
          "setup": 10.0,
          "duration": 25.0,
          "fromX": 42.51030530515766,
          "fromY": 81.00446371825669,
          "toX": 40.729838150401704,
          "toY": 80.83597314018387,
          "radiusCenterX": 40.729838150401704,
          "radiusCenterY": 80.83597314018387,
          "liftX": 22.809899106621742,
          "liftY": 79.14015927445143,
          "actualLiftRadius": 17.999999999999996,
          "dangerRadius": 23.999999999999996,
          "sameRadius": false,
          "softConflict": 0,
          "hardMask": 0,
          "move": 1.7884217522900112
        },
        {
          "craneId": "C2",
          "craneIndex": 1,
          "liftId": "L15",
          "liftIndex": 14,
          "start": 302.3496364525666,
          "finish": 337.7951907354543,
          "travel": 0.44555428288771715,
          "setup": 10.0,
          "duration": 25.0,
          "fromX": 40.729838150401704,
          "fromY": 80.83597314018387,
          "toX": 36.335459734334954,
          "toY": 80.10024205047414,
          "radiusCenterX": 36.335459734334954,
          "radiusCenterY": 80.10024205047414,
          "liftX": 18.582558566704392,
          "liftY": 77.12795334775001,
          "actualLiftRadius": 18.0,
          "dangerRadius": 24.0,
          "sameRadius": false,
          "softConflict": 0,
          "hardMask": 0,
          "move": 4.455542828877172
        }
      ],
      "cranes": [
        {
          "id": "C1",
          "x": 31.11770451068878,
          "y": 44.930363963358104,
          "setup_x": 20.953148465389436,
          "setup_y": 28.119588793800325,
          "available": 267.3846400092176,
          "jobs": 9
        },
        {
          "id": "C2",
          "x": 89.90581836737692,
          "y": 42.147667792625725,
          "setup_x": 36.335459734334954,
          "setup_y": 80.10024205047414,
          "available": 337.7951907354543,
          "jobs": 10
        },
        {
          "id": "C3",
          "x": 66.5622300542891,
          "y": 19.810825287364423,
          "setup_x": 48.540031717771186,
          "setup_y": 14.58412774006849,
          "available": 136.87648074898652,
          "jobs": 5
        }
      ]
    }
  },
  "modelPath": "python_mappo/outputs_sensitivity_step6/K5_pMovem0p02_pTimem0p1_pSoftm3p0/pytorch_mappo_model.pt"
}
ep=6/60 makespan=289.6 reward=260.3 best=271.479 seenBest=325.6536 updates=24
ep=12/60 makespan=304.7 reward=244.6 best=271.479 seenBest=325.6536 updates=48
ep=18/60 makespan=294.7 reward=276.2 best=253.294 seenBest=320.3252 updates=72
ep=24/60 makespan=368.4 reward=267.2 best=253.294 seenBest=316.3419 updates=96
ep=30/60 makespan=371.3 reward=266.0 best=253.294 seenBest=306.2754 updates=120
ep=36/60 makespan=341.8 reward=271.6 best=253.294 seenBest=306.2754 updates=144
ep=42/60 makespan=311.2 reward=263.3 best=250.483 seenBest=306.2754 updates=168
ep=48/60 makespan=317.6 reward=275.2 best=250.483 seenBest=306.2754 updates=192
ep=54/60 makespan=366.7 reward=262.1 best=250.483 seenBest=306.2754 updates=216
ep=60/60 makespan=294.8 reward=286.9 best=249.224 seenBest=306.2754 updates=240
{
  "config": {
    "num_cranes": 3,
    "num_lifts": 24,
    "fixed_duration": 25.0,
    "setup_time": 10.0,
    "crane_radius": 18.0,
    "candidate_k": 5,
    "max_steps": 220,
    "base_seed": 101,
    "seed_runs": 10,
    "train_episodes": 150,
    "seen_seed_start": 101,
    "seen_seed_count": 10,
    "unseen_seed_start": 201,
    "unseen_seed_count": 30,
    "reward": {
      "r_single": 10.0,
      "r_all": 100.0,
      "r_same": 3.0,
      "p_idle": -0.5,
      "p_inter_soft": -3.0,
      "p_time": -0.1,
      "p_move": -0.05,
      "soft_buffer": 6.0
    },
    "mappo": {
      "gamma": 0.92,
      "gae_lambda": 0.95,
      "actor_lr": 0.001,
      "critic_lr": 0.002,
      "clip_eps": 0.2,
      "entropy_coef": 0.01,
      "value_coef": 0.5,
      "max_grad_norm": 0.5,
      "update_epochs": 4,
      "minibatch_size": 256,
      "hidden_dim": 96,
      "eps_start": 0.35,
      "eps_end": 0.05
    }
  },
  "elapsedSec": 30.224635124206543,
  "trainEpisodes": 60,
  "trainSummary": {
    "best": {
      "ep": 56,
      "seed": 106,
      "makespan": 249.224,
      "done": 24,
      "total": 24,
      "reward": 277.753466129303,
      "soft": 6,
      "hardExecuted": 0,
      "hardMask": 6,
      "move": 170.77554046912482,
      "travel": 17.077554046912482,
      "setup": 110.0
    },
    "bestCheckpointSeen": {
      "n": 10,
      "completeRate": 100.0,
      "makespan": 306.2754,
      "makespanSd": 46.0958130228766,
      "reward": 277.20532670021055,
      "soft": 5.3,
      "hardExecuted": 0.0,
      "hardMask": 12.6,
      "travel": 15.82444498091291,
      "setup": 114.0,
      "move": 158.2444498091291,
      "actualLiftRadius": 14.921145392549482,
      "actualDangerRadius": 20.921145392549484,
      "ep": 30
    },
    "first10": {
      "n": 10,
      "completeRate": 100.0,
      "makespan": 321.4111,
      "makespanSd": 48.07054820459197,
      "reward": 259.5318558335304,
      "soft": 6.6,
      "hardExecuted": 0.0,
      "hardMask": 12.4,
      "travel": 22.44690228175289,
      "setup": 140.0,
      "move": 224.46902281752892,
      "actualLiftRadius": 0.0,
      "actualDangerRadius": 0.0
    },
    "last20": {
      "n": 20,
      "completeRate": 100.0,
      "makespan": 309.76455000000004,
      "makespanSd": 42.532282456358956,
      "reward": 265.2033633708954,
      "soft": 7.05,
      "hardExecuted": 0.0,
      "hardMask": 10.75,
      "travel": 19.536054482434572,
      "setup": 127.0,
      "move": 195.36054482434577,
      "actualLiftRadius": 0.0,
      "actualDangerRadius": 0.0
    },
    "modelStats": {
      "updates": 120,
      "actorShareMode": "typeShared",
      "craneType": "50톤 모바일 크레인",
      "actorDim": 17,
      "criticDim": 14
    }
  },
  "learningCurve": [
    {
      "ep": 1,
      "seed": 101,
      "makespan": 306.643,
      "done": 24,
      "total": 24,
      "reward": 269.9461646080017,
      "soft": 6,
      "hardExecuted": 0,
      "hardMask": 16,
      "move": 150.89720868053504,
      "travel": 15.089720868053504,
      "setup": 130.0
    },
    {
      "ep": 2,
      "seed": 102,
      "makespan": 271.479,
      "done": 24,
      "total": 24,
      "reward": 231.10467052459717,
      "soft": 12,
      "hardExecuted": 0,
      "hardMask": 7,
      "move": 273.2554882295617,
      "travel": 27.325548822956172,
      "setup": 170.0
    },
    {
      "ep": 3,
      "seed": 103,
      "makespan": 289.962,
      "done": 24,
      "total": 24,
      "reward": 243.95715713500977,
      "soft": 9,
      "hardExecuted": 0,
      "hardMask": 8,
      "move": 234.04722125405956,
      "travel": 23.404722125405957,
      "setup": 160.0
    },
    {
      "ep": 4,
      "seed": 104,
      "makespan": 316.872,
      "done": 24,
      "total": 24,
      "reward": 279.62237548828125,
      "soft": 6,
      "hardExecuted": 0,
      "hardMask": 10,
      "move": 189.62707127517393,
      "travel": 18.962707127517398,
      "setup": 100.0
    },
    {
      "ep": 5,
      "seed": 105,
      "makespan": 451.725,
      "done": 24,
      "total": 24,
      "reward": 266.13060665130615,
      "soft": 3,
      "hardExecuted": 0,
      "hardMask": 30,
      "move": 289.4898695201552,
      "travel": 28.94898695201552,
      "setup": 130.0
    },
    {
      "ep": 6,
      "seed": 106,
      "makespan": 289.609,
      "done": 24,
      "total": 24,
      "reward": 260.2869429588318,
      "soft": 4,
      "hardExecuted": 0,
      "hardMask": 6,
      "move": 236.8842645142356,
      "travel": 23.68842645142356,
      "setup": 160.0
    },
    {
      "ep": 7,
      "seed": 107,
      "makespan": 316.479,
      "done": 24,
      "total": 24,
      "reward": 249.34934389591217,
      "soft": 10,
      "hardExecuted": 0,
      "hardMask": 13,
      "move": 160.84427519886486,
      "travel": 16.084427519886486,
      "setup": 150.0
    },
    {
      "ep": 8,
      "seed": 108,
      "makespan": 347.717,
      "done": 24,
      "total": 24,
      "reward": 252.84927558898926,
      "soft": 4,
      "hardExecuted": 0,
      "hardMask": 10,
      "move": 310.845193625074,
      "travel": 31.084519362507404,
      "setup": 160.0
    },
    {
      "ep": 9,
      "seed": 109,
      "makespan": 327.515,
      "done": 24,
      "total": 24,
      "reward": 272.2921676635742,
      "soft": 2,
      "hardExecuted": 0,
      "hardMask": 11,
      "move": 245.1306112909111,
      "travel": 24.513061129091113,
      "setup": 140.0
    },
    {
      "ep": 10,
      "seed": 110,
      "makespan": 296.11,
      "done": 24,
      "total": 24,
      "reward": 269.7798538208008,
      "soft": 10,
      "hardExecuted": 0,
      "hardMask": 13,
      "move": 153.66902458671814,
      "travel": 15.366902458671811,
      "setup": 100.0
    },
    {
      "ep": 11,
      "seed": 101,
      "makespan": 315.827,
      "done": 24,
      "total": 24,
      "reward": 251.4329116344452,
      "soft": 8,
      "hardExecuted": 0,
      "hardMask": 1,
      "move": 317.78471387913027,
      "travel": 31.778471387913033,
      "setup": 140.0
    },
    {
      "ep": 12,
      "seed": 102,
      "makespan": 304.673,
      "done": 24,
      "total": 24,
      "reward": 244.64393663406372,
      "soft": 12,
      "hardExecuted": 0,
      "hardMask": 5,
      "move": 297.60099298973915,
      "travel": 29.760099298973916,
      "setup": 130.0
    },
    {
      "ep": 13,
      "seed": 103,
      "makespan": 393.792,
      "done": 24,
      "total": 24,
      "reward": 267.63280487060547,
      "soft": 2,
      "hardExecuted": 0,
      "hardMask": 18,
      "move": 247.78656095244656,
      "travel": 24.778656095244656,
      "setup": 140.0
    },
    {
      "ep": 14,
      "seed": 104,
      "makespan": 283.081,
      "done": 24,
      "total": 24,
      "reward": 296.23703384399414,
      "soft": 6,
      "hardExecuted": 0,
      "hardMask": 8,
      "move": 112.71604441744012,
      "travel": 11.271604441744012,
      "setup": 70.0
    },
    {
      "ep": 15,
      "seed": 105,
      "makespan": 253.294,
      "done": 24,
      "total": 24,
      "reward": 288.13447761535645,
      "soft": 5,
      "hardExecuted": 0,
      "hardMask": 3,
      "move": 81.09208984529025,
      "travel": 8.109208984529026,
      "setup": 110.0
    },
    {
      "ep": 16,
      "seed": 106,
      "makespan": 445.864,
      "done": 24,
      "total": 24,
      "reward": 239.31763362884521,
      "soft": 9,
      "hardExecuted": 0,
      "hardMask": 32,
      "move": 369.7060505006408,
      "travel": 36.970605050064066,
      "setup": 140.0
    },
    {
      "ep": 17,
      "seed": 107,
      "makespan": 386.268,
      "done": 24,
      "total": 24,
      "reward": 248.4353051185608,
      "soft": 10,
      "hardExecuted": 0,
      "hardMask": 36,
      "move": 126.07813748135266,
      "travel": 12.607813748135264,
      "setup": 150.0
    },
    {
      "ep": 18,
      "seed": 108,
      "makespan": 294.653,
      "done": 24,
      "total": 24,
      "reward": 276.1990556716919,
      "soft": 5,
      "hardExecuted": 0,
      "hardMask": 8,
      "move": 230.01574503701187,
      "travel": 23.001574503701185,
      "setup": 110.0
    },
    {
      "ep": 19,
      "seed": 109,
      "makespan": 375.666,
      "done": 24,
      "total": 24,
      "reward": 245.3556137084961,
      "soft": 10,
      "hardExecuted": 0,
      "hardMask": 14,
      "move": 202.4065017948522,
      "travel": 20.240650179485222,
      "setup": 150.0
    },
    {
      "ep": 20,
      "seed": 110,
      "makespan": 268.341,
      "done": 24,
      "total": 24,
      "reward": 270.4229965209961,
      "soft": 6,
      "hardExecuted": 0,
      "hardMask": 1,
      "move": 192.9498524952477,
      "travel": 19.29498524952477,
      "setup": 130.0
    },
    {
      "ep": 21,
      "seed": 101,
      "makespan": 403.593,
      "done": 24,
      "total": 24,
      "reward": 274.69385719299316,
      "soft": 3,
      "hardExecuted": 0,
      "hardMask": 21,
      "move": 171.76907279443196,
      "travel": 17.176907279443196,
      "setup": 130.0
    },
    {
      "ep": 22,
      "seed": 102,
      "makespan": 302.278,
      "done": 24,
      "total": 24,
      "reward": 257.6851863861084,
      "soft": 7,
      "hardExecuted": 0,
      "hardMask": 10,
      "move": 313.5800920467368,
      "travel": 31.358009204673685,
      "setup": 130.0
    },
    {
      "ep": 23,
      "seed": 103,
      "makespan": 358.351,
      "done": 24,
      "total": 24,
      "reward": 254.42238354682922,
      "soft": 9,
      "hardExecuted": 0,
      "hardMask": 18,
      "move": 209.626926197697,
      "travel": 20.9626926197697,
      "setup": 130.0
    },
    {
      "ep": 24,
      "seed": 104,
      "makespan": 368.441,
      "done": 24,
      "total": 24,
      "reward": 267.2362289428711,
      "soft": 7,
      "hardExecuted": 0,
      "hardMask": 17,
      "move": 254.39611053772887,
      "travel": 25.43961105377289,
      "setup": 110.0
    },
    {
      "ep": 25,
      "seed": 105,
      "makespan": 270.59,
      "done": 24,
      "total": 24,
      "reward": 283.31525182724,
      "soft": 6,
      "hardExecuted": 0,
      "hardMask": 8,
      "move": 128.07914537633977,
      "travel": 12.807914537633975,
      "setup": 100.0
    },
    {
      "ep": 26,
      "seed": 106,
      "makespan": 390.448,
      "done": 24,
      "total": 24,
      "reward": 262.16823863983154,
      "soft": 5,
      "hardExecuted": 0,
      "hardMask": 19,
      "move": 213.86246366608324,
      "travel": 21.38624636660833,
      "setup": 140.0
    },
    {
      "ep": 27,
      "seed": 107,
      "makespan": 317.182,
      "done": 24,
      "total": 24,
      "reward": 265.0560579299927,
      "soft": 8,
      "hardExecuted": 0,
      "hardMask": 25,
      "move": 132.39904087758305,
      "travel": 13.239904087758308,
      "setup": 130.0
    },
    {
      "ep": 28,
      "seed": 108,
      "makespan": 354.736,
      "done": 24,
      "total": 24,
      "reward": 275.6628506183624,
      "soft": 5,
      "hardExecuted": 0,
      "hardMask": 16,
      "move": 280.61914774656424,
      "travel": 28.06191477465643,
      "setup": 100.0
    },
    {
      "ep": 29,
      "seed": 109,
      "makespan": 464.089,
      "done": 24,
      "total": 24,
      "reward": 245.8904163837433,
      "soft": 5,
      "hardExecuted": 0,
      "hardMask": 24,
      "move": 260.15951879648145,
      "travel": 26.015951879648146,
      "setup": 170.0
    },
    {
      "ep": 30,
      "seed": 110,
      "makespan": 371.262,
      "done": 24,
      "total": 24,
      "reward": 266.0142273902893,
      "soft": 4,
      "hardExecuted": 0,
      "hardMask": 25,
      "move": 158.09622677547986,
      "travel": 15.809622677547988,
      "setup": 150.0
    },
    {
      "ep": 31,
      "seed": 101,
      "makespan": 319.952,
      "done": 24,
      "total": 24,
      "reward": 248.10549545288086,
      "soft": 8,
      "hardExecuted": 0,
      "hardMask": 15,
      "move": 223.24174811494933,
      "travel": 22.324174811494935,
      "setup": 160.0
    },
    {
      "ep": 32,
      "seed": 102,
      "makespan": 284.109,
      "done": 24,
      "total": 24,
      "reward": 264.6867985725403,
      "soft": 5,
      "hardExecuted": 0,
      "hardMask": 12,
      "move": 230.21998290205943,
      "travel": 23.02199829020594,
      "setup": 140.0
    },
    {
      "ep": 33,
      "seed": 103,
      "makespan": 309.078,
      "done": 24,
      "total": 24,
      "reward": 255.60517168045044,
      "soft": 5,
      "hardExecuted": 0,
      "hardMask": 8,
      "move": 239.913839302925,
      "travel": 23.991383930292496,
      "setup": 160.0
    },
    {
      "ep": 34,
      "seed": 104,
      "makespan": 282.142,
      "done": 24,
      "total": 24,
      "reward": 260.88196563720703,
      "soft": 8,
      "hardExecuted": 0,
      "hardMask": 6,
      "move": 160.30038267494865,
      "travel": 16.030038267494863,
      "setup": 140.0
    },
    {
      "ep": 35,
      "seed": 105,
      "makespan": 313.168,
      "done": 24,
      "total": 24,
      "reward": 278.8048801422119,
      "soft": 1,
      "hardExecuted": 0,
      "hardMask": 8,
      "move": 119.91856710752671,
      "travel": 11.991856710752671,
      "setup": 150.0
    },
    {
      "ep": 36,
      "seed": 106,
      "makespan": 341.804,
      "done": 24,
      "total": 24,
      "reward": 271.64529848098755,
      "soft": 7,
      "hardExecuted": 0,
      "hardMask": 15,
      "move": 180.9114827452139,
      "travel": 18.091148274521395,
      "setup": 110.0
    },
    {
      "ep": 37,
      "seed": 107,
      "makespan": 490.363,
      "done": 24,
      "total": 24,
      "reward": 262.9796290397644,
      "soft": 5,
      "hardExecuted": 0,
      "hardMask": 52,
      "move": 192.0061916600619,
      "travel": 19.200619166006188,
      "setup": 130.0
    },
    {
      "ep": 38,
      "seed": 108,
      "makespan": 281.54,
      "done": 24,
      "total": 24,
      "reward": 270.2495126724243,
      "soft": 7,
      "hardExecuted": 0,
      "hardMask": 7,
      "move": 170.841283913435,
      "travel": 17.0841283913435,
      "setup": 120.0
    },
    {
      "ep": 39,
      "seed": 109,
      "makespan": 335.434,
      "done": 24,
      "total": 24,
      "reward": 244.65042638778687,
      "soft": 10,
      "hardExecuted": 0,
      "hardMask": 19,
      "move": 222.4927204234056,
      "travel": 22.249272042340557,
      "setup": 150.0
    },
    {
      "ep": 40,
      "seed": 110,
      "makespan": 296.558,
      "done": 24,
      "total": 24,
      "reward": 285.01679039001465,
      "soft": 6,
      "hardExecuted": 0,
      "hardMask": 17,
      "move": 174.72006718966023,
      "travel": 17.47200671896602,
      "setup": 90.0
    },
    {
      "ep": 41,
      "seed": 101,
      "makespan": 250.483,
      "done": 24,
      "total": 24,
      "reward": 274.0951805114746,
      "soft": 9,
      "hardExecuted": 0,
      "hardMask": 6,
      "move": 181.7470287461613,
      "travel": 18.17470287461613,
      "setup": 90.0
    },
    {
      "ep": 42,
      "seed": 102,
      "makespan": 311.179,
      "done": 24,
      "total": 24,
      "reward": 263.2660422325134,
      "soft": 3,
      "hardExecuted": 0,
      "hardMask": 9,
      "move": 345.5658526318341,
      "travel": 34.5565852631834,
      "setup": 140.0
    },
    {
      "ep": 43,
      "seed": 103,
      "makespan": 343.269,
      "done": 24,
      "total": 24,
      "reward": 267.1638460159302,
      "soft": 2,
      "hardExecuted": 0,
      "hardMask": 8,
      "move": 330.6024029775496,
      "travel": 33.060240297754966,
      "setup": 140.0
    },
    {
      "ep": 44,
      "seed": 104,
      "makespan": 295.703,
      "done": 24,
      "total": 24,
      "reward": 244.52040338516235,
      "soft": 15,
      "hardExecuted": 0,
      "hardMask": 10,
      "move": 199.65995948576256,
      "travel": 19.965995948576253,
      "setup": 120.0
    },
    {
      "ep": 45,
      "seed": 105,
      "makespan": 341.744,
      "done": 24,
      "total": 24,
      "reward": 278.00721502304077,
      "soft": 5,
      "hardExecuted": 0,
      "hardMask": 21,
      "move": 108.21303625270737,
      "travel": 10.821303625270737,
      "setup": 120.0
    },
    {
      "ep": 46,
      "seed": 106,
      "makespan": 358.985,
      "done": 24,
      "total": 24,
      "reward": 241.7137475013733,
      "soft": 8,
      "hardExecuted": 0,
      "hardMask": 20,
      "move": 296.43748348235124,
      "travel": 29.643748348235125,
      "setup": 160.0
    },
    {
      "ep": 47,
      "seed": 107,
      "makespan": 302.27,
      "done": 24,
      "total": 24,
      "reward": 268.1589813232422,
      "soft": 7,
      "hardExecuted": 0,
      "hardMask": 10,
      "move": 139.01676779643117,
      "travel": 13.901676779643115,
      "setup": 130.0
    },
    {
      "ep": 48,
      "seed": 108,
      "makespan": 317.645,
      "done": 24,
      "total": 24,
      "reward": 275.17887258529663,
      "soft": 5,
      "hardExecuted": 0,
      "hardMask": 10,
      "move": 180.35211958482247,
      "travel": 18.03521195848225,
      "setup": 120.0
    },
    {
      "ep": 49,
      "seed": 109,
      "makespan": 271.182,
      "done": 24,
      "total": 24,
      "reward": 229.7448434829712,
      "soft": 20,
      "hardExecuted": 0,
      "hardMask": 2,
      "move": 220.91926629831394,
      "travel": 22.091926629831395,
      "setup": 120.0
    },
    {
      "ep": 50,
      "seed": 110,
      "makespan": 398.051,
      "done": 24,
      "total": 24,
      "reward": 273.41269063949585,
      "soft": 3,
      "hardExecuted": 0,
      "hardMask": 22,
      "move": 126.45506385798942,
      "travel": 12.64550638579894,
      "setup": 140.0
    },
    {
      "ep": 51,
      "seed": 101,
      "makespan": 379.884,
      "done": 24,
      "total": 24,
      "reward": 291.7590546607971,
      "soft": 1,
      "hardExecuted": 0,
      "hardMask": 18,
      "move": 162.3488893009705,
      "travel": 16.23488893009705,
      "setup": 100.0
    },
    {
      "ep": 52,
      "seed": 102,
      "makespan": 262.467,
      "done": 24,
      "total": 24,
      "reward": 253.64021492004395,
      "soft": 9,
      "hardExecuted": 0,
      "hardMask": 4,
      "move": 239.32976319937103,
      "travel": 23.93297631993711,
      "setup": 140.0
    },
    {
      "ep": 53,
      "seed": 103,
      "makespan": 278.017,
      "done": 24,
      "total": 24,
      "reward": 249.1310520172119,
      "soft": 10,
      "hardExecuted": 0,
      "hardMask": 4,
      "move": 264.4823900984362,
      "travel": 26.448239009843626,
      "setup": 140.0
    },
    {
      "ep": 54,
      "seed": 104,
      "makespan": 366.716,
      "done": 24,
      "total": 24,
      "reward": 262.08108472824097,
      "soft": 10,
      "hardExecuted": 0,
      "hardMask": 16,
      "move": 190.31517105762535,
      "travel": 19.031517105762532,
      "setup": 110.0
    },
    {
      "ep": 55,
      "seed": 105,
      "makespan": 319.36,
      "done": 24,
      "total": 24,
      "reward": 292.0947527885437,
      "soft": 4,
      "hardExecuted": 0,
      "hardMask": 19,
      "move": 123.42071883685944,
      "travel": 12.342071883685941,
      "setup": 90.0
    },
    {
      "ep": 56,
      "seed": 106,
      "makespan": 249.224,
      "done": 24,
      "total": 24,
      "reward": 277.753466129303,
      "soft": 6,
      "hardExecuted": 0,
      "hardMask": 6,
      "move": 170.77554046912482,
      "travel": 17.077554046912482,
      "setup": 110.0
    },
    {
      "ep": 57,
      "seed": 107,
      "makespan": 263.814,
      "done": 24,
      "total": 24,
      "reward": 256.9050483703613,
      "soft": 9,
      "hardExecuted": 0,
      "hardMask": 1,
      "move": 118.24917030547101,
      "travel": 11.8249170305471,
      "setup": 150.0
    },
    {
      "ep": 58,
      "seed": 108,
      "makespan": 278.27,
      "done": 24,
      "total": 24,
      "reward": 265.94239377975464,
      "soft": 5,
      "hardExecuted": 0,
      "hardMask": 5,
      "move": 159.2934044496861,
      "travel": 15.929340444968608,
      "setup": 150.0
    },
    {
      "ep": 59,
      "seed": 109,
      "makespan": 312.252,
      "done": 24,
      "total": 24,
      "reward": 252.63413667678833,
      "soft": 8,
      "hardExecuted": 0,
      "hardMask": 10,
      "move": 214.4309044754867,
      "travel": 21.443090447548666,
      "setup": 150.0
    },
    {
      "ep": 60,
      "seed": 110,
      "makespan": 294.776,
      "done": 24,
      "total": 24,
      "reward": 286.8642406463623,
      "soft": 2,
      "hardExecuted": 0,
      "hardMask": 14,
      "move": 135.59596317996036,
      "travel": 13.559596317996034,
      "setup": 120.0
    }
  ],
  "seen": {
    "mappo": {
      "n": 10,
      "completeRate": 100.0,
      "makespan": 306.2754,
      "makespanSd": 46.0958130228766,
      "reward": 277.20532670021055,
      "soft": 5.3,
      "hardExecuted": 0.0,
      "hardMask": 12.6,
      "travel": 15.82444498091291,
      "setup": 114.0,
      "move": 158.2444498091291,
      "actualLiftRadius": 14.921145392549482,
      "actualDangerRadius": 20.921145392549484
    },
    "nearest": {
      "n": 10,
      "completeRate": 100.0,
      "makespan": 347.8401,
      "makespanSd": 44.38685996880157,
      "reward": 268.6448317050934,
      "soft": 4.3,
      "hardExecuted": 0.0,
      "hardMask": 12.6,
      "travel": 15.175272011960818,
      "setup": 144.0,
      "move": 151.75272011960814,
      "actualLiftRadius": 15.326459635670776,
      "actualDangerRadius": 21.326459635670776
    },
    "radiusPriority": {
      "n": 10,
      "completeRate": 100.0,
      "makespan": 347.8401,
      "makespanSd": 44.38685996880157,
      "reward": 268.6448317050934,
      "soft": 4.3,
      "hardExecuted": 0.0,
      "hardMask": 12.6,
      "travel": 15.175272011960818,
      "setup": 144.0,
      "move": 151.75272011960814,
      "actualLiftRadius": 15.326459635670776,
      "actualDangerRadius": 21.326459635670776
    },
    "random": {
      "n": 10,
      "completeRate": 100.0,
      "makespan": 358.88989999999995,
      "makespanSd": 52.40404844179504,
      "reward": 255.55369369983674,
      "soft": 6.0,
      "hardExecuted": 0.0,
      "hardMask": 17.9,
      "travel": 24.327168577406976,
      "setup": 149.0,
      "move": 243.27168577406974,
      "actualLiftRadius": 15.318181533023804,
      "actualDangerRadius": 21.318181533023804
    }
  },
  "unseen": {
    "mappo": {
      "n": 30,
      "completeRate": 100.0,
      "makespan": 324.1508666666667,
      "makespanSd": 53.12147470388558,
      "reward": 274.96690107584,
      "soft": 6.9,
      "hardExecuted": 0.0,
      "hardMask": 15.766666666666667,
      "travel": 15.499602970706382,
      "setup": 107.0,
      "move": 154.9960297070638,
      "actualLiftRadius": 14.578706764462487,
      "actualDangerRadius": 20.57870676446249
    },
    "nearest": {
      "n": 30,
      "completeRate": 100.0,
      "makespan": 348.0688333333333,
      "makespanSd": 66.16424363913553,
      "reward": 267.0912669181824,
      "soft": 5.0,
      "hardExecuted": 0.0,
      "hardMask": 14.4,
      "travel": 13.264547029714645,
      "setup": 145.0,
      "move": 132.64547029714646,
      "actualLiftRadius": 15.332795829345189,
      "actualDangerRadius": 21.332795829345176
    },
    "radiusPriority": {
      "n": 30,
      "completeRate": 100.0,
      "makespan": 348.0688333333333,
      "makespanSd": 66.16424363913553,
      "reward": 267.0912669181824,
      "soft": 5.0,
      "hardExecuted": 0.0,
      "hardMask": 14.4,
      "travel": 13.264547029714645,
      "setup": 145.0,
      "move": 132.64547029714646,
      "actualLiftRadius": 15.332795829345189,
      "actualDangerRadius": 21.332795829345176
    },
    "random": {
      "n": 30,
      "completeRate": 100.0,
      "makespan": 344.59103333333337,
      "makespanSd": 59.56063321270929,
      "reward": 264.703993165493,
      "soft": 5.6,
      "hardExecuted": 0.0,
      "hardMask": 15.966666666666667,
      "travel": 18.99333937025905,
      "setup": 137.0,
      "move": 189.93339370259054,
      "actualLiftRadius": 15.213991944288658,
      "actualDangerRadius": 21.213991944288654
    }
  },
  "representative": {
    "mappo": {
      "done": 24,
      "total": 24,
      "makespan": 261.207,
      "reward": 308.2248411178589,
      "softInter": 2,
      "hardExecuted": 0,
      "hardMask": 7,
      "hardInter": 7,
      "travelTotal": 12.12525513785341,
      "setupTotal": 70.0,
      "moveTotal": 121.2525513785341,
      "actualLiftRadiusAvg": 13.235351363677351,
      "actualDangerRadiusAvg": 19.23535136367735,
      "events": [
        {
          "craneId": "C1",
          "craneIndex": 0,
          "liftId": "L21",
          "liftIndex": 20,
          "start": 0.0,
          "finish": 25.0,
          "travel": 0.0,
          "setup": 0.0,
          "duration": 25.0,
          "fromX": 31.11770451068878,
          "fromY": 44.930363963358104,
          "toX": 31.11770451068878,
          "toY": 44.930363963358104,
          "radiusCenterX": 31.11770451068878,
          "radiusCenterY": 44.930363963358104,
          "liftX": 24.0555997248739,
          "liftY": 38.961755448020995,
          "actualLiftRadius": 9.246491854491849,
          "dangerRadius": 15.246491854491849,
          "sameRadius": true,
          "softConflict": 0,
          "hardMask": 0,
          "move": 0.0
        },
        {
          "craneId": "C2",
          "craneIndex": 1,
          "liftId": "L2",
          "liftIndex": 1,
          "start": 0.0,
          "finish": 25.0,
          "travel": 0.0,
          "setup": 0.0,
          "duration": 25.0,
          "fromX": 89.90581836737692,
          "fromY": 42.147667792625725,
          "toX": 89.90581836737692,
          "toY": 42.147667792625725,
          "radiusCenterX": 89.90581836737692,
          "radiusCenterY": 42.147667792625725,
          "liftX": 82.5925524905324,
          "liftY": 40.26401315908879,
          "actualLiftRadius": 7.551954221515361,
          "dangerRadius": 13.551954221515361,
          "sameRadius": true,
          "softConflict": 0,
          "hardMask": 0,
          "move": 0.0
        },
        {
          "craneId": "C3",
          "craneIndex": 2,
          "liftId": "L11",
          "liftIndex": 10,
          "start": 0.0,
          "finish": 25.0,
          "travel": 0.0,
          "setup": 0.0,
          "duration": 25.0,
          "fromX": 66.5622300542891,
          "fromY": 19.810825287364423,
          "toX": 66.5622300542891,
          "toY": 19.810825287364423,
          "radiusCenterX": 66.5622300542891,
          "radiusCenterY": 19.810825287364423,
          "liftX": 51.30927770026028,
          "liftY": 15.29373546410352,
          "actualLiftRadius": 15.907754586543023,
          "dangerRadius": 21.90775458654302,
          "sameRadius": true,
          "softConflict": 0,
          "hardMask": 0,
          "move": 0.0
        },
        {
          "craneId": "C1",
          "craneIndex": 0,
          "liftId": "L9",
          "liftIndex": 8,
          "start": 25.0,
          "finish": 50.0,
          "travel": 0.0,
          "setup": 0.0,
          "duration": 25.0,
          "fromX": 31.11770451068878,
          "fromY": 44.930363963358104,
          "toX": 31.11770451068878,
          "toY": 44.930363963358104,
          "radiusCenterX": 31.11770451068878,
          "radiusCenterY": 44.930363963358104,
          "liftX": 15.880401505157351,
          "liftY": 49.14508175943047,
          "actualLiftRadius": 15.809467068276092,
          "dangerRadius": 21.809467068276092,
          "sameRadius": true,
          "softConflict": 0,
          "hardMask": 0,
          "move": 0.0
        },
        {
          "craneId": "C2",
          "craneIndex": 1,
          "liftId": "L24",
          "liftIndex": 23,
          "start": 25.0,
          "finish": 50.0,
          "travel": 0.0,
          "setup": 0.0,
          "duration": 25.0,
          "fromX": 89.90581836737692,
          "fromY": 42.147667792625725,
          "toX": 89.90581836737692,
          "toY": 42.147667792625725,
          "radiusCenterX": 89.90581836737692,
          "radiusCenterY": 42.147667792625725,
          "liftX": 91.58120023086667,
          "liftY": 41.14399306382984,
          "actualLiftRadius": 1.9530149384308029,
          "dangerRadius": 7.953014938430803,
          "sameRadius": true,
          "softConflict": 0,
          "hardMask": 0,
          "move": 0.0
        },
        {
          "craneId": "C3",
          "craneIndex": 2,
          "liftId": "L23",
          "liftIndex": 22,
          "start": 25.0,
          "finish": 50.0,
          "travel": 0.0,
          "setup": 0.0,
          "duration": 25.0,
          "fromX": 66.5622300542891,
          "fromY": 19.810825287364423,
          "toX": 66.5622300542891,
          "toY": 19.810825287364423,
          "radiusCenterX": 66.5622300542891,
          "radiusCenterY": 19.810825287364423,
          "liftX": 55.26374931074679,
          "liftY": 8.151180517859757,
          "actualLiftRadius": 16.235854867029147,
          "dangerRadius": 22.235854867029147,
          "sameRadius": true,
          "softConflict": 0,
          "hardMask": 0,
          "move": 0.0
        },
        {
          "craneId": "C1",
          "craneIndex": 0,
          "liftId": "L12",
          "liftIndex": 11,
          "start": 50.0,
          "finish": 75.0,
          "travel": 0.0,
          "setup": 0.0,
          "duration": 25.0,
          "fromX": 31.11770451068878,
          "fromY": 44.930363963358104,
          "toX": 31.11770451068878,
          "toY": 44.930363963358104,
          "radiusCenterX": 31.11770451068878,
          "radiusCenterY": 44.930363963358104,
          "liftX": 28.85309663042426,
          "liftY": 48.49846666213125,
          "actualLiftRadius": 4.226086336120971,
          "dangerRadius": 10.226086336120972,
          "sameRadius": true,
          "softConflict": 0,
          "hardMask": 0,
          "move": 0.0
        },
        {
          "craneId": "C2",
          "craneIndex": 1,
          "liftId": "L7",
          "liftIndex": 6,
          "start": 50.0,
          "finish": 87.20389810417905,
          "travel": 2.2038981041790526,
          "setup": 10.0,
          "duration": 25.0,
          "fromX": 89.90581836737692,
          "fromY": 42.147667792625725,
          "toX": 69.83695366588269,
          "toY": 33.039574965171624,
          "radiusCenterX": 69.83695366588269,
          "radiusCenterY": 33.039574965171624,
          "liftX": 53.44601599313319,
          "liftY": 25.600679737515748,
          "actualLiftRadius": 18.000000000000007,
          "dangerRadius": 24.000000000000007,
          "sameRadius": false,
          "softConflict": 0,
          "hardMask": 0,
          "move": 22.038981041790525
        },
        {
          "craneId": "C3",
          "craneIndex": 2,
          "liftId": "L20",
          "liftIndex": 19,
          "start": 50.0,
          "finish": 88.41921778418518,
          "travel": 3.4192177841851787,
          "setup": 10.0,
          "duration": 25.0,
          "fromX": 66.5622300542891,
          "fromY": 19.810825287364423,
          "toX": 32.564624383783034,
          "toY": 16.16832144500627,
          "radiusCenterX": 32.564624383783034,
          "radiusCenterY": 16.16832144500627,
          "liftX": 14.66705421730876,
          "liftY": 14.250775582157075,
          "actualLiftRadius": 18.0,
          "dangerRadius": 24.0,
          "sameRadius": false,
          "softConflict": 1,
          "hardMask": 0,
          "move": 34.19217784185179
        },
        {
          "craneId": "C1",
          "craneIndex": 0,
          "liftId": "L8",
          "liftIndex": 7,
          "start": 75.0,
          "finish": 100.0,
          "travel": 0.0,
          "setup": 0.0,
          "duration": 25.0,
          "fromX": 31.11770451068878,
          "fromY": 44.930363963358104,
          "toX": 31.11770451068878,
          "toY": 44.930363963358104,
          "radiusCenterX": 31.11770451068878,
          "radiusCenterY": 44.930363963358104,
          "liftX": 35.26979811862111,
          "liftY": 40.543107523582876,
          "actualLiftRadius": 6.040521533558317,
          "dangerRadius": 12.040521533558316,
          "sameRadius": true,
          "softConflict": 1,
          "hardMask": 0,
          "move": 0.0
        },
        {
          "craneId": "C2",
          "craneIndex": 1,
          "liftId": "L17",
          "liftIndex": 16,
          "start": 87.20389810417905,
          "finish": 112.20389810417905,
          "travel": 0.0,
          "setup": 0.0,
          "duration": 25.0,
          "fromX": 69.83695366588269,
          "fromY": 33.039574965171624,
          "toX": 69.83695366588269,
          "toY": 33.039574965171624,
          "radiusCenterX": 69.83695366588269,
          "radiusCenterY": 33.039574965171624,
          "liftX": 68.4569944422692,
          "liftY": 38.50372786913067,
          "actualLiftRadius": 5.635712414298658,
          "dangerRadius": 11.63571241429866,
          "sameRadius": true,
          "softConflict": 0,
          "hardMask": 0,
          "move": 0.0
        },
        {
          "craneId": "C3",
          "craneIndex": 2,
          "liftId": "L19",
          "liftIndex": 18,
          "start": 88.41921778418518,
          "finish": 113.41921778418518,
          "travel": 0.0,
          "setup": 0.0,
          "duration": 25.0,
          "fromX": 32.564624383783034,
          "fromY": 16.16832144500627,
          "toX": 32.564624383783034,
          "toY": 16.16832144500627,
          "radiusCenterX": 32.564624383783034,
          "radiusCenterY": 16.16832144500627,
          "liftX": 17.52709669061005,
          "liftY": 10.448647414334118,
          "actualLiftRadius": 16.08856457674487,
          "dangerRadius": 22.08856457674487,
          "sameRadius": true,
          "softConflict": 0,
          "hardMask": 0,
          "move": 0.0
        },
        {
          "craneId": "C1",
          "craneIndex": 0,
          "liftId": "L15",
          "liftIndex": 14,
          "start": 100.0,
          "finish": 136.65516229141684,
          "travel": 1.6551622914168511,
          "setup": 10.0,
          "duration": 25.0,
          "fromX": 31.11770451068878,
          "fromY": 44.930363963358104,
          "toX": 25.1128633096169,
          "toY": 60.35430973746979,
          "radiusCenterX": 25.1128633096169,
          "radiusCenterY": 60.35430973746979,
          "liftX": 18.582558566704392,
          "liftY": 77.12795334775001,
          "actualLiftRadius": 17.999999999999996,
          "dangerRadius": 23.999999999999996,
          "sameRadius": false,
          "softConflict": 0,
          "hardMask": 0,
          "move": 16.55162291416851
        },
        {
          "craneId": "C2",
          "craneIndex": 1,
          "liftId": "L1",
          "liftIndex": 0,
          "start": 112.20389810417905,
          "finish": 137.20389810417905,
          "travel": 0.0,
          "setup": 0.0,
          "duration": 25.0,
          "fromX": 69.83695366588269,
          "fromY": 33.039574965171624,
          "toX": 69.83695366588269,
          "toY": 33.039574965171624,
          "radiusCenterX": 69.83695366588269,
          "radiusCenterY": 33.039574965171624,
          "liftX": 81.791159985587,
          "liftY": 22.404718921519816,
          "actualLiftRadius": 16.00010036853694,
          "dangerRadius": 22.00010036853694,
          "sameRadius": true,
          "softConflict": 0,
          "hardMask": 0,
          "move": 0.0
        },
        {
          "craneId": "C3",
          "craneIndex": 2,
          "liftId": "L4",
          "liftIndex": 3,
          "start": 113.41921778418518,
          "finish": 138.41921778418518,
          "travel": 0.0,
          "setup": 0.0,
          "duration": 25.0,
          "fromX": 32.564624383783034,
          "fromY": 16.16832144500627,
          "toX": 32.564624383783034,
          "toY": 16.16832144500627,
          "radiusCenterX": 32.564624383783034,
          "radiusCenterY": 16.16832144500627,
          "liftX": 31.252373944967985,
          "liftY": 9.570457554422319,
          "actualLiftRadius": 6.727095148193007,
          "dangerRadius": 12.727095148193007,
          "sameRadius": true,
          "softConflict": 0,
          "hardMask": 0,
          "move": 0.0
        },
        {
          "craneId": "C1",
          "craneIndex": 0,
          "liftId": "L5",
          "liftIndex": 4,
          "start": 136.65516229141684,
          "finish": 161.65516229141684,
          "travel": 0.0,
          "setup": 0.0,
          "duration": 25.0,
          "fromX": 25.1128633096169,
          "fromY": 60.35430973746979,
          "toX": 25.1128633096169,
          "toY": 60.35430973746979,
          "radiusCenterX": 25.1128633096169,
          "radiusCenterY": 60.35430973746979,
          "liftX": 13.690484529361129,
          "liftY": 57.590944551862776,
          "actualLiftRadius": 11.751890237262351,
          "dangerRadius": 17.75189023726235,
          "sameRadius": true,
          "softConflict": 0,
          "hardMask": 0,
          "move": 0.0
        },
        {
          "craneId": "C2",
          "craneIndex": 1,
          "liftId": "L10",
          "liftIndex": 9,
          "start": 137.20389810417905,
          "finish": 175.48723115763656,
          "travel": 3.283333053457512,
          "setup": 10.0,
          "duration": 25.0,
          "fromX": 69.83695366588269,
          "fromY": 33.039574965171624,
          "toX": 77.07645933073935,
          "toY": 65.06483299256574,
          "radiusCenterX": 77.07645933073935,
          "radiusCenterY": 65.06483299256574,
          "liftX": 81.0453257188201,
          "liftY": 82.6218287376687,
          "actualLiftRadius": 18.000000000000007,
          "dangerRadius": 24.000000000000007,
          "sameRadius": false,
          "softConflict": 0,
          "hardMask": 0,
          "move": 32.83333053457512
        },
        {
          "craneId": "C3",
          "craneIndex": 2,
          "liftId": "L16",
          "liftIndex": 15,
          "start": 138.41921778418518,
          "finish": 163.41921778418518,
          "travel": 0.0,
          "setup": 0.0,
          "duration": 25.0,
          "fromX": 32.564624383783034,
          "fromY": 16.16832144500627,
          "toX": 32.564624383783034,
          "toY": 16.16832144500627,
          "radiusCenterX": 32.564624383783034,
          "radiusCenterY": 16.16832144500627,
          "liftX": 18.375873301178217,
          "liftY": 24.336353390477598,
          "actualLiftRadius": 16.371847884290872,
          "dangerRadius": 22.371847884290872,
          "sameRadius": true,
          "softConflict": 0,
          "hardMask": 0,
          "move": 0.0
        },
        {
          "craneId": "C2",
          "craneIndex": 1,
          "liftId": "L14",
          "liftIndex": 13,
          "start": 175.48723115763656,
          "finish": 200.48723115763656,
          "travel": 0.0,
          "setup": 0.0,
          "duration": 25.0,
          "fromX": 77.07645933073935,
          "fromY": 65.06483299256574,
          "toX": 77.07645933073935,
          "toY": 65.06483299256574,
          "radiusCenterX": 77.07645933073935,
          "radiusCenterY": 65.06483299256574,
          "liftX": 63.89301720261574,
          "liftY": 60.28889368008822,
          "actualLiftRadius": 14.021866589796552,
          "dangerRadius": 20.021866589796552,
          "sameRadius": true,
          "softConflict": 0,
          "hardMask": 0,
          "move": 0.0
        },
        {
          "craneId": "C1",
          "craneIndex": 0,
          "liftId": "L6",
          "liftIndex": 5,
          "start": 161.65516229141684,
          "finish": 196.74781066590796,
          "travel": 0.09264837449112694,
          "setup": 10.0,
          "duration": 25.0,
          "fromX": 25.1128633096169,
          "fromY": 60.35430973746979,
          "toX": 25.000129273652018,
          "toY": 61.27390919740867,
          "radiusCenterX": 25.000129273652018,
          "radiusCenterY": 61.27390919740867,
          "liftX": 22.809899106621742,
          "liftY": 79.14015927445143,
          "actualLiftRadius": 18.0,
          "dangerRadius": 24.0,
          "sameRadius": false,
          "softConflict": 0,
          "hardMask": 0,
          "move": 0.9264837449112694
        },
        {
          "craneId": "C3",
          "craneIndex": 2,
          "liftId": "L22",
          "liftIndex": 21,
          "start": 163.41921778418518,
          "finish": 188.41921778418518,
          "travel": 0.0,
          "setup": 0.0,
          "duration": 25.0,
          "fromX": 32.564624383783034,
          "fromY": 16.16832144500627,
          "toX": 32.564624383783034,
          "toY": 16.16832144500627,
          "radiusCenterX": 32.564624383783034,
          "radiusCenterY": 16.16832144500627,
          "liftX": 39.81682686507702,
          "liftY": 31.567302043549716,
          "actualLiftRadius": 17.02125272428572,
          "dangerRadius": 23.02125272428572,
          "sameRadius": true,
          "softConflict": 0,
          "hardMask": 0,
          "move": 0.0
        },
        {
          "craneId": "C2",
          "craneIndex": 1,
          "liftId": "L13",
          "liftIndex": 12,
          "start": 200.48723115763656,
          "finish": 225.48723115763656,
          "travel": 0.0,
          "setup": 0.0,
          "duration": 25.0,
          "fromX": 77.07645933073935,
          "fromY": 65.06483299256574,
          "toX": 77.07645933073935,
          "toY": 65.06483299256574,
          "radiusCenterX": 77.07645933073935,
          "radiusCenterY": 65.06483299256574,
          "liftX": 66.0504937376827,
          "liftY": 65.9184260154143,
          "actualLiftRadius": 11.058957378881832,
          "dangerRadius": 17.058957378881832,
          "sameRadius": true,
          "softConflict": 0,
          "hardMask": 0,
          "move": 0.0
        },
        {
          "craneId": "C1",
          "craneIndex": 0,
          "liftId": "L18",
          "liftIndex": 17,
          "start": 196.74781066590796,
          "finish": 232.4985497118208,
          "travel": 0.7507390459128276,
          "setup": 10.0,
          "duration": 25.0,
          "fromX": 25.000129273652018,
          "fromY": 61.27390919740867,
          "toX": 25.13579565701056,
          "toY": 68.78007373985221,
          "radiusCenterX": 25.13579565701056,
          "radiusCenterY": 68.78007373985221,
          "liftX": 25.461074449121952,
          "liftY": 86.77713443618268,
          "actualLiftRadius": 18.000000000000007,
          "dangerRadius": 24.000000000000007,
          "sameRadius": false,
          "softConflict": 0,
          "hardMask": 0,
          "move": 7.507390459128276
        },
        {
          "craneId": "C2",
          "craneIndex": 1,
          "liftId": "L3",
          "liftIndex": 2,
          "start": 225.48723115763656,
          "finish": 261.2074876418474,
          "travel": 0.7202564842108617,
          "setup": 10.0,
          "duration": 25.0,
          "fromX": 77.07645933073935,
          "fromY": 65.06483299256574,
          "toX": 72.29149442430888,
          "toY": 70.44823815556508,
          "radiusCenterX": 72.29149442430888,
          "radiusCenterY": 70.44823815556508,
          "liftX": 60.33334198780358,
          "liftY": 83.90195847023278,
          "actualLiftRadius": 18.000000000000004,
          "dangerRadius": 24.000000000000004,
          "sameRadius": false,
          "softConflict": 0,
          "hardMask": 0,
          "move": 7.202564842108617
        }
      ],
      "cranes": [
        {
          "id": "C1",
          "x": 31.11770451068878,
          "y": 44.930363963358104,
          "setup_x": 25.13579565701056,
          "setup_y": 68.78007373985221,
          "available": 232.4985497118208,
          "jobs": 8
        },
        {
          "id": "C2",
          "x": 89.90581836737692,
          "y": 42.147667792625725,
          "setup_x": 72.29149442430888,
          "setup_y": 70.44823815556508,
          "available": 261.2074876418474,
          "jobs": 9
        },
        {
          "id": "C3",
          "x": 66.5622300542891,
          "y": 19.810825287364423,
          "setup_x": 32.564624383783034,
          "setup_y": 16.16832144500627,
          "available": 188.41921778418518,
          "jobs": 7
        }
      ]
    },
    "nearest": {
      "done": 24,
      "total": 24,
      "makespan": 337.795,
      "reward": 289.76620960235596,
      "softInter": 0,
      "hardExecuted": 0,
      "hardMask": 10,
      "hardInter": 10,
      "travelTotal": 12.056311493658502,
      "setupTotal": 130.0,
      "moveTotal": 120.56311493658505,
      "actualLiftRadiusAvg": 14.030096736960127,
      "actualDangerRadiusAvg": 20.03009673696013,
      "events": [
        {
          "craneId": "C1",
          "craneIndex": 0,
          "liftId": "L8",
          "liftIndex": 7,
          "start": 0.0,
          "finish": 25.0,
          "travel": 0.0,
          "setup": 0.0,
          "duration": 25.0,
          "fromX": 31.11770451068878,
          "fromY": 44.930363963358104,
          "toX": 31.11770451068878,
          "toY": 44.930363963358104,
          "radiusCenterX": 31.11770451068878,
          "radiusCenterY": 44.930363963358104,
          "liftX": 35.26979811862111,
          "liftY": 40.543107523582876,
          "actualLiftRadius": 6.040521533558317,
          "dangerRadius": 12.040521533558316,
          "sameRadius": true,
          "softConflict": 0,
          "hardMask": 0,
          "move": 0.0
        },
        {
          "craneId": "C2",
          "craneIndex": 1,
          "liftId": "L2",
          "liftIndex": 1,
          "start": 0.0,
          "finish": 25.0,
          "travel": 0.0,
          "setup": 0.0,
          "duration": 25.0,
          "fromX": 89.90581836737692,
          "fromY": 42.147667792625725,
          "toX": 89.90581836737692,
          "toY": 42.147667792625725,
          "radiusCenterX": 89.90581836737692,
          "radiusCenterY": 42.147667792625725,
          "liftX": 82.5925524905324,
          "liftY": 40.26401315908879,
          "actualLiftRadius": 7.551954221515361,
          "dangerRadius": 13.551954221515361,
          "sameRadius": true,
          "softConflict": 0,
          "hardMask": 0,
          "move": 0.0
        },
        {
          "craneId": "C3",
          "craneIndex": 2,
          "liftId": "L1",
          "liftIndex": 0,
          "start": 0.0,
          "finish": 25.0,
          "travel": 0.0,
          "setup": 0.0,
          "duration": 25.0,
          "fromX": 66.5622300542891,
          "fromY": 19.810825287364423,
          "toX": 66.5622300542891,
          "toY": 19.810825287364423,
          "radiusCenterX": 66.5622300542891,
          "radiusCenterY": 19.810825287364423,
          "liftX": 81.791159985587,
          "liftY": 22.404718921519816,
          "actualLiftRadius": 15.448255274874663,
          "dangerRadius": 21.44825527487466,
          "sameRadius": true,
          "softConflict": 0,
          "hardMask": 0,
          "move": 0.0
        },
        {
          "craneId": "C1",
          "craneIndex": 0,
          "liftId": "L9",
          "liftIndex": 8,
          "start": 25.0,
          "finish": 50.0,
          "travel": 0.0,
          "setup": 0.0,
          "duration": 25.0,
          "fromX": 31.11770451068878,
          "fromY": 44.930363963358104,
          "toX": 31.11770451068878,
          "toY": 44.930363963358104,
          "radiusCenterX": 31.11770451068878,
          "radiusCenterY": 44.930363963358104,
          "liftX": 15.880401505157351,
          "liftY": 49.14508175943047,
          "actualLiftRadius": 15.809467068276092,
          "dangerRadius": 21.809467068276092,
          "sameRadius": true,
          "softConflict": 0,
          "hardMask": 0,
          "move": 0.0
        },
        {
          "craneId": "C2",
          "craneIndex": 1,
          "liftId": "L24",
          "liftIndex": 23,
          "start": 25.0,
          "finish": 50.0,
          "travel": 0.0,
          "setup": 0.0,
          "duration": 25.0,
          "fromX": 89.90581836737692,
          "fromY": 42.147667792625725,
          "toX": 89.90581836737692,
          "toY": 42.147667792625725,
          "radiusCenterX": 89.90581836737692,
          "radiusCenterY": 42.147667792625725,
          "liftX": 91.58120023086667,
          "liftY": 41.14399306382984,
          "actualLiftRadius": 1.9530149384308029,
          "dangerRadius": 7.953014938430803,
          "sameRadius": true,
          "softConflict": 0,
          "hardMask": 0,
          "move": 0.0
        },
        {
          "craneId": "C3",
          "craneIndex": 2,
          "liftId": "L7",
          "liftIndex": 6,
          "start": 25.0,
          "finish": 50.0,
          "travel": 0.0,
          "setup": 0.0,
          "duration": 25.0,
          "fromX": 66.5622300542891,
          "fromY": 19.810825287364423,
          "toX": 66.5622300542891,
          "toY": 19.810825287364423,
          "radiusCenterX": 66.5622300542891,
          "radiusCenterY": 19.810825287364423,
          "liftX": 53.44601599313319,
          "liftY": 25.600679737515748,
          "actualLiftRadius": 14.337276095967505,
          "dangerRadius": 20.337276095967503,
          "sameRadius": true,
          "softConflict": 0,
          "hardMask": 0,
          "move": 0.0
        },
        {
          "craneId": "C1",
          "craneIndex": 0,
          "liftId": "L12",
          "liftIndex": 11,
          "start": 50.0,
          "finish": 75.0,
          "travel": 0.0,
          "setup": 0.0,
          "duration": 25.0,
          "fromX": 31.11770451068878,
          "fromY": 44.930363963358104,
          "toX": 31.11770451068878,
          "toY": 44.930363963358104,
          "radiusCenterX": 31.11770451068878,
          "radiusCenterY": 44.930363963358104,
          "liftX": 28.85309663042426,
          "liftY": 48.49846666213125,
          "actualLiftRadius": 4.226086336120971,
          "dangerRadius": 10.226086336120972,
          "sameRadius": true,
          "softConflict": 0,
          "hardMask": 0,
          "move": 0.0
        },
        {
          "craneId": "C2",
          "craneIndex": 1,
          "liftId": "L17",
          "liftIndex": 16,
          "start": 50.0,
          "finish": 85.37561565065228,
          "travel": 0.37561565065228053,
          "setup": 10.0,
          "duration": 25.0,
          "fromX": 89.90581836737692,
          "fromY": 42.147667792625725,
          "toX": 86.2027222106913,
          "toY": 41.51854892004773,
          "radiusCenterX": 86.2027222106913,
          "radiusCenterY": 41.51854892004773,
          "liftX": 68.4569944422692,
          "liftY": 38.50372786913067,
          "actualLiftRadius": 17.999999999999996,
          "dangerRadius": 23.999999999999996,
          "sameRadius": false,
          "softConflict": 0,
          "hardMask": 0,
          "move": 3.7561565065228053
        },
        {
          "craneId": "C3",
          "craneIndex": 2,
          "liftId": "L4",
          "liftIndex": 3,
          "start": 50.0,
          "finish": 86.87648074898652,
          "travel": 1.8764807489865132,
          "setup": 10.0,
          "duration": 25.0,
          "fromX": 66.5622300542891,
          "fromY": 19.810825287364423,
          "toX": 48.540031717771186,
          "toY": 14.58412774006849,
          "radiusCenterX": 48.540031717771186,
          "radiusCenterY": 14.58412774006849,
          "liftX": 31.252373944967985,
          "liftY": 9.570457554422319,
          "actualLiftRadius": 18.000000000000007,
          "dangerRadius": 24.000000000000007,
          "sameRadius": false,
          "softConflict": 0,
          "hardMask": 0,
          "move": 18.76480748986513
        },
        {
          "craneId": "C1",
          "craneIndex": 0,
          "liftId": "L21",
          "liftIndex": 20,
          "start": 75.0,
          "finish": 100.0,
          "travel": 0.0,
          "setup": 0.0,
          "duration": 25.0,
          "fromX": 31.11770451068878,
          "fromY": 44.930363963358104,
          "toX": 31.11770451068878,
          "toY": 44.930363963358104,
          "radiusCenterX": 31.11770451068878,
          "radiusCenterY": 44.930363963358104,
          "liftX": 24.0555997248739,
          "liftY": 38.961755448020995,
          "actualLiftRadius": 9.246491854491849,
          "dangerRadius": 15.246491854491849,
          "sameRadius": true,
          "softConflict": 0,
          "hardMask": 0,
          "move": 0.0
        },
        {
          "craneId": "C2",
          "craneIndex": 1,
          "liftId": "L14",
          "liftIndex": 13,
          "start": 85.37561565065228,
          "finish": 121.49117525381276,
          "travel": 1.1155596031604837,
          "setup": 10.0,
          "duration": 25.0,
          "fromX": 86.2027222106913,
          "fromY": 41.51854892004773,
          "toX": 77.66652022790292,
          "toY": 48.70051094510726,
          "radiusCenterX": 77.66652022790292,
          "radiusCenterY": 48.70051094510726,
          "liftX": 63.89301720261574,
          "liftY": 60.28889368008822,
          "actualLiftRadius": 18.0,
          "dangerRadius": 24.0,
          "sameRadius": false,
          "softConflict": 0,
          "hardMask": 0,
          "move": 11.155596031604837
        },
        {
          "craneId": "C3",
          "craneIndex": 2,
          "liftId": "L11",
          "liftIndex": 10,
          "start": 86.87648074898652,
          "finish": 111.87648074898652,
          "travel": 0.0,
          "setup": 0.0,
          "duration": 25.0,
          "fromX": 48.540031717771186,
          "fromY": 14.58412774006849,
          "toX": 48.540031717771186,
          "toY": 14.58412774006849,
          "radiusCenterX": 48.540031717771186,
          "radiusCenterY": 14.58412774006849,
          "liftX": 51.30927770026028,
          "liftY": 15.29373546410352,
          "actualLiftRadius": 2.8587176204623943,
          "dangerRadius": 8.858717620462395,
          "sameRadius": true,
          "softConflict": 0,
          "hardMask": 0,
          "move": 0.0
        },
        {
          "craneId": "C1",
          "craneIndex": 0,
          "liftId": "L22",
          "liftIndex": 21,
          "start": 100.0,
          "finish": 125.0,
          "travel": 0.0,
          "setup": 0.0,
          "duration": 25.0,
          "fromX": 31.11770451068878,
          "fromY": 44.930363963358104,
          "toX": 31.11770451068878,
          "toY": 44.930363963358104,
          "radiusCenterX": 31.11770451068878,
          "radiusCenterY": 44.930363963358104,
          "liftX": 39.81682686507702,
          "liftY": 31.567302043549716,
          "actualLiftRadius": 15.945098105977591,
          "dangerRadius": 21.945098105977593,
          "sameRadius": true,
          "softConflict": 0,
          "hardMask": 0,
          "move": 0.0
        },
        {
          "craneId": "C3",
          "craneIndex": 2,
          "liftId": "L23",
          "liftIndex": 22,
          "start": 111.87648074898652,
          "finish": 136.87648074898652,
          "travel": 0.0,
          "setup": 0.0,
          "duration": 25.0,
          "fromX": 48.540031717771186,
          "fromY": 14.58412774006849,
          "toX": 48.540031717771186,
          "toY": 14.58412774006849,
          "radiusCenterX": 48.540031717771186,
          "radiusCenterY": 14.58412774006849,
          "liftX": 55.26374931074679,
          "liftY": 8.151180517859757,
          "actualLiftRadius": 9.305438637367542,
          "dangerRadius": 15.305438637367542,
          "sameRadius": true,
          "softConflict": 0,
          "hardMask": 0,
          "move": 0.0
        },
        {
          "craneId": "C2",
          "craneIndex": 1,
          "liftId": "L13",
          "liftIndex": 12,
          "start": 121.49117525381276,
          "finish": 156.76816507273293,
          "travel": 0.27698981892017,
          "setup": 10.0,
          "duration": 25.0,
          "fromX": 77.66652022790292,
          "fromY": 48.70051094510726,
          "toX": 76.11739319570071,
          "toY": 50.99671246427827,
          "radiusCenterX": 76.11739319570071,
          "radiusCenterY": 50.99671246427827,
          "liftX": 66.0504937376827,
          "liftY": 65.9184260154143,
          "actualLiftRadius": 18.0,
          "dangerRadius": 24.0,
          "sameRadius": false,
          "softConflict": 0,
          "hardMask": 0,
          "move": 2.7698981892017
        },
        {
          "craneId": "C1",
          "craneIndex": 0,
          "liftId": "L5",
          "liftIndex": 4,
          "start": 125.0,
          "finish": 160.354061970129,
          "travel": 0.3540619701290099,
          "setup": 10.0,
          "duration": 25.0,
          "fromX": 31.11770451068878,
          "fromY": 44.930363963358104,
          "toX": 28.253202037674523,
          "toY": 47.01137656573676,
          "radiusCenterX": 28.253202037674523,
          "radiusCenterY": 47.01137656573676,
          "liftX": 13.690484529361129,
          "liftY": 57.590944551862776,
          "actualLiftRadius": 18.0,
          "dangerRadius": 24.0,
          "sameRadius": false,
          "softConflict": 0,
          "hardMask": 0,
          "move": 3.5406197012900993
        },
        {
          "craneId": "C2",
          "craneIndex": 1,
          "liftId": "L10",
          "liftIndex": 9,
          "start": 156.76816507273293,
          "finish": 193.1688407799202,
          "travel": 1.400675707187284,
          "setup": 10.0,
          "duration": 25.0,
          "fromX": 76.11739319570071,
          "fromY": 50.99671246427827,
          "toX": 78.27394887433185,
          "toY": 64.83645636636777,
          "radiusCenterX": 78.27394887433185,
          "radiusCenterY": 64.83645636636777,
          "liftX": 81.0453257188201,
          "liftY": 82.6218287376687,
          "actualLiftRadius": 17.999999999999996,
          "dangerRadius": 23.999999999999996,
          "sameRadius": false,
          "softConflict": 0,
          "hardMask": 0,
          "move": 14.006757071872839
        },
        {
          "craneId": "C1",
          "craneIndex": 0,
          "liftId": "L16",
          "liftIndex": 15,
          "start": 160.354061970129,
          "finish": 196.02735592549976,
          "travel": 0.673293955370764,
          "setup": 10.0,
          "duration": 25.0,
          "fromX": 28.253202037674523,
          "fromY": 47.01137656573676,
          "toX": 25.564340198566534,
          "toY": 40.838654553198886,
          "radiusCenterX": 25.564340198566534,
          "radiusCenterY": 40.838654553198886,
          "liftX": 18.375873301178217,
          "liftY": 24.336353390477598,
          "actualLiftRadius": 18.0,
          "dangerRadius": 24.0,
          "sameRadius": false,
          "softConflict": 0,
          "hardMask": 0,
          "move": 6.73293955370764
        },
        {
          "craneId": "C2",
          "craneIndex": 1,
          "liftId": "L3",
          "liftIndex": 2,
          "start": 193.1688407799202,
          "finish": 228.98677650474124,
          "travel": 0.8179357248210403,
          "setup": 10.0,
          "duration": 25.0,
          "fromX": 78.27394887433185,
          "fromY": 64.83645636636777,
          "toX": 72.6686686688887,
          "toY": 70.79319362868841,
          "radiusCenterX": 72.6686686688887,
          "radiusCenterY": 70.79319362868841,
          "liftX": 60.33334198780358,
          "liftY": 83.90195847023278,
          "actualLiftRadius": 18.000000000000007,
          "dangerRadius": 24.000000000000007,
          "sameRadius": false,
          "softConflict": 0,
          "hardMask": 0,
          "move": 8.179357248210403
        },
        {
          "craneId": "C1",
          "craneIndex": 0,
          "liftId": "L20",
          "liftIndex": 19,
          "start": 196.02735592549976,
          "finish": 232.1007966329724,
          "travel": 1.0734407074726364,
          "setup": 10.0,
          "duration": 25.0,
          "fromX": 25.564340198566534,
          "fromY": 40.838654553198886,
          "toX": 21.493405189247436,
          "toY": 30.90613305078896,
          "radiusCenterX": 21.493405189247436,
          "radiusCenterY": 30.90613305078896,
          "liftX": 14.66705421730876,
          "liftY": 14.250775582157075,
          "actualLiftRadius": 18.0,
          "dangerRadius": 24.0,
          "sameRadius": false,
          "softConflict": 0,
          "hardMask": 0,
          "move": 10.734407074726365
        },
        {
          "craneId": "C2",
          "craneIndex": 1,
          "liftId": "L18",
          "liftIndex": 17,
          "start": 228.98677650474124,
          "finish": 267.17079427733756,
          "travel": 3.1840177725963565,
          "setup": 10.0,
          "duration": 25.0,
          "fromX": 72.6686686688887,
          "fromY": 70.79319362868841,
          "toX": 42.51030530515766,
          "toY": 81.00446371825669,
          "radiusCenterX": 42.51030530515766,
          "radiusCenterY": 81.00446371825669,
          "liftX": 25.461074449121952,
          "liftY": 86.77713443618268,
          "actualLiftRadius": 18.000000000000004,
          "dangerRadius": 24.000000000000004,
          "sameRadius": false,
          "softConflict": 0,
          "hardMask": 0,
          "move": 31.840177725963564
        },
        {
          "craneId": "C1",
          "craneIndex": 0,
          "liftId": "L19",
          "liftIndex": 18,
          "start": 232.1007966329724,
          "finish": 267.3846400092176,
          "travel": 0.2838433762452476,
          "setup": 10.0,
          "duration": 25.0,
          "fromX": 21.493405189247436,
          "fromY": 30.90613305078896,
          "toX": 20.953148465389436,
          "toY": 28.119588793800325,
          "radiusCenterX": 20.953148465389436,
          "radiusCenterY": 28.119588793800325,
          "liftX": 17.52709669061005,
          "liftY": 10.448647414334118,
          "actualLiftRadius": 18.0,
          "dangerRadius": 24.0,
          "sameRadius": false,
          "softConflict": 0,
          "hardMask": 0,
          "move": 2.838433762452476
        },
        {
          "craneId": "C2",
          "craneIndex": 1,
          "liftId": "L6",
          "liftIndex": 5,
          "start": 267.17079427733756,
          "finish": 302.3496364525666,
          "travel": 0.17884217522900112,
          "setup": 10.0,
          "duration": 25.0,
          "fromX": 42.51030530515766,
          "fromY": 81.00446371825669,
          "toX": 40.729838150401704,
          "toY": 80.83597314018387,
          "radiusCenterX": 40.729838150401704,
          "radiusCenterY": 80.83597314018387,
          "liftX": 22.809899106621742,
          "liftY": 79.14015927445143,
          "actualLiftRadius": 17.999999999999996,
          "dangerRadius": 23.999999999999996,
          "sameRadius": false,
          "softConflict": 0,
          "hardMask": 0,
          "move": 1.7884217522900112
        },
        {
          "craneId": "C2",
          "craneIndex": 1,
          "liftId": "L15",
          "liftIndex": 14,
          "start": 302.3496364525666,
          "finish": 337.7951907354543,
          "travel": 0.44555428288771715,
          "setup": 10.0,
          "duration": 25.0,
          "fromX": 40.729838150401704,
          "fromY": 80.83597314018387,
          "toX": 36.335459734334954,
          "toY": 80.10024205047414,
          "radiusCenterX": 36.335459734334954,
          "radiusCenterY": 80.10024205047414,
          "liftX": 18.582558566704392,
          "liftY": 77.12795334775001,
          "actualLiftRadius": 18.0,
          "dangerRadius": 24.0,
          "sameRadius": false,
          "softConflict": 0,
          "hardMask": 0,
          "move": 4.455542828877172
        }
      ],
      "cranes": [
        {
          "id": "C1",
          "x": 31.11770451068878,
          "y": 44.930363963358104,
          "setup_x": 20.953148465389436,
          "setup_y": 28.119588793800325,
          "available": 267.3846400092176,
          "jobs": 9
        },
        {
          "id": "C2",
          "x": 89.90581836737692,
          "y": 42.147667792625725,
          "setup_x": 36.335459734334954,
          "setup_y": 80.10024205047414,
          "available": 337.7951907354543,
          "jobs": 10
        },
        {
          "id": "C3",
          "x": 66.5622300542891,
          "y": 19.810825287364423,
          "setup_x": 48.540031717771186,
          "setup_y": 14.58412774006849,
          "available": 136.87648074898652,
          "jobs": 5
        }
      ]
    }
  },
  "modelPath": "python_mappo/outputs_sensitivity_step6/K5_pMovem0p05_pTimem0p1_pSoftm3p0/pytorch_mappo_model.pt"
}
ep=6/60 makespan=331.5 reward=246.7 best=259.207 seenBest=333.3388 updates=24
ep=12/60 makespan=266.3 reward=242.4 best=259.207 seenBest=333.3388 updates=48
ep=18/60 makespan=287.9 reward=263.6 best=259.207 seenBest=333.3388 updates=72
ep=24/60 makespan=293.1 reward=285.0 best=259.207 seenBest=333.3388 updates=96
ep=30/60 makespan=317.8 reward=256.2 best=259.207 seenBest=333.3388 updates=120
ep=36/60 makespan=428.8 reward=265.2 best=259.207 seenBest=328.5648 updates=144
ep=42/60 makespan=268.7 reward=252.1 best=259.207 seenBest=328.5648 updates=168
ep=48/60 makespan=293.4 reward=276.4 best=259.207 seenBest=328.5648 updates=192
ep=54/60 makespan=453.7 reward=272.0 best=259.207 seenBest=328.5648 updates=216
ep=60/60 makespan=300.7 reward=267.7 best=259.207 seenBest=328.5648 updates=240
{
  "config": {
    "num_cranes": 3,
    "num_lifts": 24,
    "fixed_duration": 25.0,
    "setup_time": 10.0,
    "crane_radius": 18.0,
    "candidate_k": 6,
    "max_steps": 220,
    "base_seed": 101,
    "seed_runs": 10,
    "train_episodes": 150,
    "seen_seed_start": 101,
    "seen_seed_count": 10,
    "unseen_seed_start": 201,
    "unseen_seed_count": 30,
    "reward": {
      "r_single": 10.0,
      "r_all": 100.0,
      "r_same": 3.0,
      "p_idle": -0.5,
      "p_inter_soft": -3.0,
      "p_time": -0.1,
      "p_move": -0.02,
      "soft_buffer": 6.0
    },
    "mappo": {
      "gamma": 0.92,
      "gae_lambda": 0.95,
      "actor_lr": 0.001,
      "critic_lr": 0.002,
      "clip_eps": 0.2,
      "entropy_coef": 0.01,
      "value_coef": 0.5,
      "max_grad_norm": 0.5,
      "update_epochs": 4,
      "minibatch_size": 256,
      "hidden_dim": 96,
      "eps_start": 0.35,
      "eps_end": 0.05
    }
  },
  "elapsedSec": 34.069703578948975,
  "trainEpisodes": 60,
  "trainSummary": {
    "best": {
      "ep": 4,
      "seed": 104,
      "makespan": 259.207,
      "done": 24,
      "total": 24,
      "reward": 255.34531259536743,
      "soft": 14,
      "hardExecuted": 0,
      "hardMask": 12,
      "move": 138.48961579836873,
      "travel": 13.848961579836875,
      "setup": 120.0
    },
    "bestCheckpointSeen": {
      "n": 10,
      "completeRate": 100.0,
      "makespan": 328.5648,
      "makespanSd": 65.36534784394557,
      "reward": 275.0058119535446,
      "soft": 6.5,
      "hardExecuted": 0.0,
      "hardMask": 18.2,
      "travel": 15.647277886431178,
      "setup": 122.0,
      "move": 156.4727788643118,
      "actualLiftRadius": 14.957151573623232,
      "actualDangerRadius": 20.957151573623232,
      "ep": 36
    },
    "first10": {
      "n": 10,
      "completeRate": 100.0,
      "makespan": 327.7794,
      "makespanSd": 43.395770826660055,
      "reward": 253.80824754238128,
      "soft": 9.1,
      "hardExecuted": 0.0,
      "hardMask": 15.5,
      "travel": 22.13915325628336,
      "setup": 151.0,
      "move": 221.39153256283367,
      "actualLiftRadius": 0.0,
      "actualDangerRadius": 0.0
    },
    "last20": {
      "n": 20,
      "completeRate": 100.0,
      "makespan": 329.69674999999995,
      "makespanSd": 50.97778356095427,
      "reward": 265.2954871058464,
      "soft": 6.4,
      "hardExecuted": 0.0,
      "hardMask": 13.45,
      "travel": 21.76503635714677,
      "setup": 143.0,
      "move": 217.65036357146764,
      "actualLiftRadius": 0.0,
      "actualDangerRadius": 0.0
    },
    "modelStats": {
      "updates": 144,
      "actorShareMode": "typeShared",
      "craneType": "50톤 모바일 크레인",
      "actorDim": 17,
      "criticDim": 14
    }
  },
  "learningCurve": [
    {
      "ep": 1,
      "seed": 101,
      "makespan": 354.676,
      "done": 24,
      "total": 24,
      "reward": 267.66905784606934,
      "soft": 4,
      "hardExecuted": 0,
      "hardMask": 19,
      "move": 211.03103285718336,
      "travel": 21.103103285718337,
      "setup": 150.0
    },
    {
      "ep": 2,
      "seed": 102,
      "makespan": 278.417,
      "done": 24,
      "total": 24,
      "reward": 248.6495771408081,
      "soft": 9,
      "hardExecuted": 0,
      "hardMask": 2,
      "move": 245.01385025194236,
      "travel": 24.501385025194228,
      "setup": 170.0
    },
    {
      "ep": 3,
      "seed": 103,
      "makespan": 328.383,
      "done": 24,
      "total": 24,
      "reward": 246.08871793746948,
      "soft": 9,
      "hardExecuted": 0,
      "hardMask": 20,
      "move": 347.04276073164317,
      "travel": 34.70427607316432,
      "setup": 160.0
    },
    {
      "ep": 4,
      "seed": 104,
      "makespan": 259.207,
      "done": 24,
      "total": 24,
      "reward": 255.34531259536743,
      "soft": 14,
      "hardExecuted": 0,
      "hardMask": 12,
      "move": 138.48961579836873,
      "travel": 13.848961579836875,
      "setup": 120.0
    },
    {
      "ep": 5,
      "seed": 105,
      "makespan": 326.15,
      "done": 24,
      "total": 24,
      "reward": 262.3603012561798,
      "soft": 6,
      "hardExecuted": 0,
      "hardMask": 9,
      "move": 154.65640278535957,
      "travel": 15.465640278535957,
      "setup": 160.0
    },
    {
      "ep": 6,
      "seed": 106,
      "makespan": 331.544,
      "done": 24,
      "total": 24,
      "reward": 246.69449996948242,
      "soft": 10,
      "hardExecuted": 0,
      "hardMask": 6,
      "move": 276.8498795746853,
      "travel": 27.684987957468532,
      "setup": 160.0
    },
    {
      "ep": 7,
      "seed": 107,
      "makespan": 401.447,
      "done": 24,
      "total": 24,
      "reward": 249.35598134994507,
      "soft": 12,
      "hardExecuted": 0,
      "hardMask": 47,
      "move": 104.80015744226617,
      "travel": 10.48001574422662,
      "setup": 140.0
    },
    {
      "ep": 8,
      "seed": 108,
      "makespan": 345.396,
      "done": 24,
      "total": 24,
      "reward": 259.24098682403564,
      "soft": 7,
      "hardExecuted": 0,
      "hardMask": 14,
      "move": 258.63349730867907,
      "travel": 25.863349730867913,
      "setup": 150.0
    },
    {
      "ep": 9,
      "seed": 109,
      "makespan": 377.33,
      "done": 24,
      "total": 24,
      "reward": 240.56492280960083,
      "soft": 13,
      "hardExecuted": 0,
      "hardMask": 19,
      "move": 264.502421611323,
      "travel": 26.450242161132294,
      "setup": 150.0
    },
    {
      "ep": 10,
      "seed": 110,
      "makespan": 275.244,
      "done": 24,
      "total": 24,
      "reward": 262.11311769485474,
      "soft": 7,
      "hardExecuted": 0,
      "hardMask": 7,
      "move": 212.89570726688572,
      "travel": 21.28957072668857,
      "setup": 150.0
    },
    {
      "ep": 11,
      "seed": 101,
      "makespan": 312.708,
      "done": 24,
      "total": 24,
      "reward": 269.73240089416504,
      "soft": 4,
      "hardExecuted": 0,
      "hardMask": 12,
      "move": 192.25331433475054,
      "travel": 19.225331433475052,
      "setup": 150.0
    },
    {
      "ep": 12,
      "seed": 102,
      "makespan": 266.254,
      "done": 24,
      "total": 24,
      "reward": 242.39588499069214,
      "soft": 13,
      "hardExecuted": 0,
      "hardMask": 4,
      "move": 320.1371561539931,
      "travel": 32.01371561539931,
      "setup": 150.0
    },
    {
      "ep": 13,
      "seed": 103,
      "makespan": 299.992,
      "done": 24,
      "total": 24,
      "reward": 256.8387408256531,
      "soft": 10,
      "hardExecuted": 0,
      "hardMask": 8,
      "move": 205.3753353059107,
      "travel": 20.53753353059107,
      "setup": 140.0
    },
    {
      "ep": 14,
      "seed": 104,
      "makespan": 455.37,
      "done": 24,
      "total": 24,
      "reward": 268.4791808128357,
      "soft": 7,
      "hardExecuted": 0,
      "hardMask": 31,
      "move": 234.02710393907643,
      "travel": 23.402710393907643,
      "setup": 120.0
    },
    {
      "ep": 15,
      "seed": 105,
      "makespan": 301.324,
      "done": 24,
      "total": 24,
      "reward": 254.60544109344482,
      "soft": 8,
      "hardExecuted": 0,
      "hardMask": 6,
      "move": 129.8186962055459,
      "travel": 12.98186962055459,
      "setup": 170.0
    },
    {
      "ep": 16,
      "seed": 106,
      "makespan": 447.118,
      "done": 24,
      "total": 24,
      "reward": 254.68462705612183,
      "soft": 2,
      "hardExecuted": 0,
      "hardMask": 29,
      "move": 343.8456070165895,
      "travel": 34.38456070165895,
      "setup": 180.0
    },
    {
      "ep": 17,
      "seed": 107,
      "makespan": 397.773,
      "done": 24,
      "total": 24,
      "reward": 232.63617944717407,
      "soft": 12,
      "hardExecuted": 0,
      "hardMask": 26,
      "move": 178.793671502678,
      "travel": 17.8793671502678,
      "setup": 180.0
    },
    {
      "ep": 18,
      "seed": 108,
      "makespan": 287.877,
      "done": 24,
      "total": 24,
      "reward": 263.5696339607239,
      "soft": 7,
      "hardExecuted": 0,
      "hardMask": 14,
      "move": 164.34515574007787,
      "travel": 16.434515574007783,
      "setup": 150.0
    },
    {
      "ep": 19,
      "seed": 109,
      "makespan": 427.806,
      "done": 24,
      "total": 24,
      "reward": 247.85033416748047,
      "soft": 6,
      "hardExecuted": 0,
      "hardMask": 33,
      "move": 221.65539237111247,
      "travel": 22.165539237111247,
      "setup": 180.0
    },
    {
      "ep": 20,
      "seed": 110,
      "makespan": 311.976,
      "done": 24,
      "total": 24,
      "reward": 268.0996718406677,
      "soft": 4,
      "hardExecuted": 0,
      "hardMask": 9,
      "move": 263.34441184057954,
      "travel": 26.334441184057955,
      "setup": 150.0
    },
    {
      "ep": 21,
      "seed": 101,
      "makespan": 398.54,
      "done": 24,
      "total": 24,
      "reward": 265.69728660583496,
      "soft": 2,
      "hardExecuted": 0,
      "hardMask": 16,
      "move": 226.7571260790472,
      "travel": 22.67571260790472,
      "setup": 170.0
    },
    {
      "ep": 22,
      "seed": 102,
      "makespan": 338.919,
      "done": 24,
      "total": 24,
      "reward": 244.596040725708,
      "soft": 8,
      "hardExecuted": 0,
      "hardMask": 17,
      "move": 363.46536026828414,
      "travel": 36.34653602682841,
      "setup": 170.0
    },
    {
      "ep": 23,
      "seed": 103,
      "makespan": 423.572,
      "done": 24,
      "total": 24,
      "reward": 241.70929193496704,
      "soft": 5,
      "hardExecuted": 0,
      "hardMask": 21,
      "move": 309.6899806321543,
      "travel": 30.968998063215427,
      "setup": 200.0
    },
    {
      "ep": 24,
      "seed": 104,
      "makespan": 293.079,
      "done": 24,
      "total": 24,
      "reward": 285.0424542427063,
      "soft": 5,
      "hardExecuted": 0,
      "hardMask": 4,
      "move": 215.2515207934244,
      "travel": 21.525152079342433,
      "setup": 110.0
    },
    {
      "ep": 25,
      "seed": 105,
      "makespan": 373.014,
      "done": 24,
      "total": 24,
      "reward": 246.1485641002655,
      "soft": 11,
      "hardExecuted": 0,
      "hardMask": 16,
      "move": 145.04761945157793,
      "travel": 14.504761945157792,
      "setup": 160.0
    },
    {
      "ep": 26,
      "seed": 106,
      "makespan": 269.762,
      "done": 24,
      "total": 24,
      "reward": 266.10685539245605,
      "soft": 10,
      "hardExecuted": 0,
      "hardMask": 9,
      "move": 213.10485799546896,
      "travel": 21.310485799546896,
      "setup": 120.0
    },
    {
      "ep": 27,
      "seed": 107,
      "makespan": 315.196,
      "done": 24,
      "total": 24,
      "reward": 271.09352111816406,
      "soft": 6,
      "hardExecuted": 0,
      "hardMask": 17,
      "move": 130.21592708510912,
      "travel": 13.021592708510909,
      "setup": 140.0
    },
    {
      "ep": 28,
      "seed": 108,
      "makespan": 391.82,
      "done": 24,
      "total": 24,
      "reward": 263.09544372558594,
      "soft": 4,
      "hardExecuted": 0,
      "hardMask": 16,
      "move": 330.1516417761029,
      "travel": 33.015164177610295,
      "setup": 150.0
    },
    {
      "ep": 29,
      "seed": 109,
      "makespan": 362.889,
      "done": 24,
      "total": 24,
      "reward": 240.94158220291138,
      "soft": 11,
      "hardExecuted": 0,
      "hardMask": 15,
      "move": 235.2805026121111,
      "travel": 23.52805026121111,
      "setup": 170.0
    },
    {
      "ep": 30,
      "seed": 110,
      "makespan": 317.763,
      "done": 24,
      "total": 24,
      "reward": 256.21865797042847,
      "soft": 7,
      "hardExecuted": 0,
      "hardMask": 14,
      "move": 209.37799758214132,
      "travel": 20.937799758214133,
      "setup": 160.0
    },
    {
      "ep": 31,
      "seed": 101,
      "makespan": 261.747,
      "done": 24,
      "total": 24,
      "reward": 267.598352432251,
      "soft": 13,
      "hardExecuted": 0,
      "hardMask": 4,
      "move": 130.05486622130488,
      "travel": 13.005486622130485,
      "setup": 100.0
    },
    {
      "ep": 32,
      "seed": 102,
      "makespan": 377.687,
      "done": 24,
      "total": 24,
      "reward": 259.6405153274536,
      "soft": 6,
      "hardExecuted": 0,
      "hardMask": 22,
      "move": 295.3159902954281,
      "travel": 29.53159902954281,
      "setup": 150.0
    },
    {
      "ep": 33,
      "seed": 103,
      "makespan": 313.328,
      "done": 24,
      "total": 24,
      "reward": 262.8292803764343,
      "soft": 4,
      "hardExecuted": 0,
      "hardMask": 3,
      "move": 255.6907503533545,
      "travel": 25.569075035335445,
      "setup": 170.0
    },
    {
      "ep": 34,
      "seed": 104,
      "makespan": 301.986,
      "done": 24,
      "total": 24,
      "reward": 272.18758392333984,
      "soft": 9,
      "hardExecuted": 0,
      "hardMask": 14,
      "move": 210.4139147362871,
      "travel": 21.041391473628707,
      "setup": 110.0
    },
    {
      "ep": 35,
      "seed": 105,
      "makespan": 295.292,
      "done": 24,
      "total": 24,
      "reward": 292.67627573013306,
      "soft": 4,
      "hardExecuted": 0,
      "hardMask": 9,
      "move": 144.12398725562855,
      "travel": 14.412398725562852,
      "setup": 100.0
    },
    {
      "ep": 36,
      "seed": 106,
      "makespan": 428.806,
      "done": 24,
      "total": 24,
      "reward": 265.1771149635315,
      "soft": 1,
      "hardExecuted": 0,
      "hardMask": 33,
      "move": 227.4294517837944,
      "travel": 22.74294517837944,
      "setup": 170.0
    },
    {
      "ep": 37,
      "seed": 107,
      "makespan": 402.149,
      "done": 24,
      "total": 24,
      "reward": 227.67184686660767,
      "soft": 14,
      "hardExecuted": 0,
      "hardMask": 16,
      "move": 277.60480196035996,
      "travel": 27.760480196036003,
      "setup": 170.0
    },
    {
      "ep": 38,
      "seed": 108,
      "makespan": 303.652,
      "done": 24,
      "total": 24,
      "reward": 276.4761905670166,
      "soft": 2,
      "hardExecuted": 0,
      "hardMask": 8,
      "move": 217.4599519224832,
      "travel": 21.74599519224832,
      "setup": 150.0
    },
    {
      "ep": 39,
      "seed": 109,
      "makespan": 304.451,
      "done": 24,
      "total": 24,
      "reward": 262.11793851852417,
      "soft": 8,
      "hardExecuted": 0,
      "hardMask": 9,
      "move": 229.4019128959915,
      "travel": 22.94019128959915,
      "setup": 140.0
    },
    {
      "ep": 40,
      "seed": 110,
      "makespan": 268.504,
      "done": 24,
      "total": 24,
      "reward": 269.2275514602661,
      "soft": 4,
      "hardExecuted": 0,
      "hardMask": 3,
      "move": 225.7478645443957,
      "travel": 22.57478645443958,
      "setup": 160.0
    },
    {
      "ep": 41,
      "seed": 101,
      "makespan": 304.745,
      "done": 24,
      "total": 24,
      "reward": 260.38679456710815,
      "soft": 6,
      "hardExecuted": 0,
      "hardMask": 9,
      "move": 220.44004955016365,
      "travel": 22.044004955016366,
      "setup": 160.0
    },
    {
      "ep": 42,
      "seed": 102,
      "makespan": 268.71,
      "done": 24,
      "total": 24,
      "reward": 252.12324905395508,
      "soft": 10,
      "hardExecuted": 0,
      "hardMask": 9,
      "move": 162.5583738741258,
      "travel": 16.255837387412587,
      "setup": 160.0
    },
    {
      "ep": 43,
      "seed": 103,
      "makespan": 426.852,
      "done": 24,
      "total": 24,
      "reward": 276.63026332855225,
      "soft": 4,
      "hardExecuted": 0,
      "hardMask": 41,
      "move": 162.32451453044763,
      "travel": 16.232451453044767,
      "setup": 120.0
    },
    {
      "ep": 44,
      "seed": 104,
      "makespan": 327.283,
      "done": 24,
      "total": 24,
      "reward": 264.67321252822876,
      "soft": 9,
      "hardExecuted": 0,
      "hardMask": 16,
      "move": 260.89283325748784,
      "travel": 26.08928332574878,
      "setup": 120.0
    },
    {
      "ep": 45,
      "seed": 105,
      "makespan": 364.115,
      "done": 24,
      "total": 24,
      "reward": 255.07045602798462,
      "soft": 8,
      "hardExecuted": 0,
      "hardMask": 12,
      "move": 197.65147196854576,
      "travel": 19.765147196854578,
      "setup": 160.0
    },
    {
      "ep": 46,
      "seed": 106,
      "makespan": 347.506,
      "done": 24,
      "total": 24,
      "reward": 234.931321144104,
      "soft": 10,
      "hardExecuted": 0,
      "hardMask": 14,
      "move": 352.28931606515073,
      "travel": 35.22893160651507,
      "setup": 180.0
    },
    {
      "ep": 47,
      "seed": 107,
      "makespan": 352.995,
      "done": 24,
      "total": 24,
      "reward": 254.90113878250122,
      "soft": 8,
      "hardExecuted": 0,
      "hardMask": 17,
      "move": 153.2953687627408,
      "travel": 15.329536876274078,
      "setup": 160.0
    },
    {
      "ep": 48,
      "seed": 108,
      "makespan": 293.351,
      "done": 24,
      "total": 24,
      "reward": 276.37982177734375,
      "soft": 5,
      "hardExecuted": 0,
      "hardMask": 6,
      "move": 187.33908939203204,
      "travel": 18.73390893920321,
      "setup": 130.0
    },
    {
      "ep": 49,
      "seed": 109,
      "makespan": 354.386,
      "done": 24,
      "total": 24,
      "reward": 278.31357860565186,
      "soft": 3,
      "hardExecuted": 0,
      "hardMask": 20,
      "move": 222.88067686337956,
      "travel": 22.288067686337957,
      "setup": 130.0
    },
    {
      "ep": 50,
      "seed": 110,
      "makespan": 289.049,
      "done": 24,
      "total": 24,
      "reward": 271.2972309589386,
      "soft": 7,
      "hardExecuted": 0,
      "hardMask": 10,
      "move": 156.75896475448295,
      "travel": 15.675896475448294,
      "setup": 130.0
    },
    {
      "ep": 51,
      "seed": 101,
      "makespan": 302.738,
      "done": 24,
      "total": 24,
      "reward": 274.6580066680908,
      "soft": 6,
      "hardExecuted": 0,
      "hardMask": 13,
      "move": 278.0665358272417,
      "travel": 27.806653582724174,
      "setup": 120.0
    },
    {
      "ep": 52,
      "seed": 102,
      "makespan": 272.245,
      "done": 24,
      "total": 24,
      "reward": 270.16563749313354,
      "soft": 7,
      "hardExecuted": 0,
      "hardMask": 9,
      "move": 211.14541455499332,
      "travel": 21.11454145549933,
      "setup": 130.0
    },
    {
      "ep": 53,
      "seed": 103,
      "makespan": 311.572,
      "done": 24,
      "total": 24,
      "reward": 253.94894981384277,
      "soft": 8,
      "hardExecuted": 0,
      "hardMask": 10,
      "move": 251.70151390166,
      "travel": 25.17015139016601,
      "setup": 160.0
    },
    {
      "ep": 54,
      "seed": 104,
      "makespan": 453.651,
      "done": 24,
      "total": 24,
      "reward": 271.9667992591858,
      "soft": 4,
      "hardExecuted": 0,
      "hardMask": 24,
      "move": 284.4397468315308,
      "travel": 28.44397468315308,
      "setup": 130.0
    },
    {
      "ep": 55,
      "seed": 105,
      "makespan": 315.941,
      "done": 24,
      "total": 24,
      "reward": 266.5333948135376,
      "soft": 5,
      "hardExecuted": 0,
      "hardMask": 4,
      "move": 165.5534195689527,
      "travel": 16.55534195689527,
      "setup": 160.0
    },
    {
      "ep": 56,
      "seed": 106,
      "makespan": 324.11,
      "done": 24,
      "total": 24,
      "reward": 279.559193611145,
      "soft": 3,
      "hardExecuted": 0,
      "hardMask": 5,
      "move": 281.36024699104803,
      "travel": 28.13602469910481,
      "setup": 130.0
    },
    {
      "ep": 57,
      "seed": 107,
      "makespan": 416.367,
      "done": 24,
      "total": 24,
      "reward": 288.6252980232239,
      "soft": 1,
      "hardExecuted": 0,
      "hardMask": 28,
      "move": 162.4901235594637,
      "travel": 16.24901235594637,
      "setup": 120.0
    },
    {
      "ep": 58,
      "seed": 108,
      "makespan": 278.589,
      "done": 24,
      "total": 24,
      "reward": 267.33228397369385,
      "soft": 5,
      "hardExecuted": 0,
      "hardMask": 3,
      "move": 272.25679606746087,
      "travel": 27.22567960674609,
      "setup": 150.0
    },
    {
      "ep": 59,
      "seed": 109,
      "makespan": 288.99,
      "done": 24,
      "total": 24,
      "reward": 240.66488361358643,
      "soft": 12,
      "hardExecuted": 0,
      "hardMask": 9,
      "move": 211.17044070109142,
      "travel": 21.117044070109145,
      "setup": 170.0
    },
    {
      "ep": 60,
      "seed": 110,
      "makespan": 300.74,
      "done": 24,
      "total": 24,
      "reward": 267.7482280731201,
      "soft": 7,
      "hardExecuted": 0,
      "hardMask": 10,
      "move": 158.39237440735354,
      "travel": 15.839237440735355,
      "setup": 140.0
    }
  ],
  "seen": {
    "mappo": {
      "n": 10,
      "completeRate": 100.0,
      "makespan": 328.5648,
      "makespanSd": 65.36534784394557,
      "reward": 275.0058119535446,
      "soft": 6.5,
      "hardExecuted": 0.0,
      "hardMask": 18.2,
      "travel": 15.647277886431178,
      "setup": 122.0,
      "move": 156.4727788643118,
      "actualLiftRadius": 14.957151573623232,
      "actualDangerRadius": 20.957151573623232
    },
    "nearest": {
      "n": 10,
      "completeRate": 100.0,
      "makespan": 344.4566,
      "makespanSd": 46.20154817579168,
      "reward": 272.2733203411102,
      "soft": 4.7,
      "hardExecuted": 0.0,
      "hardMask": 12.7,
      "travel": 15.588921697655689,
      "setup": 143.0,
      "move": 155.88921697655687,
      "actualLiftRadius": 15.309356112985046,
      "actualDangerRadius": 21.309356112985046
    },
    "radiusPriority": {
      "n": 10,
      "completeRate": 100.0,
      "makespan": 344.4566,
      "makespanSd": 46.20154817579168,
      "reward": 272.2733203411102,
      "soft": 4.7,
      "hardExecuted": 0.0,
      "hardMask": 12.7,
      "travel": 15.588921697655689,
      "setup": 143.0,
      "move": 155.88921697655687,
      "actualLiftRadius": 15.309356112985046,
      "actualDangerRadius": 21.309356112985046
    },
    "random": {
      "n": 10,
      "completeRate": 100.0,
      "makespan": 362.6606,
      "makespanSd": 67.4747522043616,
      "reward": 261.3880591392517,
      "soft": 6.6,
      "hardExecuted": 0.0,
      "hardMask": 21.2,
      "travel": 25.539791421913684,
      "setup": 146.0,
      "move": 255.39791421913688,
      "actualLiftRadius": 15.537194004058104,
      "actualDangerRadius": 21.537194004058104
    }
  },
  "unseen": {
    "mappo": {
      "n": 30,
      "completeRate": 100.0,
      "makespan": 351.66010000000006,
      "makespanSd": 74.37433957145434,
      "reward": 274.15967213312786,
      "soft": 5.933333333333334,
      "hardExecuted": 0.0,
      "hardMask": 17.666666666666668,
      "travel": 14.3566294305572,
      "setup": 127.33333333333333,
      "move": 143.56629430557197,
      "actualLiftRadius": 15.253387305777755,
      "actualDangerRadius": 21.253387305777757
    },
    "nearest": {
      "n": 30,
      "completeRate": 100.0,
      "makespan": 341.2619333333333,
      "makespanSd": 67.85734274487585,
      "reward": 271.86511113643644,
      "soft": 5.033333333333333,
      "hardExecuted": 0.0,
      "hardMask": 13.466666666666667,
      "travel": 13.060723823451644,
      "setup": 143.66666666666666,
      "move": 130.60723823451642,
      "actualLiftRadius": 15.27057295469546,
      "actualDangerRadius": 21.270572954695453
    },
    "radiusPriority": {
      "n": 30,
      "completeRate": 100.0,
      "makespan": 341.2619333333333,
      "makespanSd": 67.85734274487585,
      "reward": 271.86511113643644,
      "soft": 5.033333333333333,
      "hardExecuted": 0.0,
      "hardMask": 13.466666666666667,
      "travel": 13.060723823451644,
      "setup": 143.66666666666666,
      "move": 130.60723823451642,
      "actualLiftRadius": 15.27057295469546,
      "actualDangerRadius": 21.270572954695453
    },
    "random": {
      "n": 30,
      "completeRate": 100.0,
      "makespan": 349.1667333333333,
      "makespanSd": 62.670607702459336,
      "reward": 266.34494578440984,
      "soft": 6.066666666666666,
      "hardExecuted": 0.0,
      "hardMask": 17.966666666666665,
      "travel": 19.68350413341528,
      "setup": 142.66666666666666,
      "move": 196.83504133415283,
      "actualLiftRadius": 15.288234962882486,
      "actualDangerRadius": 21.288234962882488
    }
  },
  "representative": {
    "mappo": {
      "done": 24,
      "total": 24,
      "makespan": 257.499,
      "reward": 297.16158866882324,
      "softInter": 2,
      "hardExecuted": 0,
      "hardMask": 5,
      "hardInter": 5,
      "travelTotal": 12.794664919767143,
      "setupTotal": 110.0,
      "moveTotal": 127.94664919767145,
      "actualLiftRadiusAvg": 14.539958867841328,
      "actualDangerRadiusAvg": 20.539958867841328,
      "events": [
        {
          "craneId": "C1",
          "craneIndex": 0,
          "liftId": "L9",
          "liftIndex": 8,
          "start": 0.0,
          "finish": 25.0,
          "travel": 0.0,
          "setup": 0.0,
          "duration": 25.0,
          "fromX": 31.11770451068878,
          "fromY": 44.930363963358104,
          "toX": 31.11770451068878,
          "toY": 44.930363963358104,
          "radiusCenterX": 31.11770451068878,
          "radiusCenterY": 44.930363963358104,
          "liftX": 15.880401505157351,
          "liftY": 49.14508175943047,
          "actualLiftRadius": 15.809467068276092,
          "dangerRadius": 21.809467068276092,
          "sameRadius": true,
          "softConflict": 0,
          "hardMask": 0,
          "move": 0.0
        },
        {
          "craneId": "C2",
          "craneIndex": 1,
          "liftId": "L2",
          "liftIndex": 1,
          "start": 0.0,
          "finish": 25.0,
          "travel": 0.0,
          "setup": 0.0,
          "duration": 25.0,
          "fromX": 89.90581836737692,
          "fromY": 42.147667792625725,
          "toX": 89.90581836737692,
          "toY": 42.147667792625725,
          "radiusCenterX": 89.90581836737692,
          "radiusCenterY": 42.147667792625725,
          "liftX": 82.5925524905324,
          "liftY": 40.26401315908879,
          "actualLiftRadius": 7.551954221515361,
          "dangerRadius": 13.551954221515361,
          "sameRadius": true,
          "softConflict": 0,
          "hardMask": 0,
          "move": 0.0
        },
        {
          "craneId": "C3",
          "craneIndex": 2,
          "liftId": "L11",
          "liftIndex": 10,
          "start": 0.0,
          "finish": 25.0,
          "travel": 0.0,
          "setup": 0.0,
          "duration": 25.0,
          "fromX": 66.5622300542891,
          "fromY": 19.810825287364423,
          "toX": 66.5622300542891,
          "toY": 19.810825287364423,
          "radiusCenterX": 66.5622300542891,
          "radiusCenterY": 19.810825287364423,
          "liftX": 51.30927770026028,
          "liftY": 15.29373546410352,
          "actualLiftRadius": 15.907754586543023,
          "dangerRadius": 21.90775458654302,
          "sameRadius": true,
          "softConflict": 0,
          "hardMask": 0,
          "move": 0.0
        },
        {
          "craneId": "C1",
          "craneIndex": 0,
          "liftId": "L22",
          "liftIndex": 21,
          "start": 25.0,
          "finish": 50.0,
          "travel": 0.0,
          "setup": 0.0,
          "duration": 25.0,
          "fromX": 31.11770451068878,
          "fromY": 44.930363963358104,
          "toX": 31.11770451068878,
          "toY": 44.930363963358104,
          "radiusCenterX": 31.11770451068878,
          "radiusCenterY": 44.930363963358104,
          "liftX": 39.81682686507702,
          "liftY": 31.567302043549716,
          "actualLiftRadius": 15.945098105977591,
          "dangerRadius": 21.945098105977593,
          "sameRadius": true,
          "softConflict": 0,
          "hardMask": 0,
          "move": 0.0
        },
        {
          "craneId": "C2",
          "craneIndex": 1,
          "liftId": "L24",
          "liftIndex": 23,
          "start": 25.0,
          "finish": 50.0,
          "travel": 0.0,
          "setup": 0.0,
          "duration": 25.0,
          "fromX": 89.90581836737692,
          "fromY": 42.147667792625725,
          "toX": 89.90581836737692,
          "toY": 42.147667792625725,
          "radiusCenterX": 89.90581836737692,
          "radiusCenterY": 42.147667792625725,
          "liftX": 91.58120023086667,
          "liftY": 41.14399306382984,
          "actualLiftRadius": 1.9530149384308029,
          "dangerRadius": 7.953014938430803,
          "sameRadius": true,
          "softConflict": 0,
          "hardMask": 0,
          "move": 0.0
        },
        {
          "craneId": "C3",
          "craneIndex": 2,
          "liftId": "L23",
          "liftIndex": 22,
          "start": 25.0,
          "finish": 50.0,
          "travel": 0.0,
          "setup": 0.0,
          "duration": 25.0,
          "fromX": 66.5622300542891,
          "fromY": 19.810825287364423,
          "toX": 66.5622300542891,
          "toY": 19.810825287364423,
          "radiusCenterX": 66.5622300542891,
          "radiusCenterY": 19.810825287364423,
          "liftX": 55.26374931074679,
          "liftY": 8.151180517859757,
          "actualLiftRadius": 16.235854867029147,
          "dangerRadius": 22.235854867029147,
          "sameRadius": true,
          "softConflict": 0,
          "hardMask": 0,
          "move": 0.0
        },
        {
          "craneId": "C1",
          "craneIndex": 0,
          "liftId": "L21",
          "liftIndex": 20,
          "start": 50.0,
          "finish": 75.0,
          "travel": 0.0,
          "setup": 0.0,
          "duration": 25.0,
          "fromX": 31.11770451068878,
          "fromY": 44.930363963358104,
          "toX": 31.11770451068878,
          "toY": 44.930363963358104,
          "radiusCenterX": 31.11770451068878,
          "radiusCenterY": 44.930363963358104,
          "liftX": 24.0555997248739,
          "liftY": 38.961755448020995,
          "actualLiftRadius": 9.246491854491849,
          "dangerRadius": 15.246491854491849,
          "sameRadius": true,
          "softConflict": 0,
          "hardMask": 0,
          "move": 0.0
        },
        {
          "craneId": "C2",
          "craneIndex": 1,
          "liftId": "L14",
          "liftIndex": 13,
          "start": 50.0,
          "finish": 86.37138755300789,
          "travel": 1.3713875530078943,
          "setup": 10.0,
          "duration": 25.0,
          "fromX": 89.90581836737692,
          "fromY": 42.147667792625725,
          "toX": 78.657230441758,
          "toY": 49.99238905817227,
          "radiusCenterX": 78.657230441758,
          "radiusCenterY": 49.99238905817227,
          "liftX": 63.89301720261574,
          "liftY": 60.28889368008822,
          "actualLiftRadius": 18.000000000000007,
          "dangerRadius": 24.000000000000007,
          "sameRadius": false,
          "softConflict": 0,
          "hardMask": 0,
          "move": 13.713875530078942
        },
        {
          "craneId": "C3",
          "craneIndex": 2,
          "liftId": "L7",
          "liftIndex": 6,
          "start": 50.0,
          "finish": 75.0,
          "travel": 0.0,
          "setup": 0.0,
          "duration": 25.0,
          "fromX": 66.5622300542891,
          "fromY": 19.810825287364423,
          "toX": 66.5622300542891,
          "toY": 19.810825287364423,
          "radiusCenterX": 66.5622300542891,
          "radiusCenterY": 19.810825287364423,
          "liftX": 53.44601599313319,
          "liftY": 25.600679737515748,
          "actualLiftRadius": 14.337276095967505,
          "dangerRadius": 20.337276095967503,
          "sameRadius": true,
          "softConflict": 1,
          "hardMask": 0,
          "move": 0.0
        },
        {
          "craneId": "C1",
          "craneIndex": 0,
          "liftId": "L8",
          "liftIndex": 7,
          "start": 75.0,
          "finish": 100.0,
          "travel": 0.0,
          "setup": 0.0,
          "duration": 25.0,
          "fromX": 31.11770451068878,
          "fromY": 44.930363963358104,
          "toX": 31.11770451068878,
          "toY": 44.930363963358104,
          "radiusCenterX": 31.11770451068878,
          "radiusCenterY": 44.930363963358104,
          "liftX": 35.26979811862111,
          "liftY": 40.543107523582876,
          "actualLiftRadius": 6.040521533558317,
          "dangerRadius": 12.040521533558316,
          "sameRadius": true,
          "softConflict": 0,
          "hardMask": 0,
          "move": 0.0
        },
        {
          "craneId": "C3",
          "craneIndex": 2,
          "liftId": "L4",
          "liftIndex": 3,
          "start": 75.0,
          "finish": 111.87648074898651,
          "travel": 1.8764807489865132,
          "setup": 10.0,
          "duration": 25.0,
          "fromX": 66.5622300542891,
          "fromY": 19.810825287364423,
          "toX": 48.540031717771186,
          "toY": 14.58412774006849,
          "radiusCenterX": 48.540031717771186,
          "radiusCenterY": 14.58412774006849,
          "liftX": 31.252373944967985,
          "liftY": 9.570457554422319,
          "actualLiftRadius": 18.000000000000007,
          "dangerRadius": 24.000000000000007,
          "sameRadius": false,
          "softConflict": 0,
          "hardMask": 0,
          "move": 18.76480748986513
        },
        {
          "craneId": "C2",
          "craneIndex": 1,
          "liftId": "L17",
          "liftIndex": 16,
          "start": 86.37138755300789,
          "finish": 111.37138755300789,
          "travel": 0.0,
          "setup": 0.0,
          "duration": 25.0,
          "fromX": 78.657230441758,
          "fromY": 49.99238905817227,
          "toX": 78.657230441758,
          "toY": 49.99238905817227,
          "radiusCenterX": 78.657230441758,
          "radiusCenterY": 49.99238905817227,
          "liftX": 68.4569944422692,
          "liftY": 38.50372786913067,
          "actualLiftRadius": 15.363402955135232,
          "dangerRadius": 21.363402955135232,
          "sameRadius": true,
          "softConflict": 0,
          "hardMask": 0,
          "move": 0.0
        },
        {
          "craneId": "C1",
          "craneIndex": 0,
          "liftId": "L12",
          "liftIndex": 11,
          "start": 100.0,
          "finish": 125.0,
          "travel": 0.0,
          "setup": 0.0,
          "duration": 25.0,
          "fromX": 31.11770451068878,
          "fromY": 44.930363963358104,
          "toX": 31.11770451068878,
          "toY": 44.930363963358104,
          "radiusCenterX": 31.11770451068878,
          "radiusCenterY": 44.930363963358104,
          "liftX": 28.85309663042426,
          "liftY": 48.49846666213125,
          "actualLiftRadius": 4.226086336120971,
          "dangerRadius": 10.226086336120972,
          "sameRadius": true,
          "softConflict": 0,
          "hardMask": 0,
          "move": 0.0
        },
        {
          "craneId": "C2",
          "craneIndex": 1,
          "liftId": "L13",
          "liftIndex": 12,
          "start": 111.37138755300789,
          "finish": 146.60256569263356,
          "travel": 0.2311781396256664,
          "setup": 10.0,
          "duration": 25.0,
          "fromX": 78.657230441758,
          "fromY": 49.99238905817227,
          "toX": 77.22239718851324,
          "toY": 51.805007815512454,
          "radiusCenterX": 77.22239718851324,
          "radiusCenterY": 51.805007815512454,
          "liftX": 66.0504937376827,
          "liftY": 65.9184260154143,
          "actualLiftRadius": 18.0,
          "dangerRadius": 24.0,
          "sameRadius": false,
          "softConflict": 0,
          "hardMask": 0,
          "move": 2.3117813962566642
        },
        {
          "craneId": "C3",
          "craneIndex": 2,
          "liftId": "L16",
          "liftIndex": 15,
          "start": 111.87648074898651,
          "finish": 148.24662642090414,
          "travel": 1.3701456719176388,
          "setup": 10.0,
          "duration": 25.0,
          "fromX": 48.540031717771186,
          "fromY": 14.58412774006849,
          "toX": 35.50299954992997,
          "toY": 18.799066468227785,
          "radiusCenterX": 35.50299954992997,
          "radiusCenterY": 18.799066468227785,
          "liftX": 18.375873301178217,
          "liftY": 24.336353390477598,
          "actualLiftRadius": 18.0,
          "dangerRadius": 24.0,
          "sameRadius": false,
          "softConflict": 1,
          "hardMask": 0,
          "move": 13.701456719176388
        },
        {
          "craneId": "C1",
          "craneIndex": 0,
          "liftId": "L15",
          "liftIndex": 14,
          "start": 125.0,
          "finish": 161.65516229141684,
          "travel": 1.6551622914168511,
          "setup": 10.0,
          "duration": 25.0,
          "fromX": 31.11770451068878,
          "fromY": 44.930363963358104,
          "toX": 25.1128633096169,
          "toY": 60.35430973746979,
          "radiusCenterX": 25.1128633096169,
          "radiusCenterY": 60.35430973746979,
          "liftX": 18.582558566704392,
          "liftY": 77.12795334775001,
          "actualLiftRadius": 17.999999999999996,
          "dangerRadius": 23.999999999999996,
          "sameRadius": false,
          "softConflict": 0,
          "hardMask": 0,
          "move": 16.55162291416851
        },
        {
          "craneId": "C2",
          "craneIndex": 1,
          "liftId": "L3",
          "liftIndex": 2,
          "start": 146.60256569263356,
          "finish": 183.42948508366524,
          "travel": 1.8269193910316919,
          "setup": 10.0,
          "duration": 25.0,
          "fromX": 77.22239718851324,
          "fromY": 51.805007815512454,
          "toX": 68.71519338390806,
          "toY": 67.97259667593539,
          "radiusCenterX": 68.71519338390806,
          "radiusCenterY": 67.97259667593539,
          "liftX": 60.33334198780358,
          "liftY": 83.90195847023278,
          "actualLiftRadius": 18.0,
          "dangerRadius": 24.0,
          "sameRadius": false,
          "softConflict": 0,
          "hardMask": 0,
          "move": 18.26919391031692
        },
        {
          "craneId": "C3",
          "craneIndex": 2,
          "liftId": "L20",
          "liftIndex": 19,
          "start": 148.24662642090414,
          "finish": 183.5792857183267,
          "travel": 0.3326592974225705,
          "setup": 10.0,
          "duration": 25.0,
          "fromX": 35.50299954992997,
          "fromY": 18.799066468227785,
          "toX": 32.25293942834296,
          "toY": 18.08960891330453,
          "radiusCenterX": 32.25293942834296,
          "radiusCenterY": 18.08960891330453,
          "liftX": 14.66705421730876,
          "liftY": 14.250775582157075,
          "actualLiftRadius": 18.000000000000004,
          "dangerRadius": 24.000000000000004,
          "sameRadius": false,
          "softConflict": 0,
          "hardMask": 0,
          "move": 3.3265929742257048
        },
        {
          "craneId": "C1",
          "craneIndex": 0,
          "liftId": "L5",
          "liftIndex": 4,
          "start": 161.65516229141684,
          "finish": 186.65516229141684,
          "travel": 0.0,
          "setup": 0.0,
          "duration": 25.0,
          "fromX": 25.1128633096169,
          "fromY": 60.35430973746979,
          "toX": 25.1128633096169,
          "toY": 60.35430973746979,
          "radiusCenterX": 25.1128633096169,
          "radiusCenterY": 60.35430973746979,
          "liftX": 13.690484529361129,
          "liftY": 57.590944551862776,
          "actualLiftRadius": 11.751890237262351,
          "dangerRadius": 17.75189023726235,
          "sameRadius": true,
          "softConflict": 0,
          "hardMask": 0,
          "move": 0.0
        },
        {
          "craneId": "C2",
          "craneIndex": 1,
          "liftId": "L10",
          "liftIndex": 9,
          "start": 183.42948508366524,
          "finish": 218.54424920332843,
          "travel": 0.11476411966319837,
          "setup": 10.0,
          "duration": 25.0,
          "fromX": 68.71519338390806,
          "fromY": 67.97259667593539,
          "toX": 69.4542174591011,
          "toY": 68.8506193023477,
          "radiusCenterX": 69.4542174591011,
          "radiusCenterY": 68.8506193023477,
          "liftX": 81.0453257188201,
          "liftY": 82.6218287376687,
          "actualLiftRadius": 18.0,
          "dangerRadius": 24.0,
          "sameRadius": false,
          "softConflict": 0,
          "hardMask": 0,
          "move": 1.1476411966319837
        },
        {
          "craneId": "C3",
          "craneIndex": 2,
          "liftId": "L19",
          "liftIndex": 18,
          "start": 183.5792857183267,
          "finish": 208.5792857183267,
          "travel": 0.0,
          "setup": 0.0,
          "duration": 25.0,
          "fromX": 32.25293942834296,
          "fromY": 18.08960891330453,
          "toX": 32.25293942834296,
          "toY": 18.08960891330453,
          "radiusCenterX": 32.25293942834296,
          "radiusCenterY": 18.08960891330453,
          "liftX": 17.52709669061005,
          "liftY": 10.448647414334118,
          "actualLiftRadius": 16.590200027883608,
          "dangerRadius": 22.590200027883608,
          "sameRadius": true,
          "softConflict": 0,
          "hardMask": 0,
          "move": 0.0
        },
        {
          "craneId": "C1",
          "craneIndex": 0,
          "liftId": "L6",
          "liftIndex": 5,
          "start": 186.65516229141684,
          "finish": 221.74781066590796,
          "travel": 0.09264837449112694,
          "setup": 10.0,
          "duration": 25.0,
          "fromX": 25.1128633096169,
          "fromY": 60.35430973746979,
          "toX": 25.000129273652018,
          "toY": 61.27390919740867,
          "radiusCenterX": 25.000129273652018,
          "radiusCenterY": 61.27390919740867,
          "liftX": 22.809899106621742,
          "liftY": 79.14015927445143,
          "actualLiftRadius": 18.0,
          "dangerRadius": 24.0,
          "sameRadius": false,
          "softConflict": 0,
          "hardMask": 0,
          "move": 0.9264837449112694
        },
        {
          "craneId": "C3",
          "craneIndex": 2,
          "liftId": "L1",
          "liftIndex": 0,
          "start": 208.5792857183267,
          "finish": 246.75186600461788,
          "travel": 3.1725802862911676,
          "setup": 10.0,
          "duration": 25.0,
          "fromX": 32.25293942834296,
          "fromY": 18.08960891330453,
          "toX": 63.859061986311374,
          "toY": 20.842713369553007,
          "radiusCenterX": 63.859061986311374,
          "radiusCenterY": 20.842713369553007,
          "liftX": 81.791159985587,
          "liftY": 22.404718921519816,
          "actualLiftRadius": 18.0,
          "dangerRadius": 24.0,
          "sameRadius": false,
          "softConflict": 0,
          "hardMask": 0,
          "move": 31.725802862911678
        },
        {
          "craneId": "C1",
          "craneIndex": 0,
          "liftId": "L18",
          "liftIndex": 17,
          "start": 221.74781066590796,
          "finish": 257.49854971182083,
          "travel": 0.7507390459128276,
          "setup": 10.0,
          "duration": 25.0,
          "fromX": 25.000129273652018,
          "fromY": 61.27390919740867,
          "toX": 25.13579565701056,
          "toY": 68.78007373985221,
          "radiusCenterX": 25.13579565701056,
          "radiusCenterY": 68.78007373985221,
          "liftX": 25.461074449121952,
          "liftY": 86.77713443618268,
          "actualLiftRadius": 18.000000000000007,
          "dangerRadius": 24.000000000000007,
          "sameRadius": false,
          "softConflict": 0,
          "hardMask": 0,
          "move": 7.507390459128276
        }
      ],
      "cranes": [
        {
          "id": "C1",
          "x": 31.11770451068878,
          "y": 44.930363963358104,
          "setup_x": 25.13579565701056,
          "setup_y": 68.78007373985221,
          "available": 257.49854971182083,
          "jobs": 9
        },
        {
          "id": "C2",
          "x": 89.90581836737692,
          "y": 42.147667792625725,
          "setup_x": 69.4542174591011,
          "setup_y": 68.8506193023477,
          "available": 218.54424920332843,
          "jobs": 7
        },
        {
          "id": "C3",
          "x": 66.5622300542891,
          "y": 19.810825287364423,
          "setup_x": 63.859061986311374,
          "setup_y": 20.842713369553007,
          "available": 246.75186600461788,
          "jobs": 8
        }
      ]
    },
    "nearest": {
      "done": 24,
      "total": 24,
      "makespan": 337.795,
      "reward": 293.38310718536377,
      "softInter": 0,
      "hardExecuted": 0,
      "hardMask": 10,
      "hardInter": 10,
      "travelTotal": 12.056311493658502,
      "setupTotal": 130.0,
      "moveTotal": 120.56311493658505,
      "actualLiftRadiusAvg": 14.030096736960127,
      "actualDangerRadiusAvg": 20.03009673696013,
      "events": [
        {
          "craneId": "C1",
          "craneIndex": 0,
          "liftId": "L8",
          "liftIndex": 7,
          "start": 0.0,
          "finish": 25.0,
          "travel": 0.0,
          "setup": 0.0,
          "duration": 25.0,
          "fromX": 31.11770451068878,
          "fromY": 44.930363963358104,
          "toX": 31.11770451068878,
          "toY": 44.930363963358104,
          "radiusCenterX": 31.11770451068878,
          "radiusCenterY": 44.930363963358104,
          "liftX": 35.26979811862111,
          "liftY": 40.543107523582876,
          "actualLiftRadius": 6.040521533558317,
          "dangerRadius": 12.040521533558316,
          "sameRadius": true,
          "softConflict": 0,
          "hardMask": 0,
          "move": 0.0
        },
        {
          "craneId": "C2",
          "craneIndex": 1,
          "liftId": "L2",
          "liftIndex": 1,
          "start": 0.0,
          "finish": 25.0,
          "travel": 0.0,
          "setup": 0.0,
          "duration": 25.0,
          "fromX": 89.90581836737692,
          "fromY": 42.147667792625725,
          "toX": 89.90581836737692,
          "toY": 42.147667792625725,
          "radiusCenterX": 89.90581836737692,
          "radiusCenterY": 42.147667792625725,
          "liftX": 82.5925524905324,
          "liftY": 40.26401315908879,
          "actualLiftRadius": 7.551954221515361,
          "dangerRadius": 13.551954221515361,
          "sameRadius": true,
          "softConflict": 0,
          "hardMask": 0,
          "move": 0.0
        },
        {
          "craneId": "C3",
          "craneIndex": 2,
          "liftId": "L1",
          "liftIndex": 0,
          "start": 0.0,
          "finish": 25.0,
          "travel": 0.0,
          "setup": 0.0,
          "duration": 25.0,
          "fromX": 66.5622300542891,
          "fromY": 19.810825287364423,
          "toX": 66.5622300542891,
          "toY": 19.810825287364423,
          "radiusCenterX": 66.5622300542891,
          "radiusCenterY": 19.810825287364423,
          "liftX": 81.791159985587,
          "liftY": 22.404718921519816,
          "actualLiftRadius": 15.448255274874663,
          "dangerRadius": 21.44825527487466,
          "sameRadius": true,
          "softConflict": 0,
          "hardMask": 0,
          "move": 0.0
        },
        {
          "craneId": "C1",
          "craneIndex": 0,
          "liftId": "L9",
          "liftIndex": 8,
          "start": 25.0,
          "finish": 50.0,
          "travel": 0.0,
          "setup": 0.0,
          "duration": 25.0,
          "fromX": 31.11770451068878,
          "fromY": 44.930363963358104,
          "toX": 31.11770451068878,
          "toY": 44.930363963358104,
          "radiusCenterX": 31.11770451068878,
          "radiusCenterY": 44.930363963358104,
          "liftX": 15.880401505157351,
          "liftY": 49.14508175943047,
          "actualLiftRadius": 15.809467068276092,
          "dangerRadius": 21.809467068276092,
          "sameRadius": true,
          "softConflict": 0,
          "hardMask": 0,
          "move": 0.0
        },
        {
          "craneId": "C2",
          "craneIndex": 1,
          "liftId": "L24",
          "liftIndex": 23,
          "start": 25.0,
          "finish": 50.0,
          "travel": 0.0,
          "setup": 0.0,
          "duration": 25.0,
          "fromX": 89.90581836737692,
          "fromY": 42.147667792625725,
          "toX": 89.90581836737692,
          "toY": 42.147667792625725,
          "radiusCenterX": 89.90581836737692,
          "radiusCenterY": 42.147667792625725,
          "liftX": 91.58120023086667,
          "liftY": 41.14399306382984,
          "actualLiftRadius": 1.9530149384308029,
          "dangerRadius": 7.953014938430803,
          "sameRadius": true,
          "softConflict": 0,
          "hardMask": 0,
          "move": 0.0
        },
        {
          "craneId": "C3",
          "craneIndex": 2,
          "liftId": "L7",
          "liftIndex": 6,
          "start": 25.0,
          "finish": 50.0,
          "travel": 0.0,
          "setup": 0.0,
          "duration": 25.0,
          "fromX": 66.5622300542891,
          "fromY": 19.810825287364423,
          "toX": 66.5622300542891,
          "toY": 19.810825287364423,
          "radiusCenterX": 66.5622300542891,
          "radiusCenterY": 19.810825287364423,
          "liftX": 53.44601599313319,
          "liftY": 25.600679737515748,
          "actualLiftRadius": 14.337276095967505,
          "dangerRadius": 20.337276095967503,
          "sameRadius": true,
          "softConflict": 0,
          "hardMask": 0,
          "move": 0.0
        },
        {
          "craneId": "C1",
          "craneIndex": 0,
          "liftId": "L12",
          "liftIndex": 11,
          "start": 50.0,
          "finish": 75.0,
          "travel": 0.0,
          "setup": 0.0,
          "duration": 25.0,
          "fromX": 31.11770451068878,
          "fromY": 44.930363963358104,
          "toX": 31.11770451068878,
          "toY": 44.930363963358104,
          "radiusCenterX": 31.11770451068878,
          "radiusCenterY": 44.930363963358104,
          "liftX": 28.85309663042426,
          "liftY": 48.49846666213125,
          "actualLiftRadius": 4.226086336120971,
          "dangerRadius": 10.226086336120972,
          "sameRadius": true,
          "softConflict": 0,
          "hardMask": 0,
          "move": 0.0
        },
        {
          "craneId": "C2",
          "craneIndex": 1,
          "liftId": "L17",
          "liftIndex": 16,
          "start": 50.0,
          "finish": 85.37561565065228,
          "travel": 0.37561565065228053,
          "setup": 10.0,
          "duration": 25.0,
          "fromX": 89.90581836737692,
          "fromY": 42.147667792625725,
          "toX": 86.2027222106913,
          "toY": 41.51854892004773,
          "radiusCenterX": 86.2027222106913,
          "radiusCenterY": 41.51854892004773,
          "liftX": 68.4569944422692,
          "liftY": 38.50372786913067,
          "actualLiftRadius": 17.999999999999996,
          "dangerRadius": 23.999999999999996,
          "sameRadius": false,
          "softConflict": 0,
          "hardMask": 0,
          "move": 3.7561565065228053
        },
        {
          "craneId": "C3",
          "craneIndex": 2,
          "liftId": "L4",
          "liftIndex": 3,
          "start": 50.0,
          "finish": 86.87648074898652,
          "travel": 1.8764807489865132,
          "setup": 10.0,
          "duration": 25.0,
          "fromX": 66.5622300542891,
          "fromY": 19.810825287364423,
          "toX": 48.540031717771186,
          "toY": 14.58412774006849,
          "radiusCenterX": 48.540031717771186,
          "radiusCenterY": 14.58412774006849,
          "liftX": 31.252373944967985,
          "liftY": 9.570457554422319,
          "actualLiftRadius": 18.000000000000007,
          "dangerRadius": 24.000000000000007,
          "sameRadius": false,
          "softConflict": 0,
          "hardMask": 0,
          "move": 18.76480748986513
        },
        {
          "craneId": "C1",
          "craneIndex": 0,
          "liftId": "L21",
          "liftIndex": 20,
          "start": 75.0,
          "finish": 100.0,
          "travel": 0.0,
          "setup": 0.0,
          "duration": 25.0,
          "fromX": 31.11770451068878,
          "fromY": 44.930363963358104,
          "toX": 31.11770451068878,
          "toY": 44.930363963358104,
          "radiusCenterX": 31.11770451068878,
          "radiusCenterY": 44.930363963358104,
          "liftX": 24.0555997248739,
          "liftY": 38.961755448020995,
          "actualLiftRadius": 9.246491854491849,
          "dangerRadius": 15.246491854491849,
          "sameRadius": true,
          "softConflict": 0,
          "hardMask": 0,
          "move": 0.0
        },
        {
          "craneId": "C2",
          "craneIndex": 1,
          "liftId": "L14",
          "liftIndex": 13,
          "start": 85.37561565065228,
          "finish": 121.49117525381276,
          "travel": 1.1155596031604837,
          "setup": 10.0,
          "duration": 25.0,
          "fromX": 86.2027222106913,
          "fromY": 41.51854892004773,
          "toX": 77.66652022790292,
          "toY": 48.70051094510726,
          "radiusCenterX": 77.66652022790292,
          "radiusCenterY": 48.70051094510726,
          "liftX": 63.89301720261574,
          "liftY": 60.28889368008822,
          "actualLiftRadius": 18.0,
          "dangerRadius": 24.0,
          "sameRadius": false,
          "softConflict": 0,
          "hardMask": 0,
          "move": 11.155596031604837
        },
        {
          "craneId": "C3",
          "craneIndex": 2,
          "liftId": "L11",
          "liftIndex": 10,
          "start": 86.87648074898652,
          "finish": 111.87648074898652,
          "travel": 0.0,
          "setup": 0.0,
          "duration": 25.0,
          "fromX": 48.540031717771186,
          "fromY": 14.58412774006849,
          "toX": 48.540031717771186,
          "toY": 14.58412774006849,
          "radiusCenterX": 48.540031717771186,
          "radiusCenterY": 14.58412774006849,
          "liftX": 51.30927770026028,
          "liftY": 15.29373546410352,
          "actualLiftRadius": 2.8587176204623943,
          "dangerRadius": 8.858717620462395,
          "sameRadius": true,
          "softConflict": 0,
          "hardMask": 0,
          "move": 0.0
        },
        {
          "craneId": "C1",
          "craneIndex": 0,
          "liftId": "L22",
          "liftIndex": 21,
          "start": 100.0,
          "finish": 125.0,
          "travel": 0.0,
          "setup": 0.0,
          "duration": 25.0,
          "fromX": 31.11770451068878,
          "fromY": 44.930363963358104,
          "toX": 31.11770451068878,
          "toY": 44.930363963358104,
          "radiusCenterX": 31.11770451068878,
          "radiusCenterY": 44.930363963358104,
          "liftX": 39.81682686507702,
          "liftY": 31.567302043549716,
          "actualLiftRadius": 15.945098105977591,
          "dangerRadius": 21.945098105977593,
          "sameRadius": true,
          "softConflict": 0,
          "hardMask": 0,
          "move": 0.0
        },
        {
          "craneId": "C3",
          "craneIndex": 2,
          "liftId": "L23",
          "liftIndex": 22,
          "start": 111.87648074898652,
          "finish": 136.87648074898652,
          "travel": 0.0,
          "setup": 0.0,
          "duration": 25.0,
          "fromX": 48.540031717771186,
          "fromY": 14.58412774006849,
          "toX": 48.540031717771186,
          "toY": 14.58412774006849,
          "radiusCenterX": 48.540031717771186,
          "radiusCenterY": 14.58412774006849,
          "liftX": 55.26374931074679,
          "liftY": 8.151180517859757,
          "actualLiftRadius": 9.305438637367542,
          "dangerRadius": 15.305438637367542,
          "sameRadius": true,
          "softConflict": 0,
          "hardMask": 0,
          "move": 0.0
        },
        {
          "craneId": "C2",
          "craneIndex": 1,
          "liftId": "L13",
          "liftIndex": 12,
          "start": 121.49117525381276,
          "finish": 156.76816507273293,
          "travel": 0.27698981892017,
          "setup": 10.0,
          "duration": 25.0,
          "fromX": 77.66652022790292,
          "fromY": 48.70051094510726,
          "toX": 76.11739319570071,
          "toY": 50.99671246427827,
          "radiusCenterX": 76.11739319570071,
          "radiusCenterY": 50.99671246427827,
          "liftX": 66.0504937376827,
          "liftY": 65.9184260154143,
          "actualLiftRadius": 18.0,
          "dangerRadius": 24.0,
          "sameRadius": false,
          "softConflict": 0,
          "hardMask": 0,
          "move": 2.7698981892017
        },
        {
          "craneId": "C1",
          "craneIndex": 0,
          "liftId": "L5",
          "liftIndex": 4,
          "start": 125.0,
          "finish": 160.354061970129,
          "travel": 0.3540619701290099,
          "setup": 10.0,
          "duration": 25.0,
          "fromX": 31.11770451068878,
          "fromY": 44.930363963358104,
          "toX": 28.253202037674523,
          "toY": 47.01137656573676,
          "radiusCenterX": 28.253202037674523,
          "radiusCenterY": 47.01137656573676,
          "liftX": 13.690484529361129,
          "liftY": 57.590944551862776,
          "actualLiftRadius": 18.0,
          "dangerRadius": 24.0,
          "sameRadius": false,
          "softConflict": 0,
          "hardMask": 0,
          "move": 3.5406197012900993
        },
        {
          "craneId": "C2",
          "craneIndex": 1,
          "liftId": "L10",
          "liftIndex": 9,
          "start": 156.76816507273293,
          "finish": 193.1688407799202,
          "travel": 1.400675707187284,
          "setup": 10.0,
          "duration": 25.0,
          "fromX": 76.11739319570071,
          "fromY": 50.99671246427827,
          "toX": 78.27394887433185,
          "toY": 64.83645636636777,
          "radiusCenterX": 78.27394887433185,
          "radiusCenterY": 64.83645636636777,
          "liftX": 81.0453257188201,
          "liftY": 82.6218287376687,
          "actualLiftRadius": 17.999999999999996,
          "dangerRadius": 23.999999999999996,
          "sameRadius": false,
          "softConflict": 0,
          "hardMask": 0,
          "move": 14.006757071872839
        },
        {
          "craneId": "C1",
          "craneIndex": 0,
          "liftId": "L16",
          "liftIndex": 15,
          "start": 160.354061970129,
          "finish": 196.02735592549976,
          "travel": 0.673293955370764,
          "setup": 10.0,
          "duration": 25.0,
          "fromX": 28.253202037674523,
          "fromY": 47.01137656573676,
          "toX": 25.564340198566534,
          "toY": 40.838654553198886,
          "radiusCenterX": 25.564340198566534,
          "radiusCenterY": 40.838654553198886,
          "liftX": 18.375873301178217,
          "liftY": 24.336353390477598,
          "actualLiftRadius": 18.0,
          "dangerRadius": 24.0,
          "sameRadius": false,
          "softConflict": 0,
          "hardMask": 0,
          "move": 6.73293955370764
        },
        {
          "craneId": "C2",
          "craneIndex": 1,
          "liftId": "L3",
          "liftIndex": 2,
          "start": 193.1688407799202,
          "finish": 228.98677650474124,
          "travel": 0.8179357248210403,
          "setup": 10.0,
          "duration": 25.0,
          "fromX": 78.27394887433185,
          "fromY": 64.83645636636777,
          "toX": 72.6686686688887,
          "toY": 70.79319362868841,
          "radiusCenterX": 72.6686686688887,
          "radiusCenterY": 70.79319362868841,
          "liftX": 60.33334198780358,
          "liftY": 83.90195847023278,
          "actualLiftRadius": 18.000000000000007,
          "dangerRadius": 24.000000000000007,
          "sameRadius": false,
          "softConflict": 0,
          "hardMask": 0,
          "move": 8.179357248210403
        },
        {
          "craneId": "C1",
          "craneIndex": 0,
          "liftId": "L20",
          "liftIndex": 19,
          "start": 196.02735592549976,
          "finish": 232.1007966329724,
          "travel": 1.0734407074726364,
          "setup": 10.0,
          "duration": 25.0,
          "fromX": 25.564340198566534,
          "fromY": 40.838654553198886,
          "toX": 21.493405189247436,
          "toY": 30.90613305078896,
          "radiusCenterX": 21.493405189247436,
          "radiusCenterY": 30.90613305078896,
          "liftX": 14.66705421730876,
          "liftY": 14.250775582157075,
          "actualLiftRadius": 18.0,
          "dangerRadius": 24.0,
          "sameRadius": false,
          "softConflict": 0,
          "hardMask": 0,
          "move": 10.734407074726365
        },
        {
          "craneId": "C2",
          "craneIndex": 1,
          "liftId": "L18",
          "liftIndex": 17,
          "start": 228.98677650474124,
          "finish": 267.17079427733756,
          "travel": 3.1840177725963565,
          "setup": 10.0,
          "duration": 25.0,
          "fromX": 72.6686686688887,
          "fromY": 70.79319362868841,
          "toX": 42.51030530515766,
          "toY": 81.00446371825669,
          "radiusCenterX": 42.51030530515766,
          "radiusCenterY": 81.00446371825669,
          "liftX": 25.461074449121952,
          "liftY": 86.77713443618268,
          "actualLiftRadius": 18.000000000000004,
          "dangerRadius": 24.000000000000004,
          "sameRadius": false,
          "softConflict": 0,
          "hardMask": 0,
          "move": 31.840177725963564
        },
        {
          "craneId": "C1",
          "craneIndex": 0,
          "liftId": "L19",
          "liftIndex": 18,
          "start": 232.1007966329724,
          "finish": 267.3846400092176,
          "travel": 0.2838433762452476,
          "setup": 10.0,
          "duration": 25.0,
          "fromX": 21.493405189247436,
          "fromY": 30.90613305078896,
          "toX": 20.953148465389436,
          "toY": 28.119588793800325,
          "radiusCenterX": 20.953148465389436,
          "radiusCenterY": 28.119588793800325,
          "liftX": 17.52709669061005,
          "liftY": 10.448647414334118,
          "actualLiftRadius": 18.0,
          "dangerRadius": 24.0,
          "sameRadius": false,
          "softConflict": 0,
          "hardMask": 0,
          "move": 2.838433762452476
        },
        {
          "craneId": "C2",
          "craneIndex": 1,
          "liftId": "L6",
          "liftIndex": 5,
          "start": 267.17079427733756,
          "finish": 302.3496364525666,
          "travel": 0.17884217522900112,
          "setup": 10.0,
          "duration": 25.0,
          "fromX": 42.51030530515766,
          "fromY": 81.00446371825669,
          "toX": 40.729838150401704,
          "toY": 80.83597314018387,
          "radiusCenterX": 40.729838150401704,
          "radiusCenterY": 80.83597314018387,
          "liftX": 22.809899106621742,
          "liftY": 79.14015927445143,
          "actualLiftRadius": 17.999999999999996,
          "dangerRadius": 23.999999999999996,
          "sameRadius": false,
          "softConflict": 0,
          "hardMask": 0,
          "move": 1.7884217522900112
        },
        {
          "craneId": "C2",
          "craneIndex": 1,
          "liftId": "L15",
          "liftIndex": 14,
          "start": 302.3496364525666,
          "finish": 337.7951907354543,
          "travel": 0.44555428288771715,
          "setup": 10.0,
          "duration": 25.0,
          "fromX": 40.729838150401704,
          "fromY": 80.83597314018387,
          "toX": 36.335459734334954,
          "toY": 80.10024205047414,
          "radiusCenterX": 36.335459734334954,
          "radiusCenterY": 80.10024205047414,
          "liftX": 18.582558566704392,
          "liftY": 77.12795334775001,
          "actualLiftRadius": 18.0,
          "dangerRadius": 24.0,
          "sameRadius": false,
          "softConflict": 0,
          "hardMask": 0,
          "move": 4.455542828877172
        }
      ],
      "cranes": [
        {
          "id": "C1",
          "x": 31.11770451068878,
          "y": 44.930363963358104,
          "setup_x": 20.953148465389436,
          "setup_y": 28.119588793800325,
          "available": 267.3846400092176,
          "jobs": 9
        },
        {
          "id": "C2",
          "x": 89.90581836737692,
          "y": 42.147667792625725,
          "setup_x": 36.335459734334954,
          "setup_y": 80.10024205047414,
          "available": 337.7951907354543,
          "jobs": 10
        },
        {
          "id": "C3",
          "x": 66.5622300542891,
          "y": 19.810825287364423,
          "setup_x": 48.540031717771186,
          "setup_y": 14.58412774006849,
          "available": 136.87648074898652,
          "jobs": 5
        }
      ]
    }
  },
  "modelPath": "python_mappo/outputs_sensitivity_step6/K6_pMovem0p02_pTimem0p1_pSoftm3p0/pytorch_mappo_model.pt"
}
ep=6/60 makespan=302.6 reward=236.6 best=301.433 seenBest=349.6781 updates=24
ep=12/60 makespan=310.6 reward=248.6 best=301.433 seenBest=308.361 updates=48
ep=18/60 makespan=294.7 reward=281.0 best=292.339 seenBest=308.361 updates=72
ep=24/60 makespan=314.2 reward=283.6 best=292.339 seenBest=308.361 updates=96
ep=30/60 makespan=281.9 reward=255.3 best=278.323 seenBest=308.361 updates=120
ep=36/60 makespan=265.0 reward=249.4 best=254.08 seenBest=308.361 updates=144
ep=42/60 makespan=389.8 reward=260.6 best=254.08 seenBest=308.361 updates=168
ep=48/60 makespan=384.8 reward=261.9 best=254.08 seenBest=308.361 updates=192
ep=54/60 makespan=285.8 reward=280.3 best=254.08 seenBest=308.361 updates=216
ep=60/60 makespan=404.1 reward=274.0 best=254.08 seenBest=308.361 updates=240
{
  "config": {
    "num_cranes": 3,
    "num_lifts": 24,
    "fixed_duration": 25.0,
    "setup_time": 10.0,
    "crane_radius": 18.0,
    "candidate_k": 6,
    "max_steps": 220,
    "base_seed": 101,
    "seed_runs": 10,
    "train_episodes": 150,
    "seen_seed_start": 101,
    "seen_seed_count": 10,
    "unseen_seed_start": 201,
    "unseen_seed_count": 30,
    "reward": {
      "r_single": 10.0,
      "r_all": 100.0,
      "r_same": 3.0,
      "p_idle": -0.5,
      "p_inter_soft": -3.0,
      "p_time": -0.1,
      "p_move": -0.05,
      "soft_buffer": 6.0
    },
    "mappo": {
      "gamma": 0.92,
      "gae_lambda": 0.95,
      "actor_lr": 0.001,
      "critic_lr": 0.002,
      "clip_eps": 0.2,
      "entropy_coef": 0.01,
      "value_coef": 0.5,
      "max_grad_norm": 0.5,
      "update_epochs": 4,
      "minibatch_size": 256,
      "hidden_dim": 96,
      "eps_start": 0.35,
      "eps_end": 0.05
    }
  },
  "elapsedSec": 32.0763463973999,
  "trainEpisodes": 60,
  "trainSummary": {
    "best": {
      "ep": 31,
      "seed": 101,
      "makespan": 254.08,
      "done": 24,
      "total": 24,
      "reward": 290.2949562072754,
      "soft": 1,
      "hardExecuted": 0,
      "hardMask": 5,
      "move": 103.41734633839233,
      "travel": 10.341734633839234,
      "setup": 130.0
    },
    "bestCheckpointSeen": {
      "n": 10,
      "completeRate": 100.0,
      "makespan": 308.361,
      "makespanSd": 52.88213152663194,
      "reward": 271.24060077667235,
      "soft": 6.3,
      "hardExecuted": 0.0,
      "hardMask": 12.9,
      "travel": 17.43232488407249,
      "setup": 121.0,
      "move": 174.32324884072491,
      "actualLiftRadius": 14.810214039826889,
      "actualDangerRadius": 20.81021403982689,
      "ep": 12
    },
    "first10": {
      "n": 10,
      "completeRate": 100.0,
      "makespan": 347.7248,
      "makespanSd": 36.43103731106212,
      "reward": 257.38689415454866,
      "soft": 6.2,
      "hardExecuted": 0.0,
      "hardMask": 18.5,
      "travel": 22.68849795957962,
      "setup": 145.0,
      "move": 226.8849795957962,
      "actualLiftRadius": 0.0,
      "actualDangerRadius": 0.0
    },
    "last20": {
      "n": 20,
      "completeRate": 100.0,
      "makespan": 330.75334999999995,
      "makespanSd": 46.30356376271161,
      "reward": 270.67970995903016,
      "soft": 6.1,
      "hardExecuted": 0.0,
      "hardMask": 13.9,
      "travel": 18.28381137970462,
      "setup": 120.5,
      "move": 182.83811379704622,
      "actualLiftRadius": 0.0,
      "actualDangerRadius": 0.0
    },
    "modelStats": {
      "updates": 48,
      "actorShareMode": "typeShared",
      "craneType": "50톤 모바일 크레인",
      "actorDim": 17,
      "criticDim": 14
    }
  },
  "learningCurve": [
    {
      "ep": 1,
      "seed": 101,
      "makespan": 315.229,
      "done": 24,
      "total": 24,
      "reward": 298.6638517379761,
      "soft": 0,
      "hardExecuted": 0,
      "hardMask": 9,
      "move": 172.2689849309714,
      "travel": 17.226898493097146,
      "setup": 100.0
    },
    {
      "ep": 2,
      "seed": 102,
      "makespan": 301.433,
      "done": 24,
      "total": 24,
      "reward": 249.7997555732727,
      "soft": 7,
      "hardExecuted": 0,
      "hardMask": 8,
      "move": 286.6705848457659,
      "travel": 28.667058484576586,
      "setup": 150.0
    },
    {
      "ep": 3,
      "seed": 103,
      "makespan": 348.199,
      "done": 24,
      "total": 24,
      "reward": 260.36225509643555,
      "soft": 4,
      "hardExecuted": 0,
      "hardMask": 11,
      "move": 252.2955603155981,
      "travel": 25.229556031559806,
      "setup": 150.0
    },
    {
      "ep": 4,
      "seed": 104,
      "makespan": 328.617,
      "done": 24,
      "total": 24,
      "reward": 240.66441583633423,
      "soft": 11,
      "hardExecuted": 0,
      "hardMask": 10,
      "move": 297.2596094658329,
      "travel": 29.72596094658329,
      "setup": 140.0
    },
    {
      "ep": 5,
      "seed": 105,
      "makespan": 357.008,
      "done": 24,
      "total": 24,
      "reward": 259.6486887931824,
      "soft": 7,
      "hardExecuted": 0,
      "hardMask": 22,
      "move": 180.85521016869237,
      "travel": 18.085521016869237,
      "setup": 140.0
    },
    {
      "ep": 6,
      "seed": 106,
      "makespan": 302.649,
      "done": 24,
      "total": 24,
      "reward": 236.57390832901,
      "soft": 10,
      "hardExecuted": 0,
      "hardMask": 9,
      "move": 248.7679937430241,
      "travel": 24.876799374302408,
      "setup": 170.0
    },
    {
      "ep": 7,
      "seed": 107,
      "makespan": 416.264,
      "done": 24,
      "total": 24,
      "reward": 250.67470407485962,
      "soft": 8,
      "hardExecuted": 0,
      "hardMask": 58,
      "move": 163.7548659566692,
      "travel": 16.37548659566692,
      "setup": 150.0
    },
    {
      "ep": 8,
      "seed": 108,
      "makespan": 385.588,
      "done": 24,
      "total": 24,
      "reward": 260.9417986869812,
      "soft": 5,
      "hardExecuted": 0,
      "hardMask": 17,
      "move": 259.30317470318,
      "travel": 25.930317470317995,
      "setup": 140.0
    },
    {
      "ep": 9,
      "seed": 109,
      "makespan": 337.686,
      "done": 24,
      "total": 24,
      "reward": 256.8160619735718,
      "soft": 5,
      "hardExecuted": 0,
      "hardMask": 19,
      "move": 219.73223076790904,
      "travel": 21.97322307679091,
      "setup": 160.0
    },
    {
      "ep": 10,
      "seed": 110,
      "makespan": 384.575,
      "done": 24,
      "total": 24,
      "reward": 259.7235014438629,
      "soft": 5,
      "hardExecuted": 0,
      "hardMask": 22,
      "move": 187.94158106031912,
      "travel": 18.79415810603192,
      "setup": 150.0
    },
    {
      "ep": 11,
      "seed": 101,
      "makespan": 317.236,
      "done": 24,
      "total": 24,
      "reward": 263.9123725891113,
      "soft": 5,
      "hardExecuted": 0,
      "hardMask": 11,
      "move": 209.79371061228792,
      "travel": 20.979371061228793,
      "setup": 140.0
    },
    {
      "ep": 12,
      "seed": 102,
      "makespan": 310.643,
      "done": 24,
      "total": 24,
      "reward": 248.6365442276001,
      "soft": 10,
      "hardExecuted": 0,
      "hardMask": 10,
      "move": 281.0575539154753,
      "travel": 28.105755391547532,
      "setup": 130.0
    },
    {
      "ep": 13,
      "seed": 103,
      "makespan": 334.027,
      "done": 24,
      "total": 24,
      "reward": 246.7678928375244,
      "soft": 8,
      "hardExecuted": 0,
      "hardMask": 12,
      "move": 287.20177047993,
      "travel": 28.720177047992998,
      "setup": 150.0
    },
    {
      "ep": 14,
      "seed": 104,
      "makespan": 436.138,
      "done": 24,
      "total": 24,
      "reward": 264.278386592865,
      "soft": 7,
      "hardExecuted": 0,
      "hardMask": 21,
      "move": 253.69352734040046,
      "travel": 25.369352734040053,
      "setup": 110.0
    },
    {
      "ep": 15,
      "seed": 105,
      "makespan": 292.339,
      "done": 24,
      "total": 24,
      "reward": 274.5350806713104,
      "soft": 6,
      "hardExecuted": 0,
      "hardMask": 7,
      "move": 149.41531372566487,
      "travel": 14.941531372566489,
      "setup": 120.0
    },
    {
      "ep": 16,
      "seed": 106,
      "makespan": 326.373,
      "done": 24,
      "total": 24,
      "reward": 256.2063500881195,
      "soft": 11,
      "hardExecuted": 0,
      "hardMask": 16,
      "move": 238.22746179431553,
      "travel": 23.82274617943155,
      "setup": 110.0
    },
    {
      "ep": 17,
      "seed": 107,
      "makespan": 404.654,
      "done": 24,
      "total": 24,
      "reward": 264.02317571640015,
      "soft": 8,
      "hardExecuted": 0,
      "hardMask": 32,
      "move": 141.28038843753095,
      "travel": 14.128038843753094,
      "setup": 120.0
    },
    {
      "ep": 18,
      "seed": 108,
      "makespan": 294.696,
      "done": 24,
      "total": 24,
      "reward": 281.0296926498413,
      "soft": 5,
      "hardExecuted": 0,
      "hardMask": 8,
      "move": 149.5050892297228,
      "travel": 14.950508922972283,
      "setup": 110.0
    },
    {
      "ep": 19,
      "seed": 109,
      "makespan": 343.438,
      "done": 24,
      "total": 24,
      "reward": 228.49124574661255,
      "soft": 16,
      "hardExecuted": 0,
      "hardMask": 15,
      "move": 208.4791333402292,
      "travel": 20.84791333402292,
      "setup": 150.0
    },
    {
      "ep": 20,
      "seed": 110,
      "makespan": 331.744,
      "done": 24,
      "total": 24,
      "reward": 287.2301616668701,
      "soft": 3,
      "hardExecuted": 0,
      "hardMask": 20,
      "move": 121.16397804523751,
      "travel": 12.116397804523752,
      "setup": 110.0
    },
    {
      "ep": 21,
      "seed": 101,
      "makespan": 294.496,
      "done": 24,
      "total": 24,
      "reward": 285.75807428359985,
      "soft": 2,
      "hardExecuted": 0,
      "hardMask": 9,
      "move": 154.03207452694548,
      "travel": 15.403207452694547,
      "setup": 120.0
    },
    {
      "ep": 22,
      "seed": 102,
      "makespan": 304.397,
      "done": 24,
      "total": 24,
      "reward": 250.63879108428955,
      "soft": 11,
      "hardExecuted": 0,
      "hardMask": 15,
      "move": 222.6867370655286,
      "travel": 22.26867370655286,
      "setup": 130.0
    },
    {
      "ep": 23,
      "seed": 103,
      "makespan": 311.413,
      "done": 24,
      "total": 24,
      "reward": 249.4597134590149,
      "soft": 8,
      "hardExecuted": 0,
      "hardMask": 8,
      "move": 309.0046748811367,
      "travel": 30.900467488113673,
      "setup": 140.0
    },
    {
      "ep": 24,
      "seed": 104,
      "makespan": 314.151,
      "done": 24,
      "total": 24,
      "reward": 283.5904788970947,
      "soft": 8,
      "hardExecuted": 0,
      "hardMask": 10,
      "move": 223.4919917033938,
      "travel": 22.349199170339382,
      "setup": 70.0
    },
    {
      "ep": 25,
      "seed": 105,
      "makespan": 278.323,
      "done": 24,
      "total": 24,
      "reward": 268.70827984809875,
      "soft": 8,
      "hardExecuted": 0,
      "hardMask": 6,
      "move": 79.86194922296127,
      "travel": 7.986194922296128,
      "setup": 130.0
    },
    {
      "ep": 26,
      "seed": 106,
      "makespan": 283.76,
      "done": 24,
      "total": 24,
      "reward": 270.6097249984741,
      "soft": 4,
      "hardExecuted": 0,
      "hardMask": 9,
      "move": 248.17122786788443,
      "travel": 24.81712278678844,
      "setup": 130.0
    },
    {
      "ep": 27,
      "seed": 107,
      "makespan": 351.384,
      "done": 24,
      "total": 24,
      "reward": 256.8825526237488,
      "soft": 8,
      "hardExecuted": 0,
      "hardMask": 25,
      "move": 118.62413277908588,
      "travel": 11.862413277908589,
      "setup": 150.0
    },
    {
      "ep": 28,
      "seed": 108,
      "makespan": 363.982,
      "done": 24,
      "total": 24,
      "reward": 271.9241921901703,
      "soft": 6,
      "hardExecuted": 0,
      "hardMask": 15,
      "move": 201.2634842817069,
      "travel": 20.126348428170687,
      "setup": 110.0
    },
    {
      "ep": 29,
      "seed": 109,
      "makespan": 280.104,
      "done": 24,
      "total": 24,
      "reward": 267.3564872741699,
      "soft": 6,
      "hardExecuted": 0,
      "hardMask": 4,
      "move": 227.39181811933315,
      "travel": 22.73918181193331,
      "setup": 130.0
    },
    {
      "ep": 30,
      "seed": 110,
      "makespan": 281.931,
      "done": 24,
      "total": 24,
      "reward": 255.34018325805664,
      "soft": 11,
      "hardExecuted": 0,
      "hardMask": 4,
      "move": 177.663575477962,
      "travel": 17.7663575477962,
      "setup": 130.0
    },
    {
      "ep": 31,
      "seed": 101,
      "makespan": 254.08,
      "done": 24,
      "total": 24,
      "reward": 290.2949562072754,
      "soft": 1,
      "hardExecuted": 0,
      "hardMask": 5,
      "move": 103.41734633839233,
      "travel": 10.341734633839234,
      "setup": 130.0
    },
    {
      "ep": 32,
      "seed": 102,
      "makespan": 296.843,
      "done": 24,
      "total": 24,
      "reward": 274.52495098114014,
      "soft": 7,
      "hardExecuted": 0,
      "hardMask": 10,
      "move": 182.91742652904816,
      "travel": 18.291742652904816,
      "setup": 110.0
    },
    {
      "ep": 33,
      "seed": 103,
      "makespan": 297.465,
      "done": 24,
      "total": 24,
      "reward": 265.3911199569702,
      "soft": 6,
      "hardExecuted": 0,
      "hardMask": 17,
      "move": 201.8147028253811,
      "travel": 20.181470282538108,
      "setup": 130.0
    },
    {
      "ep": 34,
      "seed": 104,
      "makespan": 298.18,
      "done": 24,
      "total": 24,
      "reward": 282.8351182937622,
      "soft": 7,
      "hardExecuted": 0,
      "hardMask": 24,
      "move": 136.0814493689817,
      "travel": 13.60814493689817,
      "setup": 90.0
    },
    {
      "ep": 35,
      "seed": 105,
      "makespan": 292.433,
      "done": 24,
      "total": 24,
      "reward": 276.77141094207764,
      "soft": 6,
      "hardExecuted": 0,
      "hardMask": 16,
      "move": 103.80983073410124,
      "travel": 10.380983073410125,
      "setup": 120.0
    },
    {
      "ep": 36,
      "seed": 106,
      "makespan": 264.954,
      "done": 24,
      "total": 24,
      "reward": 249.3629412651062,
      "soft": 11,
      "hardExecuted": 0,
      "hardMask": 7,
      "move": 277.2842478894886,
      "travel": 27.728424788948864,
      "setup": 130.0
    },
    {
      "ep": 37,
      "seed": 107,
      "makespan": 388.955,
      "done": 24,
      "total": 24,
      "reward": 258.7488317489624,
      "soft": 9,
      "hardExecuted": 0,
      "hardMask": 34,
      "move": 137.51934851368915,
      "travel": 13.751934851368917,
      "setup": 130.0
    },
    {
      "ep": 38,
      "seed": 108,
      "makespan": 327.3,
      "done": 24,
      "total": 24,
      "reward": 262.97320318222046,
      "soft": 7,
      "hardExecuted": 0,
      "hardMask": 13,
      "move": 192.11321919942412,
      "travel": 19.211321919942414,
      "setup": 130.0
    },
    {
      "ep": 39,
      "seed": 109,
      "makespan": 307.131,
      "done": 24,
      "total": 24,
      "reward": 275.1281394958496,
      "soft": 8,
      "hardExecuted": 0,
      "hardMask": 12,
      "move": 164.53091022583027,
      "travel": 16.453091022583028,
      "setup": 100.0
    },
    {
      "ep": 40,
      "seed": 110,
      "makespan": 326.118,
      "done": 24,
      "total": 24,
      "reward": 263.15867042541504,
      "soft": 8,
      "hardExecuted": 0,
      "hardMask": 11,
      "move": 164.0221697341356,
      "travel": 16.402216973413555,
      "setup": 130.0
    },
    {
      "ep": 41,
      "seed": 101,
      "makespan": 363.626,
      "done": 24,
      "total": 24,
      "reward": 285.2555203437805,
      "soft": 2,
      "hardExecuted": 0,
      "hardMask": 16,
      "move": 137.40782170607505,
      "travel": 13.740782170607506,
      "setup": 120.0
    },
    {
      "ep": 42,
      "seed": 102,
      "makespan": 389.75,
      "done": 24,
      "total": 24,
      "reward": 260.5617606639862,
      "soft": 6,
      "hardExecuted": 0,
      "hardMask": 14,
      "move": 257.3039805847738,
      "travel": 25.73039805847738,
      "setup": 130.0
    },
    {
      "ep": 43,
      "seed": 103,
      "makespan": 312.891,
      "done": 24,
      "total": 24,
      "reward": 238.1905641555786,
      "soft": 11,
      "hardExecuted": 0,
      "hardMask": 8,
      "move": 230.15714882653208,
      "travel": 23.015714882653207,
      "setup": 160.0
    },
    {
      "ep": 44,
      "seed": 104,
      "makespan": 316.071,
      "done": 24,
      "total": 24,
      "reward": 279.9378137588501,
      "soft": 7,
      "hardExecuted": 0,
      "hardMask": 15,
      "move": 134.36983858067438,
      "travel": 13.436983858067437,
      "setup": 100.0
    },
    {
      "ep": 45,
      "seed": 105,
      "makespan": 293.492,
      "done": 24,
      "total": 24,
      "reward": 274.2009401321411,
      "soft": 8,
      "hardExecuted": 0,
      "hardMask": 12,
      "move": 121.65085079317213,
      "travel": 12.165085079317212,
      "setup": 110.0
    },
    {
      "ep": 46,
      "seed": 106,
      "makespan": 323.251,
      "done": 24,
      "total": 24,
      "reward": 265.80994510650635,
      "soft": 8,
      "hardExecuted": 0,
      "hardMask": 18,
      "move": 228.1676208491103,
      "travel": 22.81676208491103,
      "setup": 110.0
    },
    {
      "ep": 47,
      "seed": 107,
      "makespan": 413.664,
      "done": 24,
      "total": 24,
      "reward": 267.62222146987915,
      "soft": 7,
      "hardExecuted": 0,
      "hardMask": 32,
      "move": 131.2961522633121,
      "travel": 13.129615226331214,
      "setup": 120.0
    },
    {
      "ep": 48,
      "seed": 108,
      "makespan": 384.812,
      "done": 24,
      "total": 24,
      "reward": 261.8745107650757,
      "soft": 5,
      "hardExecuted": 0,
      "hardMask": 12,
      "move": 218.7581102364785,
      "travel": 21.87581102364785,
      "setup": 140.0
    },
    {
      "ep": 49,
      "seed": 109,
      "makespan": 279.364,
      "done": 24,
      "total": 24,
      "reward": 271.2202396392822,
      "soft": 8,
      "hardExecuted": 0,
      "hardMask": 4,
      "move": 187.99600511419837,
      "travel": 18.799600511419836,
      "setup": 110.0
    },
    {
      "ep": 50,
      "seed": 110,
      "makespan": 388.573,
      "done": 24,
      "total": 24,
      "reward": 275.33207416534424,
      "soft": 4,
      "hardExecuted": 0,
      "hardMask": 23,
      "move": 177.798743516031,
      "travel": 17.779874351603098,
      "setup": 120.0
    },
    {
      "ep": 51,
      "seed": 101,
      "makespan": 368.157,
      "done": 24,
      "total": 24,
      "reward": 281.4742875099182,
      "soft": 1,
      "hardExecuted": 0,
      "hardMask": 24,
      "move": 158.76174616554687,
      "travel": 15.876174616554689,
      "setup": 130.0
    },
    {
      "ep": 52,
      "seed": 102,
      "makespan": 303.576,
      "done": 24,
      "total": 24,
      "reward": 266.08961963653564,
      "soft": 7,
      "hardExecuted": 0,
      "hardMask": 10,
      "move": 165.17292539612836,
      "travel": 16.517292539612832,
      "setup": 130.0
    },
    {
      "ep": 53,
      "seed": 103,
      "makespan": 338.742,
      "done": 24,
      "total": 24,
      "reward": 265.92768812179565,
      "soft": 3,
      "hardExecuted": 0,
      "hardMask": 11,
      "move": 234.53852257768241,
      "travel": 23.453852257768244,
      "setup": 150.0
    },
    {
      "ep": 54,
      "seed": 104,
      "makespan": 285.822,
      "done": 24,
      "total": 24,
      "reward": 280.31199288368225,
      "soft": 7,
      "hardExecuted": 0,
      "hardMask": 13,
      "move": 194.80008589181685,
      "travel": 19.480008589181686,
      "setup": 90.0
    },
    {
      "ep": 55,
      "seed": 105,
      "makespan": 272.185,
      "done": 24,
      "total": 24,
      "reward": 296.9681887626648,
      "soft": 4,
      "hardExecuted": 0,
      "hardMask": 5,
      "move": 158.86353032627412,
      "travel": 15.88635303262741,
      "setup": 80.0
    },
    {
      "ep": 56,
      "seed": 106,
      "makespan": 292.774,
      "done": 24,
      "total": 24,
      "reward": 257.69422340393066,
      "soft": 10,
      "hardExecuted": 0,
      "hardMask": 11,
      "move": 221.7628605486468,
      "travel": 22.17628605486468,
      "setup": 120.0
    },
    {
      "ep": 57,
      "seed": 107,
      "makespan": 315.544,
      "done": 24,
      "total": 24,
      "reward": 282.2649598121643,
      "soft": 8,
      "hardExecuted": 0,
      "hardMask": 13,
      "move": 112.2505556385652,
      "travel": 11.22505556385652,
      "setup": 90.0
    },
    {
      "ep": 58,
      "seed": 108,
      "makespan": 312.057,
      "done": 24,
      "total": 24,
      "reward": 260.4595470428467,
      "soft": 4,
      "hardExecuted": 0,
      "hardMask": 6,
      "move": 234.00757005772834,
      "travel": 23.400757005772835,
      "setup": 160.0
    },
    {
      "ep": 59,
      "seed": 109,
      "makespan": 256.584,
      "done": 24,
      "total": 24,
      "reward": 268.3989906311035,
      "soft": 7,
      "hardExecuted": 0,
      "hardMask": 2,
      "move": 226.6834254067674,
      "travel": 22.668342540676747,
      "setup": 120.0
    },
    {
      "ep": 60,
      "seed": 110,
      "makespan": 404.132,
      "done": 24,
      "total": 24,
      "reward": 273.9991111755371,
      "soft": 5,
      "hardExecuted": 0,
      "hardMask": 29,
      "move": 125.01478146141001,
      "travel": 12.501478146141002,
      "setup": 120.0
    }
  ],
  "seen": {
    "mappo": {
      "n": 10,
      "completeRate": 100.0,
      "makespan": 308.361,
      "makespanSd": 52.88213152663194,
      "reward": 271.24060077667235,
      "soft": 6.3,
      "hardExecuted": 0.0,
      "hardMask": 12.9,
      "travel": 17.43232488407249,
      "setup": 121.0,
      "move": 174.32324884072491,
      "actualLiftRadius": 14.810214039826889,
      "actualDangerRadius": 20.81021403982689
    },
    "nearest": {
      "n": 10,
      "completeRate": 100.0,
      "makespan": 344.4566,
      "makespanSd": 46.20154817579168,
      "reward": 267.59664316177367,
      "soft": 4.7,
      "hardExecuted": 0.0,
      "hardMask": 12.7,
      "travel": 15.588921697655689,
      "setup": 143.0,
      "move": 155.88921697655687,
      "actualLiftRadius": 15.309356112985046,
      "actualDangerRadius": 21.309356112985046
    },
    "radiusPriority": {
      "n": 10,
      "completeRate": 100.0,
      "makespan": 344.4566,
      "makespanSd": 46.20154817579168,
      "reward": 267.59664316177367,
      "soft": 4.7,
      "hardExecuted": 0.0,
      "hardMask": 12.7,
      "travel": 15.588921697655689,
      "setup": 143.0,
      "move": 155.88921697655687,
      "actualLiftRadius": 15.309356112985046,
      "actualDangerRadius": 21.309356112985046
    },
    "random": {
      "n": 10,
      "completeRate": 100.0,
      "makespan": 362.6606,
      "makespanSd": 67.4747522043616,
      "reward": 253.7261217713356,
      "soft": 6.6,
      "hardExecuted": 0.0,
      "hardMask": 21.2,
      "travel": 25.539791421913684,
      "setup": 146.0,
      "move": 255.39791421913688,
      "actualLiftRadius": 15.537194004058104,
      "actualDangerRadius": 21.537194004058104
    }
  },
  "unseen": {
    "mappo": {
      "n": 30,
      "completeRate": 100.0,
      "makespan": 343.0228333333333,
      "makespanSd": 73.14606075475896,
      "reward": 269.24833680788674,
      "soft": 6.3,
      "hardExecuted": 0.0,
      "hardMask": 17.666666666666668,
      "travel": 14.363876408232743,
      "setup": 127.0,
      "move": 143.6387640823274,
      "actualLiftRadius": 15.080777514408494,
      "actualDangerRadius": 21.080777514408496
    },
    "nearest": {
      "n": 30,
      "completeRate": 100.0,
      "makespan": 341.2619333333333,
      "makespanSd": 67.85734274487585,
      "reward": 267.9468940416972,
      "soft": 5.033333333333333,
      "hardExecuted": 0.0,
      "hardMask": 13.466666666666667,
      "travel": 13.060723823451644,
      "setup": 143.66666666666666,
      "move": 130.60723823451642,
      "actualLiftRadius": 15.27057295469546,
      "actualDangerRadius": 21.270572954695453
    },
    "radiusPriority": {
      "n": 30,
      "completeRate": 100.0,
      "makespan": 341.2619333333333,
      "makespanSd": 67.85734274487585,
      "reward": 267.9468940416972,
      "soft": 5.033333333333333,
      "hardExecuted": 0.0,
      "hardMask": 13.466666666666667,
      "travel": 13.060723823451644,
      "setup": 143.66666666666666,
      "move": 130.60723823451642,
      "actualLiftRadius": 15.27057295469546,
      "actualDangerRadius": 21.270572954695453
    },
    "random": {
      "n": 30,
      "completeRate": 100.0,
      "makespan": 349.1667333333333,
      "makespanSd": 62.670607702459336,
      "reward": 260.4398933291435,
      "soft": 6.066666666666666,
      "hardExecuted": 0.0,
      "hardMask": 17.966666666666665,
      "travel": 19.68350413341528,
      "setup": 142.66666666666666,
      "move": 196.83504133415283,
      "actualLiftRadius": 15.288234962882486,
      "actualDangerRadius": 21.288234962882488
    }
  },
  "representative": {
    "mappo": {
      "done": 24,
      "total": 24,
      "makespan": 329.592,
      "reward": 283.1018133163452,
      "softInter": 1,
      "hardExecuted": 0,
      "hardMask": 11,
      "hardInter": 11,
      "travelTotal": 18.16363917022247,
      "setupTotal": 130.0,
      "moveTotal": 181.63639170222473,
      "actualLiftRadiusAvg": 14.597573919193485,
      "actualDangerRadiusAvg": 20.597573919193486,
      "events": [
        {
          "craneId": "C1",
          "craneIndex": 0,
          "liftId": "L9",
          "liftIndex": 8,
          "start": 0.0,
          "finish": 25.0,
          "travel": 0.0,
          "setup": 0.0,
          "duration": 25.0,
          "fromX": 31.11770451068878,
          "fromY": 44.930363963358104,
          "toX": 31.11770451068878,
          "toY": 44.930363963358104,
          "radiusCenterX": 31.11770451068878,
          "radiusCenterY": 44.930363963358104,
          "liftX": 15.880401505157351,
          "liftY": 49.14508175943047,
          "actualLiftRadius": 15.809467068276092,
          "dangerRadius": 21.809467068276092,
          "sameRadius": true,
          "softConflict": 0,
          "hardMask": 0,
          "move": 0.0
        },
        {
          "craneId": "C2",
          "craneIndex": 1,
          "liftId": "L2",
          "liftIndex": 1,
          "start": 0.0,
          "finish": 25.0,
          "travel": 0.0,
          "setup": 0.0,
          "duration": 25.0,
          "fromX": 89.90581836737692,
          "fromY": 42.147667792625725,
          "toX": 89.90581836737692,
          "toY": 42.147667792625725,
          "radiusCenterX": 89.90581836737692,
          "radiusCenterY": 42.147667792625725,
          "liftX": 82.5925524905324,
          "liftY": 40.26401315908879,
          "actualLiftRadius": 7.551954221515361,
          "dangerRadius": 13.551954221515361,
          "sameRadius": true,
          "softConflict": 0,
          "hardMask": 0,
          "move": 0.0
        },
        {
          "craneId": "C3",
          "craneIndex": 2,
          "liftId": "L11",
          "liftIndex": 10,
          "start": 0.0,
          "finish": 25.0,
          "travel": 0.0,
          "setup": 0.0,
          "duration": 25.0,
          "fromX": 66.5622300542891,
          "fromY": 19.810825287364423,
          "toX": 66.5622300542891,
          "toY": 19.810825287364423,
          "radiusCenterX": 66.5622300542891,
          "radiusCenterY": 19.810825287364423,
          "liftX": 51.30927770026028,
          "liftY": 15.29373546410352,
          "actualLiftRadius": 15.907754586543023,
          "dangerRadius": 21.90775458654302,
          "sameRadius": true,
          "softConflict": 0,
          "hardMask": 0,
          "move": 0.0
        },
        {
          "craneId": "C1",
          "craneIndex": 0,
          "liftId": "L12",
          "liftIndex": 11,
          "start": 25.0,
          "finish": 50.0,
          "travel": 0.0,
          "setup": 0.0,
          "duration": 25.0,
          "fromX": 31.11770451068878,
          "fromY": 44.930363963358104,
          "toX": 31.11770451068878,
          "toY": 44.930363963358104,
          "radiusCenterX": 31.11770451068878,
          "radiusCenterY": 44.930363963358104,
          "liftX": 28.85309663042426,
          "liftY": 48.49846666213125,
          "actualLiftRadius": 4.226086336120971,
          "dangerRadius": 10.226086336120972,
          "sameRadius": true,
          "softConflict": 0,
          "hardMask": 0,
          "move": 0.0
        },
        {
          "craneId": "C2",
          "craneIndex": 1,
          "liftId": "L24",
          "liftIndex": 23,
          "start": 25.0,
          "finish": 50.0,
          "travel": 0.0,
          "setup": 0.0,
          "duration": 25.0,
          "fromX": 89.90581836737692,
          "fromY": 42.147667792625725,
          "toX": 89.90581836737692,
          "toY": 42.147667792625725,
          "radiusCenterX": 89.90581836737692,
          "radiusCenterY": 42.147667792625725,
          "liftX": 91.58120023086667,
          "liftY": 41.14399306382984,
          "actualLiftRadius": 1.9530149384308029,
          "dangerRadius": 7.953014938430803,
          "sameRadius": true,
          "softConflict": 0,
          "hardMask": 0,
          "move": 0.0
        },
        {
          "craneId": "C3",
          "craneIndex": 2,
          "liftId": "L7",
          "liftIndex": 6,
          "start": 25.0,
          "finish": 50.0,
          "travel": 0.0,
          "setup": 0.0,
          "duration": 25.0,
          "fromX": 66.5622300542891,
          "fromY": 19.810825287364423,
          "toX": 66.5622300542891,
          "toY": 19.810825287364423,
          "radiusCenterX": 66.5622300542891,
          "radiusCenterY": 19.810825287364423,
          "liftX": 53.44601599313319,
          "liftY": 25.600679737515748,
          "actualLiftRadius": 14.337276095967505,
          "dangerRadius": 20.337276095967503,
          "sameRadius": true,
          "softConflict": 0,
          "hardMask": 0,
          "move": 0.0
        },
        {
          "craneId": "C1",
          "craneIndex": 0,
          "liftId": "L21",
          "liftIndex": 20,
          "start": 50.0,
          "finish": 75.0,
          "travel": 0.0,
          "setup": 0.0,
          "duration": 25.0,
          "fromX": 31.11770451068878,
          "fromY": 44.930363963358104,
          "toX": 31.11770451068878,
          "toY": 44.930363963358104,
          "radiusCenterX": 31.11770451068878,
          "radiusCenterY": 44.930363963358104,
          "liftX": 24.0555997248739,
          "liftY": 38.961755448020995,
          "actualLiftRadius": 9.246491854491849,
          "dangerRadius": 15.246491854491849,
          "sameRadius": true,
          "softConflict": 0,
          "hardMask": 0,
          "move": 0.0
        },
        {
          "craneId": "C2",
          "craneIndex": 1,
          "liftId": "L17",
          "liftIndex": 16,
          "start": 50.0,
          "finish": 85.37561565065228,
          "travel": 0.37561565065228053,
          "setup": 10.0,
          "duration": 25.0,
          "fromX": 89.90581836737692,
          "fromY": 42.147667792625725,
          "toX": 86.2027222106913,
          "toY": 41.51854892004773,
          "radiusCenterX": 86.2027222106913,
          "radiusCenterY": 41.51854892004773,
          "liftX": 68.4569944422692,
          "liftY": 38.50372786913067,
          "actualLiftRadius": 17.999999999999996,
          "dangerRadius": 23.999999999999996,
          "sameRadius": false,
          "softConflict": 0,
          "hardMask": 0,
          "move": 3.7561565065228053
        },
        {
          "craneId": "C3",
          "craneIndex": 2,
          "liftId": "L4",
          "liftIndex": 3,
          "start": 50.0,
          "finish": 86.87648074898652,
          "travel": 1.8764807489865132,
          "setup": 10.0,
          "duration": 25.0,
          "fromX": 66.5622300542891,
          "fromY": 19.810825287364423,
          "toX": 48.540031717771186,
          "toY": 14.58412774006849,
          "radiusCenterX": 48.540031717771186,
          "radiusCenterY": 14.58412774006849,
          "liftX": 31.252373944967985,
          "liftY": 9.570457554422319,
          "actualLiftRadius": 18.000000000000007,
          "dangerRadius": 24.000000000000007,
          "sameRadius": false,
          "softConflict": 0,
          "hardMask": 0,
          "move": 18.76480748986513
        },
        {
          "craneId": "C1",
          "craneIndex": 0,
          "liftId": "L8",
          "liftIndex": 7,
          "start": 75.0,
          "finish": 100.0,
          "travel": 0.0,
          "setup": 0.0,
          "duration": 25.0,
          "fromX": 31.11770451068878,
          "fromY": 44.930363963358104,
          "toX": 31.11770451068878,
          "toY": 44.930363963358104,
          "radiusCenterX": 31.11770451068878,
          "radiusCenterY": 44.930363963358104,
          "liftX": 35.26979811862111,
          "liftY": 40.543107523582876,
          "actualLiftRadius": 6.040521533558317,
          "dangerRadius": 12.040521533558316,
          "sameRadius": true,
          "softConflict": 0,
          "hardMask": 0,
          "move": 0.0
        },
        {
          "craneId": "C2",
          "craneIndex": 1,
          "liftId": "L14",
          "liftIndex": 13,
          "start": 85.37561565065228,
          "finish": 121.49117525381276,
          "travel": 1.1155596031604837,
          "setup": 10.0,
          "duration": 25.0,
          "fromX": 86.2027222106913,
          "fromY": 41.51854892004773,
          "toX": 77.66652022790292,
          "toY": 48.70051094510726,
          "radiusCenterX": 77.66652022790292,
          "radiusCenterY": 48.70051094510726,
          "liftX": 63.89301720261574,
          "liftY": 60.28889368008822,
          "actualLiftRadius": 18.0,
          "dangerRadius": 24.0,
          "sameRadius": false,
          "softConflict": 0,
          "hardMask": 0,
          "move": 11.155596031604837
        },
        {
          "craneId": "C3",
          "craneIndex": 2,
          "liftId": "L23",
          "liftIndex": 22,
          "start": 86.87648074898652,
          "finish": 111.87648074898652,
          "travel": 0.0,
          "setup": 0.0,
          "duration": 25.0,
          "fromX": 48.540031717771186,
          "fromY": 14.58412774006849,
          "toX": 48.540031717771186,
          "toY": 14.58412774006849,
          "radiusCenterX": 48.540031717771186,
          "radiusCenterY": 14.58412774006849,
          "liftX": 55.26374931074679,
          "liftY": 8.151180517859757,
          "actualLiftRadius": 9.305438637367542,
          "dangerRadius": 15.305438637367542,
          "sameRadius": true,
          "softConflict": 0,
          "hardMask": 0,
          "move": 0.0
        },
        {
          "craneId": "C1",
          "craneIndex": 0,
          "liftId": "L22",
          "liftIndex": 21,
          "start": 100.0,
          "finish": 125.0,
          "travel": 0.0,
          "setup": 0.0,
          "duration": 25.0,
          "fromX": 31.11770451068878,
          "fromY": 44.930363963358104,
          "toX": 31.11770451068878,
          "toY": 44.930363963358104,
          "radiusCenterX": 31.11770451068878,
          "radiusCenterY": 44.930363963358104,
          "liftX": 39.81682686507702,
          "liftY": 31.567302043549716,
          "actualLiftRadius": 15.945098105977591,
          "dangerRadius": 21.945098105977593,
          "sameRadius": true,
          "softConflict": 0,
          "hardMask": 0,
          "move": 0.0
        },
        {
          "craneId": "C2",
          "craneIndex": 1,
          "liftId": "L13",
          "liftIndex": 12,
          "start": 121.49117525381276,
          "finish": 156.76816507273293,
          "travel": 0.27698981892017,
          "setup": 10.0,
          "duration": 25.0,
          "fromX": 77.66652022790292,
          "fromY": 48.70051094510726,
          "toX": 76.11739319570071,
          "toY": 50.99671246427827,
          "radiusCenterX": 76.11739319570071,
          "radiusCenterY": 50.99671246427827,
          "liftX": 66.0504937376827,
          "liftY": 65.9184260154143,
          "actualLiftRadius": 18.0,
          "dangerRadius": 24.0,
          "sameRadius": false,
          "softConflict": 0,
          "hardMask": 0,
          "move": 2.7698981892017
        },
        {
          "craneId": "C1",
          "craneIndex": 0,
          "liftId": "L5",
          "liftIndex": 4,
          "start": 125.0,
          "finish": 160.354061970129,
          "travel": 0.3540619701290099,
          "setup": 10.0,
          "duration": 25.0,
          "fromX": 31.11770451068878,
          "fromY": 44.930363963358104,
          "toX": 28.253202037674523,
          "toY": 47.01137656573676,
          "radiusCenterX": 28.253202037674523,
          "radiusCenterY": 47.01137656573676,
          "liftX": 13.690484529361129,
          "liftY": 57.590944551862776,
          "actualLiftRadius": 18.0,
          "dangerRadius": 24.0,
          "sameRadius": false,
          "softConflict": 0,
          "hardMask": 0,
          "move": 3.5406197012900993
        },
        {
          "craneId": "C2",
          "craneIndex": 1,
          "liftId": "L3",
          "liftIndex": 2,
          "start": 156.76816507273293,
          "finish": 193.61767392632666,
          "travel": 1.8495088535937334,
          "setup": 10.0,
          "duration": 25.0,
          "fromX": 76.11739319570071,
          "fromY": 50.99671246427827,
          "toX": 68.11830520175434,
          "toY": 67.67253002196531,
          "radiusCenterX": 68.11830520175434,
          "radiusCenterY": 67.67253002196531,
          "liftX": 60.33334198780358,
          "liftY": 83.90195847023278,
          "actualLiftRadius": 18.0,
          "dangerRadius": 24.0,
          "sameRadius": false,
          "softConflict": 0,
          "hardMask": 0,
          "move": 18.495088535937334
        },
        {
          "craneId": "C1",
          "craneIndex": 0,
          "liftId": "L16",
          "liftIndex": 15,
          "start": 160.354061970129,
          "finish": 196.02735592549976,
          "travel": 0.673293955370764,
          "setup": 10.0,
          "duration": 25.0,
          "fromX": 28.253202037674523,
          "fromY": 47.01137656573676,
          "toX": 25.564340198566534,
          "toY": 40.838654553198886,
          "radiusCenterX": 25.564340198566534,
          "radiusCenterY": 40.838654553198886,
          "liftX": 18.375873301178217,
          "liftY": 24.336353390477598,
          "actualLiftRadius": 18.0,
          "dangerRadius": 24.0,
          "sameRadius": false,
          "softConflict": 0,
          "hardMask": 0,
          "move": 6.73293955370764
        },
        {
          "craneId": "C2",
          "craneIndex": 1,
          "liftId": "L6",
          "liftIndex": 5,
          "start": 193.61767392632666,
          "finish": 231.49138570986008,
          "travel": 2.87371178353343,
          "setup": 10.0,
          "duration": 25.0,
          "fromX": 68.11830520175434,
          "fromY": 67.67253002196531,
          "toX": 40.25965526372504,
          "toY": 74.72359838869022,
          "radiusCenterX": 40.25965526372504,
          "radiusCenterY": 74.72359838869022,
          "liftX": 22.809899106621742,
          "liftY": 79.14015927445143,
          "actualLiftRadius": 18.000000000000007,
          "dangerRadius": 24.000000000000007,
          "sameRadius": false,
          "softConflict": 1,
          "hardMask": 0,
          "move": 28.7371178353343
        },
        {
          "craneId": "C1",
          "craneIndex": 0,
          "liftId": "L20",
          "liftIndex": 19,
          "start": 196.02735592549976,
          "finish": 232.1007966329724,
          "travel": 1.0734407074726364,
          "setup": 10.0,
          "duration": 25.0,
          "fromX": 25.564340198566534,
          "fromY": 40.838654553198886,
          "toX": 21.493405189247436,
          "toY": 30.90613305078896,
          "radiusCenterX": 21.493405189247436,
          "radiusCenterY": 30.90613305078896,
          "liftX": 14.66705421730876,
          "liftY": 14.250775582157075,
          "actualLiftRadius": 18.0,
          "dangerRadius": 24.0,
          "sameRadius": false,
          "softConflict": 0,
          "hardMask": 0,
          "move": 10.734407074726365
        },
        {
          "craneId": "C2",
          "craneIndex": 1,
          "liftId": "L15",
          "liftIndex": 14,
          "start": 231.49138570986008,
          "finish": 266.8723887909701,
          "travel": 0.38100308111001685,
          "setup": 10.0,
          "duration": 25.0,
          "fromX": 40.25965526372504,
          "fromY": 74.72359838869022,
          "toX": 36.47284693565921,
          "toY": 75.14361918344201,
          "radiusCenterX": 36.47284693565921,
          "radiusCenterY": 75.14361918344201,
          "liftX": 18.582558566704392,
          "liftY": 77.12795334775001,
          "actualLiftRadius": 18.0,
          "dangerRadius": 24.0,
          "sameRadius": false,
          "softConflict": 0,
          "hardMask": 0,
          "move": 3.8100308111001686
        },
        {
          "craneId": "C1",
          "craneIndex": 0,
          "liftId": "L19",
          "liftIndex": 18,
          "start": 232.1007966329724,
          "finish": 267.3846400092176,
          "travel": 0.2838433762452476,
          "setup": 10.0,
          "duration": 25.0,
          "fromX": 21.493405189247436,
          "fromY": 30.90613305078896,
          "toX": 20.953148465389436,
          "toY": 28.119588793800325,
          "radiusCenterX": 20.953148465389436,
          "radiusCenterY": 28.119588793800325,
          "liftX": 17.52709669061005,
          "liftY": 10.448647414334118,
          "actualLiftRadius": 18.0,
          "dangerRadius": 24.0,
          "sameRadius": false,
          "softConflict": 0,
          "hardMask": 0,
          "move": 2.838433762452476
        },
        {
          "craneId": "C2",
          "craneIndex": 1,
          "liftId": "L18",
          "liftIndex": 17,
          "start": 266.8723887909701,
          "finish": 291.8723887909701,
          "travel": 0.0,
          "setup": 0.0,
          "duration": 25.0,
          "fromX": 36.47284693565921,
          "fromY": 75.14361918344201,
          "toX": 36.47284693565921,
          "toY": 75.14361918344201,
          "radiusCenterX": 36.47284693565921,
          "radiusCenterY": 75.14361918344201,
          "liftX": 25.461074449121952,
          "liftY": 86.77713443618268,
          "actualLiftRadius": 16.018670682394614,
          "dangerRadius": 22.018670682394614,
          "sameRadius": true,
          "softConflict": 0,
          "hardMask": 0,
          "move": 0.0
        },
        {
          "craneId": "C1",
          "craneIndex": 0,
          "liftId": "L1",
          "liftIndex": 0,
          "start": 267.3846400092176,
          "finish": 306.6952237647919,
          "travel": 4.310583755574251,
          "setup": 10.0,
          "duration": 25.0,
          "fromX": 20.953148465389436,
          "fromY": 28.119588793800325,
          "toX": 63.87005373506571,
          "toY": 24.088153136904072,
          "radiusCenterX": 63.87005373506571,
          "radiusCenterY": 24.088153136904072,
          "liftX": 81.791159985587,
          "liftY": 22.404718921519816,
          "actualLiftRadius": 17.999999999999993,
          "dangerRadius": 23.999999999999993,
          "sameRadius": false,
          "softConflict": 0,
          "hardMask": 0,
          "move": 43.10583755574252
        },
        {
          "craneId": "C2",
          "craneIndex": 1,
          "liftId": "L10",
          "liftIndex": 9,
          "start": 291.8723887909701,
          "finish": 329.59193465644404,
          "travel": 2.7195458654739357,
          "setup": 10.0,
          "duration": 25.0,
          "fromX": 36.47284693565921,
          "fromY": 75.14361918344201,
          "toX": 63.293439976805104,
          "toY": 79.6434814438756,
          "radiusCenterX": 63.293439976805104,
          "radiusCenterY": 79.6434814438756,
          "liftX": 81.0453257188201,
          "liftY": 82.6218287376687,
          "actualLiftRadius": 17.999999999999993,
          "dangerRadius": 23.999999999999993,
          "sameRadius": false,
          "softConflict": 0,
          "hardMask": 0,
          "move": 27.195458654739358
        }
      ],
      "cranes": [
        {
          "id": "C1",
          "x": 31.11770451068878,
          "y": 44.930363963358104,
          "setup_x": 63.87005373506571,
          "setup_y": 24.088153136904072,
          "available": 306.6952237647919,
          "jobs": 10
        },
        {
          "id": "C2",
          "x": 89.90581836737692,
          "y": 42.147667792625725,
          "setup_x": 63.293439976805104,
          "setup_y": 79.6434814438756,
          "available": 329.59193465644404,
          "jobs": 10
        },
        {
          "id": "C3",
          "x": 66.5622300542891,
          "y": 19.810825287364423,
          "setup_x": 48.540031717771186,
          "setup_y": 14.58412774006849,
          "available": 111.87648074898652,
          "jobs": 4
        }
      ]
    },
    "nearest": {
      "done": 24,
      "total": 24,
      "makespan": 337.795,
      "reward": 289.76620960235596,
      "softInter": 0,
      "hardExecuted": 0,
      "hardMask": 10,
      "hardInter": 10,
      "travelTotal": 12.056311493658502,
      "setupTotal": 130.0,
      "moveTotal": 120.56311493658505,
      "actualLiftRadiusAvg": 14.030096736960127,
      "actualDangerRadiusAvg": 20.03009673696013,
      "events": [
        {
          "craneId": "C1",
          "craneIndex": 0,
          "liftId": "L8",
          "liftIndex": 7,
          "start": 0.0,
          "finish": 25.0,
          "travel": 0.0,
          "setup": 0.0,
          "duration": 25.0,
          "fromX": 31.11770451068878,
          "fromY": 44.930363963358104,
          "toX": 31.11770451068878,
          "toY": 44.930363963358104,
          "radiusCenterX": 31.11770451068878,
          "radiusCenterY": 44.930363963358104,
          "liftX": 35.26979811862111,
          "liftY": 40.543107523582876,
          "actualLiftRadius": 6.040521533558317,
          "dangerRadius": 12.040521533558316,
          "sameRadius": true,
          "softConflict": 0,
          "hardMask": 0,
          "move": 0.0
        },
        {
          "craneId": "C2",
          "craneIndex": 1,
          "liftId": "L2",
          "liftIndex": 1,
          "start": 0.0,
          "finish": 25.0,
          "travel": 0.0,
          "setup": 0.0,
          "duration": 25.0,
          "fromX": 89.90581836737692,
          "fromY": 42.147667792625725,
          "toX": 89.90581836737692,
          "toY": 42.147667792625725,
          "radiusCenterX": 89.90581836737692,
          "radiusCenterY": 42.147667792625725,
          "liftX": 82.5925524905324,
          "liftY": 40.26401315908879,
          "actualLiftRadius": 7.551954221515361,
          "dangerRadius": 13.551954221515361,
          "sameRadius": true,
          "softConflict": 0,
          "hardMask": 0,
          "move": 0.0
        },
        {
          "craneId": "C3",
          "craneIndex": 2,
          "liftId": "L1",
          "liftIndex": 0,
          "start": 0.0,
          "finish": 25.0,
          "travel": 0.0,
          "setup": 0.0,
          "duration": 25.0,
          "fromX": 66.5622300542891,
          "fromY": 19.810825287364423,
          "toX": 66.5622300542891,
          "toY": 19.810825287364423,
          "radiusCenterX": 66.5622300542891,
          "radiusCenterY": 19.810825287364423,
          "liftX": 81.791159985587,
          "liftY": 22.404718921519816,
          "actualLiftRadius": 15.448255274874663,
          "dangerRadius": 21.44825527487466,
          "sameRadius": true,
          "softConflict": 0,
          "hardMask": 0,
          "move": 0.0
        },
        {
          "craneId": "C1",
          "craneIndex": 0,
          "liftId": "L9",
          "liftIndex": 8,
          "start": 25.0,
          "finish": 50.0,
          "travel": 0.0,
          "setup": 0.0,
          "duration": 25.0,
          "fromX": 31.11770451068878,
          "fromY": 44.930363963358104,
          "toX": 31.11770451068878,
          "toY": 44.930363963358104,
          "radiusCenterX": 31.11770451068878,
          "radiusCenterY": 44.930363963358104,
          "liftX": 15.880401505157351,
          "liftY": 49.14508175943047,
          "actualLiftRadius": 15.809467068276092,
          "dangerRadius": 21.809467068276092,
          "sameRadius": true,
          "softConflict": 0,
          "hardMask": 0,
          "move": 0.0
        },
        {
          "craneId": "C2",
          "craneIndex": 1,
          "liftId": "L24",
          "liftIndex": 23,
          "start": 25.0,
          "finish": 50.0,
          "travel": 0.0,
          "setup": 0.0,
          "duration": 25.0,
          "fromX": 89.90581836737692,
          "fromY": 42.147667792625725,
          "toX": 89.90581836737692,
          "toY": 42.147667792625725,
          "radiusCenterX": 89.90581836737692,
          "radiusCenterY": 42.147667792625725,
          "liftX": 91.58120023086667,
          "liftY": 41.14399306382984,
          "actualLiftRadius": 1.9530149384308029,
          "dangerRadius": 7.953014938430803,
          "sameRadius": true,
          "softConflict": 0,
          "hardMask": 0,
          "move": 0.0
        },
        {
          "craneId": "C3",
          "craneIndex": 2,
          "liftId": "L7",
          "liftIndex": 6,
          "start": 25.0,
          "finish": 50.0,
          "travel": 0.0,
          "setup": 0.0,
          "duration": 25.0,
          "fromX": 66.5622300542891,
          "fromY": 19.810825287364423,
          "toX": 66.5622300542891,
          "toY": 19.810825287364423,
          "radiusCenterX": 66.5622300542891,
          "radiusCenterY": 19.810825287364423,
          "liftX": 53.44601599313319,
          "liftY": 25.600679737515748,
          "actualLiftRadius": 14.337276095967505,
          "dangerRadius": 20.337276095967503,
          "sameRadius": true,
          "softConflict": 0,
          "hardMask": 0,
          "move": 0.0
        },
        {
          "craneId": "C1",
          "craneIndex": 0,
          "liftId": "L12",
          "liftIndex": 11,
          "start": 50.0,
          "finish": 75.0,
          "travel": 0.0,
          "setup": 0.0,
          "duration": 25.0,
          "fromX": 31.11770451068878,
          "fromY": 44.930363963358104,
          "toX": 31.11770451068878,
          "toY": 44.930363963358104,
          "radiusCenterX": 31.11770451068878,
          "radiusCenterY": 44.930363963358104,
          "liftX": 28.85309663042426,
          "liftY": 48.49846666213125,
          "actualLiftRadius": 4.226086336120971,
          "dangerRadius": 10.226086336120972,
          "sameRadius": true,
          "softConflict": 0,
          "hardMask": 0,
          "move": 0.0
        },
        {
          "craneId": "C2",
          "craneIndex": 1,
          "liftId": "L17",
          "liftIndex": 16,
          "start": 50.0,
          "finish": 85.37561565065228,
          "travel": 0.37561565065228053,
          "setup": 10.0,
          "duration": 25.0,
          "fromX": 89.90581836737692,
          "fromY": 42.147667792625725,
          "toX": 86.2027222106913,
          "toY": 41.51854892004773,
          "radiusCenterX": 86.2027222106913,
          "radiusCenterY": 41.51854892004773,
          "liftX": 68.4569944422692,
          "liftY": 38.50372786913067,
          "actualLiftRadius": 17.999999999999996,
          "dangerRadius": 23.999999999999996,
          "sameRadius": false,
          "softConflict": 0,
          "hardMask": 0,
          "move": 3.7561565065228053
        },
        {
          "craneId": "C3",
          "craneIndex": 2,
          "liftId": "L4",
          "liftIndex": 3,
          "start": 50.0,
          "finish": 86.87648074898652,
          "travel": 1.8764807489865132,
          "setup": 10.0,
          "duration": 25.0,
          "fromX": 66.5622300542891,
          "fromY": 19.810825287364423,
          "toX": 48.540031717771186,
          "toY": 14.58412774006849,
          "radiusCenterX": 48.540031717771186,
          "radiusCenterY": 14.58412774006849,
          "liftX": 31.252373944967985,
          "liftY": 9.570457554422319,
          "actualLiftRadius": 18.000000000000007,
          "dangerRadius": 24.000000000000007,
          "sameRadius": false,
          "softConflict": 0,
          "hardMask": 0,
          "move": 18.76480748986513
        },
        {
          "craneId": "C1",
          "craneIndex": 0,
          "liftId": "L21",
          "liftIndex": 20,
          "start": 75.0,
          "finish": 100.0,
          "travel": 0.0,
          "setup": 0.0,
          "duration": 25.0,
          "fromX": 31.11770451068878,
          "fromY": 44.930363963358104,
          "toX": 31.11770451068878,
          "toY": 44.930363963358104,
          "radiusCenterX": 31.11770451068878,
          "radiusCenterY": 44.930363963358104,
          "liftX": 24.0555997248739,
          "liftY": 38.961755448020995,
          "actualLiftRadius": 9.246491854491849,
          "dangerRadius": 15.246491854491849,
          "sameRadius": true,
          "softConflict": 0,
          "hardMask": 0,
          "move": 0.0
        },
        {
          "craneId": "C2",
          "craneIndex": 1,
          "liftId": "L14",
          "liftIndex": 13,
          "start": 85.37561565065228,
          "finish": 121.49117525381276,
          "travel": 1.1155596031604837,
          "setup": 10.0,
          "duration": 25.0,
          "fromX": 86.2027222106913,
          "fromY": 41.51854892004773,
          "toX": 77.66652022790292,
          "toY": 48.70051094510726,
          "radiusCenterX": 77.66652022790292,
          "radiusCenterY": 48.70051094510726,
          "liftX": 63.89301720261574,
          "liftY": 60.28889368008822,
          "actualLiftRadius": 18.0,
          "dangerRadius": 24.0,
          "sameRadius": false,
          "softConflict": 0,
          "hardMask": 0,
          "move": 11.155596031604837
        },
        {
          "craneId": "C3",
          "craneIndex": 2,
          "liftId": "L11",
          "liftIndex": 10,
          "start": 86.87648074898652,
          "finish": 111.87648074898652,
          "travel": 0.0,
          "setup": 0.0,
          "duration": 25.0,
          "fromX": 48.540031717771186,
          "fromY": 14.58412774006849,
          "toX": 48.540031717771186,
          "toY": 14.58412774006849,
          "radiusCenterX": 48.540031717771186,
          "radiusCenterY": 14.58412774006849,
          "liftX": 51.30927770026028,
          "liftY": 15.29373546410352,
          "actualLiftRadius": 2.8587176204623943,
          "dangerRadius": 8.858717620462395,
          "sameRadius": true,
          "softConflict": 0,
          "hardMask": 0,
          "move": 0.0
        },
        {
          "craneId": "C1",
          "craneIndex": 0,
          "liftId": "L22",
          "liftIndex": 21,
          "start": 100.0,
          "finish": 125.0,
          "travel": 0.0,
          "setup": 0.0,
          "duration": 25.0,
          "fromX": 31.11770451068878,
          "fromY": 44.930363963358104,
          "toX": 31.11770451068878,
          "toY": 44.930363963358104,
          "radiusCenterX": 31.11770451068878,
          "radiusCenterY": 44.930363963358104,
          "liftX": 39.81682686507702,
          "liftY": 31.567302043549716,
          "actualLiftRadius": 15.945098105977591,
          "dangerRadius": 21.945098105977593,
          "sameRadius": true,
          "softConflict": 0,
          "hardMask": 0,
          "move": 0.0
        },
        {
          "craneId": "C3",
          "craneIndex": 2,
          "liftId": "L23",
          "liftIndex": 22,
          "start": 111.87648074898652,
          "finish": 136.87648074898652,
          "travel": 0.0,
          "setup": 0.0,
          "duration": 25.0,
          "fromX": 48.540031717771186,
          "fromY": 14.58412774006849,
          "toX": 48.540031717771186,
          "toY": 14.58412774006849,
          "radiusCenterX": 48.540031717771186,
          "radiusCenterY": 14.58412774006849,
          "liftX": 55.26374931074679,
          "liftY": 8.151180517859757,
          "actualLiftRadius": 9.305438637367542,
          "dangerRadius": 15.305438637367542,
          "sameRadius": true,
          "softConflict": 0,
          "hardMask": 0,
          "move": 0.0
        },
        {
          "craneId": "C2",
          "craneIndex": 1,
          "liftId": "L13",
          "liftIndex": 12,
          "start": 121.49117525381276,
          "finish": 156.76816507273293,
          "travel": 0.27698981892017,
          "setup": 10.0,
          "duration": 25.0,
          "fromX": 77.66652022790292,
          "fromY": 48.70051094510726,
          "toX": 76.11739319570071,
          "toY": 50.99671246427827,
          "radiusCenterX": 76.11739319570071,
          "radiusCenterY": 50.99671246427827,
          "liftX": 66.0504937376827,
          "liftY": 65.9184260154143,
          "actualLiftRadius": 18.0,
          "dangerRadius": 24.0,
          "sameRadius": false,
          "softConflict": 0,
          "hardMask": 0,
          "move": 2.7698981892017
        },
        {
          "craneId": "C1",
          "craneIndex": 0,
          "liftId": "L5",
          "liftIndex": 4,
          "start": 125.0,
          "finish": 160.354061970129,
          "travel": 0.3540619701290099,
          "setup": 10.0,
          "duration": 25.0,
          "fromX": 31.11770451068878,
          "fromY": 44.930363963358104,
          "toX": 28.253202037674523,
          "toY": 47.01137656573676,
          "radiusCenterX": 28.253202037674523,
          "radiusCenterY": 47.01137656573676,
          "liftX": 13.690484529361129,
          "liftY": 57.590944551862776,
          "actualLiftRadius": 18.0,
          "dangerRadius": 24.0,
          "sameRadius": false,
          "softConflict": 0,
          "hardMask": 0,
          "move": 3.5406197012900993
        },
        {
          "craneId": "C2",
          "craneIndex": 1,
          "liftId": "L10",
          "liftIndex": 9,
          "start": 156.76816507273293,
          "finish": 193.1688407799202,
          "travel": 1.400675707187284,
          "setup": 10.0,
          "duration": 25.0,
          "fromX": 76.11739319570071,
          "fromY": 50.99671246427827,
          "toX": 78.27394887433185,
          "toY": 64.83645636636777,
          "radiusCenterX": 78.27394887433185,
          "radiusCenterY": 64.83645636636777,
          "liftX": 81.0453257188201,
          "liftY": 82.6218287376687,
          "actualLiftRadius": 17.999999999999996,
          "dangerRadius": 23.999999999999996,
          "sameRadius": false,
          "softConflict": 0,
          "hardMask": 0,
          "move": 14.006757071872839
        },
        {
          "craneId": "C1",
          "craneIndex": 0,
          "liftId": "L16",
          "liftIndex": 15,
          "start": 160.354061970129,
          "finish": 196.02735592549976,
          "travel": 0.673293955370764,
          "setup": 10.0,
          "duration": 25.0,
          "fromX": 28.253202037674523,
          "fromY": 47.01137656573676,
          "toX": 25.564340198566534,
          "toY": 40.838654553198886,
          "radiusCenterX": 25.564340198566534,
          "radiusCenterY": 40.838654553198886,
          "liftX": 18.375873301178217,
          "liftY": 24.336353390477598,
          "actualLiftRadius": 18.0,
          "dangerRadius": 24.0,
          "sameRadius": false,
          "softConflict": 0,
          "hardMask": 0,
          "move": 6.73293955370764
        },
        {
          "craneId": "C2",
          "craneIndex": 1,
          "liftId": "L3",
          "liftIndex": 2,
          "start": 193.1688407799202,
          "finish": 228.98677650474124,
          "travel": 0.8179357248210403,
          "setup": 10.0,
          "duration": 25.0,
          "fromX": 78.27394887433185,
          "fromY": 64.83645636636777,
          "toX": 72.6686686688887,
          "toY": 70.79319362868841,
          "radiusCenterX": 72.6686686688887,
          "radiusCenterY": 70.79319362868841,
          "liftX": 60.33334198780358,
          "liftY": 83.90195847023278,
          "actualLiftRadius": 18.000000000000007,
          "dangerRadius": 24.000000000000007,
          "sameRadius": false,
          "softConflict": 0,
          "hardMask": 0,
          "move": 8.179357248210403
        },
        {
          "craneId": "C1",
          "craneIndex": 0,
          "liftId": "L20",
          "liftIndex": 19,
          "start": 196.02735592549976,
          "finish": 232.1007966329724,
          "travel": 1.0734407074726364,
          "setup": 10.0,
          "duration": 25.0,
          "fromX": 25.564340198566534,
          "fromY": 40.838654553198886,
          "toX": 21.493405189247436,
          "toY": 30.90613305078896,
          "radiusCenterX": 21.493405189247436,
          "radiusCenterY": 30.90613305078896,
          "liftX": 14.66705421730876,
          "liftY": 14.250775582157075,
          "actualLiftRadius": 18.0,
          "dangerRadius": 24.0,
          "sameRadius": false,
          "softConflict": 0,
          "hardMask": 0,
          "move": 10.734407074726365
        },
        {
          "craneId": "C2",
          "craneIndex": 1,
          "liftId": "L18",
          "liftIndex": 17,
          "start": 228.98677650474124,
          "finish": 267.17079427733756,
          "travel": 3.1840177725963565,
          "setup": 10.0,
          "duration": 25.0,
          "fromX": 72.6686686688887,
          "fromY": 70.79319362868841,
          "toX": 42.51030530515766,
          "toY": 81.00446371825669,
          "radiusCenterX": 42.51030530515766,
          "radiusCenterY": 81.00446371825669,
          "liftX": 25.461074449121952,
          "liftY": 86.77713443618268,
          "actualLiftRadius": 18.000000000000004,
          "dangerRadius": 24.000000000000004,
          "sameRadius": false,
          "softConflict": 0,
          "hardMask": 0,
          "move": 31.840177725963564
        },
        {
          "craneId": "C1",
          "craneIndex": 0,
          "liftId": "L19",
          "liftIndex": 18,
          "start": 232.1007966329724,
          "finish": 267.3846400092176,
          "travel": 0.2838433762452476,
          "setup": 10.0,
          "duration": 25.0,
          "fromX": 21.493405189247436,
          "fromY": 30.90613305078896,
          "toX": 20.953148465389436,
          "toY": 28.119588793800325,
          "radiusCenterX": 20.953148465389436,
          "radiusCenterY": 28.119588793800325,
          "liftX": 17.52709669061005,
          "liftY": 10.448647414334118,
          "actualLiftRadius": 18.0,
          "dangerRadius": 24.0,
          "sameRadius": false,
          "softConflict": 0,
          "hardMask": 0,
          "move": 2.838433762452476
        },
        {
          "craneId": "C2",
          "craneIndex": 1,
          "liftId": "L6",
          "liftIndex": 5,
          "start": 267.17079427733756,
          "finish": 302.3496364525666,
          "travel": 0.17884217522900112,
          "setup": 10.0,
          "duration": 25.0,
          "fromX": 42.51030530515766,
          "fromY": 81.00446371825669,
          "toX": 40.729838150401704,
          "toY": 80.83597314018387,
          "radiusCenterX": 40.729838150401704,
          "radiusCenterY": 80.83597314018387,
          "liftX": 22.809899106621742,
          "liftY": 79.14015927445143,
          "actualLiftRadius": 17.999999999999996,
          "dangerRadius": 23.999999999999996,
          "sameRadius": false,
          "softConflict": 0,
          "hardMask": 0,
          "move": 1.7884217522900112
        },
        {
          "craneId": "C2",
          "craneIndex": 1,
          "liftId": "L15",
          "liftIndex": 14,
          "start": 302.3496364525666,
          "finish": 337.7951907354543,
          "travel": 0.44555428288771715,
          "setup": 10.0,
          "duration": 25.0,
          "fromX": 40.729838150401704,
          "fromY": 80.83597314018387,
          "toX": 36.335459734334954,
          "toY": 80.10024205047414,
          "radiusCenterX": 36.335459734334954,
          "radiusCenterY": 80.10024205047414,
          "liftX": 18.582558566704392,
          "liftY": 77.12795334775001,
          "actualLiftRadius": 18.0,
          "dangerRadius": 24.0,
          "sameRadius": false,
          "softConflict": 0,
          "hardMask": 0,
          "move": 4.455542828877172
        }
      ],
      "cranes": [
        {
          "id": "C1",
          "x": 31.11770451068878,
          "y": 44.930363963358104,
          "setup_x": 20.953148465389436,
          "setup_y": 28.119588793800325,
          "available": 267.3846400092176,
          "jobs": 9
        },
        {
          "id": "C2",
          "x": 89.90581836737692,
          "y": 42.147667792625725,
          "setup_x": 36.335459734334954,
          "setup_y": 80.10024205047414,
          "available": 337.7951907354543,
          "jobs": 10
        },
        {
          "id": "C3",
          "x": 66.5622300542891,
          "y": 19.810825287364423,
          "setup_x": 48.540031717771186,
          "setup_y": 14.58412774006849,
          "available": 136.87648074898652,
          "jobs": 5
        }
      ]
    }
  },
  "modelPath": "python_mappo/outputs_sensitivity_step6/K6_pMovem0p05_pTimem0p1_pSoftm3p0/pytorch_mappo_model.pt"
}
{
  "runs": [
    {
      "candidateK": 5,
      "pMove": -0.02,
      "pTime": -0.1,
      "pInterSoft": -3.0,
      "episodes": 60,
      "outdir": "python_mappo/outputs_sensitivity_step6/K5_pMovem0p02_pTimem0p1_pSoftm3p0",
      "seenMAPPO": 324.06309999999996,
      "seenNearest": 347.8401,
      "seenRandom": 358.88989999999995,
      "seenImproveVsNearestPct": 6.83561211027712,
      "unseenMAPPO": 329.22370000000006,
      "unseenNearest": 348.0688333333333,
      "unseenRandom": 344.59103333333337,
      "unseenImproveVsNearestPct": 5.414197287605446,
      "unseenImproveVsRandomPct": 4.459585957498789,
      "completionUnseen": 100.0,
      "hardExecutedUnseen": 0.0,
      "hardMaskUnseen": 13.133333333333333,
      "softUnseen": 6.1,
      "moveUnseen": 154.4833000129159,
      "setupUnseen": 120.66666666666667
    },
    {
      "candidateK": 5,
      "pMove": -0.05,
      "pTime": -0.1,
      "pInterSoft": -3.0,
      "episodes": 60,
      "outdir": "python_mappo/outputs_sensitivity_step6/K5_pMovem0p05_pTimem0p1_pSoftm3p0",
      "seenMAPPO": 306.2754,
      "seenNearest": 347.8401,
      "seenRandom": 358.88989999999995,
      "seenImproveVsNearestPct": 11.949369839762584,
      "unseenMAPPO": 324.1508666666667,
      "unseenNearest": 348.0688333333333,
      "unseenRandom": 344.59103333333337,
      "unseenImproveVsNearestPct": 6.871619741880551,
      "unseenImproveVsRandomPct": 5.931717511318499,
      "completionUnseen": 100.0,
      "hardExecutedUnseen": 0.0,
      "hardMaskUnseen": 15.766666666666667,
      "softUnseen": 6.9,
      "moveUnseen": 154.9960297070638,
      "setupUnseen": 107.0
    },
    {
      "candidateK": 6,
      "pMove": -0.02,
      "pTime": -0.1,
      "pInterSoft": -3.0,
      "episodes": 60,
      "outdir": "python_mappo/outputs_sensitivity_step6/K6_pMovem0p02_pTimem0p1_pSoftm3p0",
      "seenMAPPO": 328.5648,
      "seenNearest": 344.4566,
      "seenRandom": 362.6606,
      "seenImproveVsNearestPct": 4.613585572173676,
      "unseenMAPPO": 351.66010000000006,
      "unseenNearest": 341.2619333333333,
      "unseenRandom": 349.1667333333333,
      "unseenImproveVsNearestPct": -3.0469752559568954,
      "unseenImproveVsRandomPct": -0.7140905557822593,
      "completionUnseen": 100.0,
      "hardExecutedUnseen": 0.0,
      "hardMaskUnseen": 17.666666666666668,
      "softUnseen": 5.933333333333334,
      "moveUnseen": 143.56629430557197,
      "setupUnseen": 127.33333333333333
    },
    {
      "candidateK": 6,
      "pMove": -0.05,
      "pTime": -0.1,
      "pInterSoft": -3.0,
      "episodes": 60,
      "outdir": "python_mappo/outputs_sensitivity_step6/K6_pMovem0p05_pTimem0p1_pSoftm3p0",
      "seenMAPPO": 308.361,
      "seenNearest": 344.4566,
      "seenRandom": 362.6606,
      "seenImproveVsNearestPct": 10.478997934718045,
      "unseenMAPPO": 343.0228333333333,
      "unseenNearest": 341.2619333333333,
      "unseenRandom": 349.1667333333333,
      "unseenImproveVsNearestPct": -0.5159966078842028,
      "unseenImproveVsRandomPct": 1.7595891628469307,
      "completionUnseen": 100.0,
      "hardExecutedUnseen": 0.0,
      "hardMaskUnseen": 17.666666666666668,
      "softUnseen": 6.3,
      "moveUnseen": 143.6387640823274,
      "setupUnseen": 127.0
    }
  ],
  "ranked": [
    {
      "candidateK": 5,
      "pMove": -0.05,
      "pTime": -0.1,
      "pInterSoft": -3.0,
      "episodes": 60,
      "outdir": "python_mappo/outputs_sensitivity_step6/K5_pMovem0p05_pTimem0p1_pSoftm3p0",
      "seenMAPPO": 306.2754,
      "seenNearest": 347.8401,
      "seenRandom": 358.88989999999995,
      "seenImproveVsNearestPct": 11.949369839762584,
      "unseenMAPPO": 324.1508666666667,
      "unseenNearest": 348.0688333333333,
      "unseenRandom": 344.59103333333337,
      "unseenImproveVsNearestPct": 6.871619741880551,
      "unseenImproveVsRandomPct": 5.931717511318499,
      "completionUnseen": 100.0,
      "hardExecutedUnseen": 0.0,
      "hardMaskUnseen": 15.766666666666667,
      "softUnseen": 6.9,
      "moveUnseen": 154.9960297070638,
      "setupUnseen": 107.0
    },
    {
      "candidateK": 5,
      "pMove": -0.02,
      "pTime": -0.1,
      "pInterSoft": -3.0,
      "episodes": 60,
      "outdir": "python_mappo/outputs_sensitivity_step6/K5_pMovem0p02_pTimem0p1_pSoftm3p0",
      "seenMAPPO": 324.06309999999996,
      "seenNearest": 347.8401,
      "seenRandom": 358.88989999999995,
      "seenImproveVsNearestPct": 6.83561211027712,
      "unseenMAPPO": 329.22370000000006,
      "unseenNearest": 348.0688333333333,
      "unseenRandom": 344.59103333333337,
      "unseenImproveVsNearestPct": 5.414197287605446,
      "unseenImproveVsRandomPct": 4.459585957498789,
      "completionUnseen": 100.0,
      "hardExecutedUnseen": 0.0,
      "hardMaskUnseen": 13.133333333333333,
      "softUnseen": 6.1,
      "moveUnseen": 154.4833000129159,
      "setupUnseen": 120.66666666666667
    },
    {
      "candidateK": 6,
      "pMove": -0.05,
      "pTime": -0.1,
      "pInterSoft": -3.0,
      "episodes": 60,
      "outdir": "python_mappo/outputs_sensitivity_step6/K6_pMovem0p05_pTimem0p1_pSoftm3p0",
      "seenMAPPO": 308.361,
      "seenNearest": 344.4566,
      "seenRandom": 362.6606,
      "seenImproveVsNearestPct": 10.478997934718045,
      "unseenMAPPO": 343.0228333333333,
      "unseenNearest": 341.2619333333333,
      "unseenRandom": 349.1667333333333,
      "unseenImproveVsNearestPct": -0.5159966078842028,
      "unseenImproveVsRandomPct": 1.7595891628469307,
      "completionUnseen": 100.0,
      "hardExecutedUnseen": 0.0,
      "hardMaskUnseen": 17.666666666666668,
      "softUnseen": 6.3,
      "moveUnseen": 143.6387640823274,
      "setupUnseen": 127.0
    },
    {
      "candidateK": 6,
      "pMove": -0.02,
      "pTime": -0.1,
      "pInterSoft": -3.0,
      "episodes": 60,
      "outdir": "python_mappo/outputs_sensitivity_step6/K6_pMovem0p02_pTimem0p1_pSoftm3p0",
      "seenMAPPO": 328.5648,
      "seenNearest": 344.4566,
      "seenRandom": 362.6606,
      "seenImproveVsNearestPct": 4.613585572173676,
      "unseenMAPPO": 351.66010000000006,
      "unseenNearest": 341.2619333333333,
      "unseenRandom": 349.1667333333333,
      "unseenImproveVsNearestPct": -3.0469752559568954,
      "unseenImproveVsRandomPct": -0.7140905557822593,
      "completionUnseen": 100.0,
      "hardExecutedUnseen": 0.0,
      "hardMaskUnseen": 17.666666666666668,
      "softUnseen": 5.933333333333334,
      "moveUnseen": 143.56629430557197,
      "setupUnseen": 127.33333333333333
    }
  ]
}
