ep=8/80 makespan=312.9 reward=260.5 best=290.058 seenBest=330.5514999999999 updates=32
ep=16/80 makespan=293.6 reward=270.5 best=279.43 seenBest=330.5514999999999 updates=64
ep=24/80 makespan=411.0 reward=271.8 best=268.23 seenBest=329.59069999999997 updates=96
ep=32/80 makespan=287.7 reward=278.0 best=268.23 seenBest=329.59069999999997 updates=128
ep=40/80 makespan=273.7 reward=277.7 best=248.076 seenBest=317.7678 updates=160
ep=48/80 makespan=336.5 reward=256.5 best=248.076 seenBest=317.7678 updates=192
ep=56/80 makespan=396.7 reward=281.2 best=244.198 seenBest=317.7678 updates=224
ep=64/80 makespan=291.9 reward=262.8 best=244.198 seenBest=317.7678 updates=256
ep=72/80 makespan=342.5 reward=236.5 best=244.198 seenBest=317.7678 updates=288
ep=80/80 makespan=264.3 reward=265.5 best=244.198 seenBest=317.7678 updates=320
{
  "config": {
    "num_cranes": 3,
    "num_lifts": 24,
    "fixed_duration": 25.0,
    "setup_time": 10.0,
    "crane_radius": 18.0,
    "candidate_k": 5,
    "max_steps": 220,
    "base_seed": 101,
    "seed_runs": 10,
    "train_episodes": 80,
    "seen_seed_start": 101,
    "seen_seed_count": 10,
    "unseen_seed_start": 201,
    "unseen_seed_count": 20,
    "reward": {
      "r_single": 10.0,
      "r_all": 100.0,
      "r_same": 3.0,
      "p_idle": -0.5,
      "p_inter_soft": -3.0,
      "p_time": -0.1,
      "p_move": -0.02,
      "soft_buffer": 6.0
    },
    "mappo": {
      "gamma": 0.92,
      "gae_lambda": 0.95,
      "actor_lr": 0.001,
      "critic_lr": 0.002,
      "clip_eps": 0.2,
      "entropy_coef": 0.01,
      "value_coef": 0.5,
      "max_grad_norm": 0.5,
      "update_epochs": 4,
      "minibatch_size": 256,
      "hidden_dim": 96,
      "eps_start": 0.35,
      "eps_end": 0.05
    }
  },
  "elapsedSec": 36.62752318382263,
  "trainEpisodes": 80,
  "trainSummary": {
    "best": {
      "ep": 50,
      "seed": 110,
      "makespan": 244.198,
      "done": 24,
      "total": 24,
      "reward": 295.0769920349121,
      "soft": 4,
      "hardExecuted": 0,
      "hardMask": 2,
      "move": 147.43331045768042,
      "travel": 14.743331045768041,
      "setup": 100.0
    },
    "bestCheckpointSeen": {
      "n": 10,
      "completeRate": 100.0,
      "makespan": 317.7678,
      "makespanSd": 42.352458478345746,
      "reward": 282.8044883728027,
      "soft": 4.4,
      "hardExecuted": 0.0,
      "hardMask": 12.6,
      "travel": 16.485025631220488,
      "setup": 119.0,
      "move": 164.85025631220486,
      "actualLiftRadius": 14.931332359288794,
      "actualDangerRadius": 20.931332359288795,
      "ep": 40
    },
    "first10": {
      "n": 10,
      "completeRate": 100.0,
      "makespan": 327.3864,
      "makespanSd": 28.360744373870013,
      "reward": 259.94288834929466,
      "soft": 7.4,
      "hardExecuted": 0.0,
      "hardMask": 12.9,
      "travel": 22.69034737914985,
      "setup": 148.0,
      "move": 226.90347379149847,
      "actualLiftRadius": 0.0,
      "actualDangerRadius": 0.0
    },
    "last20": {
      "n": 20,
      "completeRate": 100.0,
      "makespan": 331.5104,
      "makespanSd": 57.49678308166466,
      "reward": 258.50430277585986,
      "soft": 7.7,
      "hardExecuted": 0.0,
      "hardMask": 14.8,
      "travel": 21.735644189706917,
      "setup": 150.0,
      "move": 217.35644189706917,
      "actualLiftRadius": 0.0,
      "actualDangerRadius": 0.0
    },
    "modelStats": {
      "updates": 160,
      "actorShareMode": "typeShared",
      "craneType": "50톤 모바일 크레인",
      "actorDim": 17,
      "criticDim": 14
    }
  },
  "learningCurve": [
    {
      "ep": 1,
      "seed": 101,
      "makespan": 331.866,
      "done": 24,
      "total": 24,
      "reward": 263.1432113647461,
      "soft": 10,
      "hardExecuted": 0,
      "hardMask": 14,
      "move": 261.89253752663205,
      "travel": 26.189253752663205,
      "setup": 120.0
    },
    {
      "ep": 2,
      "seed": 102,
      "makespan": 341.424,
      "done": 24,
      "total": 24,
      "reward": 238.64156818389893,
      "soft": 12,
      "hardExecuted": 0,
      "hardMask": 24,
      "move": 261.94728718288167,
      "travel": 26.194728718288168,
      "setup": 160.0
    },
    {
      "ep": 3,
      "seed": 103,
      "makespan": 361.125,
      "done": 24,
      "total": 24,
      "reward": 239.66256999969482,
      "soft": 10,
      "hardExecuted": 0,
      "hardMask": 12,
      "move": 277.91412318120257,
      "travel": 27.79141231812026,
      "setup": 170.0
    },
    {
      "ep": 4,
      "seed": 104,
      "makespan": 345.818,
      "done": 24,
      "total": 24,
      "reward": 279.9728846549988,
      "soft": 6,
      "hardExecuted": 0,
      "hardMask": 11,
      "move": 234.23685572575474,
      "travel": 23.423685572575476,
      "setup": 110.0
    },
    {
      "ep": 5,
      "seed": 105,
      "makespan": 292.289,
      "done": 24,
      "total": 24,
      "reward": 284.6644744873047,
      "soft": 3,
      "hardExecuted": 0,
      "hardMask": 11,
      "move": 111.18411156222747,
      "travel": 11.118411156222749,
      "setup": 130.0
    },
    {
      "ep": 6,
      "seed": 106,
      "makespan": 306.035,
      "done": 24,
      "total": 24,
      "reward": 265.99586725234985,
      "soft": 4,
      "hardExecuted": 0,
      "hardMask": 7,
      "move": 233.47079652154727,
      "travel": 23.347079652154726,
      "setup": 160.0
    },
    {
      "ep": 7,
      "seed": 107,
      "makespan": 290.058,
      "done": 24,
      "total": 24,
      "reward": 259.6448745727539,
      "soft": 11,
      "hardExecuted": 0,
      "hardMask": 9,
      "move": 145.1707018497236,
      "travel": 14.517070184972361,
      "setup": 130.0
    },
    {
      "ep": 8,
      "seed": 108,
      "makespan": 312.877,
      "done": 24,
      "total": 24,
      "reward": 260.4962949156761,
      "soft": 6,
      "hardExecuted": 0,
      "hardMask": 13,
      "move": 166.78982730381418,
      "travel": 16.678982730381417,
      "setup": 160.0
    },
    {
      "ep": 9,
      "seed": 109,
      "makespan": 380.462,
      "done": 24,
      "total": 24,
      "reward": 236.07821702957153,
      "soft": 8,
      "hardExecuted": 0,
      "hardMask": 20,
      "move": 380.7259633822211,
      "travel": 38.072596338222105,
      "setup": 190.0
    },
    {
      "ep": 10,
      "seed": 110,
      "makespan": 311.91,
      "done": 24,
      "total": 24,
      "reward": 271.1289210319519,
      "soft": 4,
      "hardExecuted": 0,
      "hardMask": 8,
      "move": 195.70253367898013,
      "travel": 19.570253367898015,
      "setup": 150.0
    },
    {
      "ep": 11,
      "seed": 101,
      "makespan": 482.348,
      "done": 24,
      "total": 24,
      "reward": 251.735493183136,
      "soft": 2,
      "hardExecuted": 0,
      "hardMask": 26,
      "move": 358.816858146207,
      "travel": 35.881685814620695,
      "setup": 190.0
    },
    {
      "ep": 12,
      "seed": 102,
      "makespan": 279.43,
      "done": 24,
      "total": 24,
      "reward": 266.8235845565796,
      "soft": 10,
      "hardExecuted": 0,
      "hardMask": 5,
      "move": 205.8804060575026,
      "travel": 20.588040605750255,
      "setup": 120.0
    },
    {
      "ep": 13,
      "seed": 103,
      "makespan": 428.357,
      "done": 24,
      "total": 24,
      "reward": 276.0660376548767,
      "soft": 1,
      "hardExecuted": 0,
      "hardMask": 19,
      "move": 314.46525752503527,
      "travel": 31.44652575250352,
      "setup": 140.0
    },
    {
      "ep": 14,
      "seed": 104,
      "makespan": 340.983,
      "done": 24,
      "total": 24,
      "reward": 285.176794052124,
      "soft": 6,
      "hardExecuted": 0,
      "hardMask": 12,
      "move": 194.10673568071448,
      "travel": 19.41067356807145,
      "setup": 100.0
    },
    {
      "ep": 15,
      "seed": 105,
      "makespan": 325.73,
      "done": 24,
      "total": 24,
      "reward": 252.47260427474976,
      "soft": 8,
      "hardExecuted": 0,
      "hardMask": 12,
      "move": 150.9129077792035,
      "travel": 15.091290777920351,
      "setup": 170.0
    },
    {
      "ep": 16,
      "seed": 106,
      "makespan": 293.581,
      "done": 24,
      "total": 24,
      "reward": 270.503071308136,
      "soft": 4,
      "hardExecuted": 0,
      "hardMask": 3,
      "move": 249.89729396546662,
      "travel": 24.98972939654666,
      "setup": 150.0
    },
    {
      "ep": 17,
      "seed": 107,
      "makespan": 315.42,
      "done": 24,
      "total": 24,
      "reward": 248.9935178756714,
      "soft": 10,
      "hardExecuted": 0,
      "hardMask": 13,
      "move": 200.21615091082595,
      "travel": 20.021615091082595,
      "setup": 160.0
    },
    {
      "ep": 18,
      "seed": 108,
      "makespan": 305.701,
      "done": 24,
      "total": 24,
      "reward": 263.9203868508339,
      "soft": 6,
      "hardExecuted": 0,
      "hardMask": 7,
      "move": 235.98685138825564,
      "travel": 23.598685138825562,
      "setup": 150.0
    },
    {
      "ep": 19,
      "seed": 109,
      "makespan": 322.365,
      "done": 24,
      "total": 24,
      "reward": 256.0323076248169,
      "soft": 10,
      "hardExecuted": 0,
      "hardMask": 13,
      "move": 248.9230722630244,
      "travel": 24.892307226302442,
      "setup": 140.0
    },
    {
      "ep": 20,
      "seed": 110,
      "makespan": 269.48,
      "done": 24,
      "total": 24,
      "reward": 261.01682567596436,
      "soft": 10,
      "hardExecuted": 0,
      "hardMask": 4,
      "move": 166.10572955139207,
      "travel": 16.61057295513921,
      "setup": 140.0
    },
    {
      "ep": 21,
      "seed": 101,
      "makespan": 293.376,
      "done": 24,
      "total": 24,
      "reward": 277.9599361419678,
      "soft": 6,
      "hardExecuted": 0,
      "hardMask": 14,
      "move": 168.00207989621506,
      "travel": 16.80020798962151,
      "setup": 120.0
    },
    {
      "ep": 22,
      "seed": 102,
      "makespan": 268.23,
      "done": 24,
      "total": 24,
      "reward": 275.2377667427063,
      "soft": 6,
      "hardExecuted": 0,
      "hardMask": 6,
      "move": 142.07394949979553,
      "travel": 14.207394949979555,
      "setup": 130.0
    },
    {
      "ep": 23,
      "seed": 103,
      "makespan": 545.034,
      "done": 24,
      "total": 24,
      "reward": 268.1740164756775,
      "soft": 3,
      "hardExecuted": 0,
      "hardMask": 51,
      "move": 310.86606653441845,
      "travel": 31.08660665344184,
      "setup": 130.0
    },
    {
      "ep": 24,
      "seed": 104,
      "makespan": 410.958,
      "done": 24,
      "total": 24,
      "reward": 271.80278062820435,
      "soft": 9,
      "hardExecuted": 0,
      "hardMask": 23,
      "move": 239.9073089466283,
      "travel": 23.990730894662832,
      "setup": 100.0
    },
    {
      "ep": 25,
      "seed": 105,
      "makespan": 314.568,
      "done": 24,
      "total": 24,
      "reward": 287.9040241241455,
      "soft": 3,
      "hardExecuted": 0,
      "hardMask": 21,
      "move": 86.53237250621319,
      "travel": 8.65323725062132,
      "setup": 120.0
    },
    {
      "ep": 26,
      "seed": 106,
      "makespan": 326.635,
      "done": 24,
      "total": 24,
      "reward": 280.0655355453491,
      "soft": 7,
      "hardExecuted": 0,
      "hardMask": 15,
      "move": 264.48186468481674,
      "travel": 26.44818646848168,
      "setup": 100.0
    },
    {
      "ep": 27,
      "seed": 107,
      "makespan": 441.784,
      "done": 24,
      "total": 24,
      "reward": 273.5254695415497,
      "soft": 5,
      "hardExecuted": 0,
      "hardMask": 32,
      "move": 215.8176746426749,
      "travel": 21.581767464267486,
      "setup": 120.0
    },
    {
      "ep": 28,
      "seed": 108,
      "makespan": 342.459,
      "done": 24,
      "total": 24,
      "reward": 258.0459578037262,
      "soft": 12,
      "hardExecuted": 0,
      "hardMask": 26,
      "move": 131.8013489315032,
      "travel": 13.180134893150319,
      "setup": 120.0
    },
    {
      "ep": 29,
      "seed": 109,
      "makespan": 370.308,
      "done": 24,
      "total": 24,
      "reward": 265.60870885849,
      "soft": 9,
      "hardExecuted": 0,
      "hardMask": 17,
      "move": 229.70976336695114,
      "travel": 22.970976336695117,
      "setup": 120.0
    },
    {
      "ep": 30,
      "seed": 110,
      "makespan": 280.957,
      "done": 24,
      "total": 24,
      "reward": 287.5713119506836,
      "soft": 6,
      "hardExecuted": 0,
      "hardMask": 4,
      "move": 164.28952804672255,
      "travel": 16.428952804672253,
      "setup": 100.0
    },
    {
      "ep": 31,
      "seed": 101,
      "makespan": 318.169,
      "done": 24,
      "total": 24,
      "reward": 304.77712392807007,
      "soft": 1,
      "hardExecuted": 0,
      "hardMask": 12,
      "move": 124.09592087768027,
      "travel": 12.409592087768024,
      "setup": 90.0
    },
    {
      "ep": 32,
      "seed": 102,
      "makespan": 287.724,
      "done": 24,
      "total": 24,
      "reward": 278.0192232131958,
      "soft": 7,
      "hardExecuted": 0,
      "hardMask": 9,
      "move": 249.3588083465365,
      "travel": 24.935880834653652,
      "setup": 110.0
    },
    {
      "ep": 33,
      "seed": 103,
      "makespan": 384.053,
      "done": 24,
      "total": 24,
      "reward": 261.17013931274414,
      "soft": 8,
      "hardExecuted": 0,
      "hardMask": 18,
      "move": 294.3285965598012,
      "travel": 29.432859655980128,
      "setup": 130.0
    },
    {
      "ep": 34,
      "seed": 104,
      "makespan": 390.328,
      "done": 24,
      "total": 24,
      "reward": 291.8867678642273,
      "soft": 3,
      "hardExecuted": 0,
      "hardMask": 23,
      "move": 170.44103765655635,
      "travel": 17.044103765655635,
      "setup": 100.0
    },
    {
      "ep": 35,
      "seed": 105,
      "makespan": 295.506,
      "done": 24,
      "total": 24,
      "reward": 292.80807161331177,
      "soft": 4,
      "hardExecuted": 0,
      "hardMask": 14,
      "move": 106.39716556567244,
      "travel": 10.639716556567244,
      "setup": 100.0
    },
    {
      "ep": 36,
      "seed": 106,
      "makespan": 248.076,
      "done": 24,
      "total": 24,
      "reward": 295.0329465866089,
      "soft": 2,
      "hardExecuted": 0,
      "hardMask": 3,
      "move": 198.90183534309364,
      "travel": 19.890183534309365,
      "setup": 110.0
    },
    {
      "ep": 37,
      "seed": 107,
      "makespan": 331.012,
      "done": 24,
      "total": 24,
      "reward": 265.3912510871887,
      "soft": 10,
      "hardExecuted": 0,
      "hardMask": 14,
      "move": 136.95829492207383,
      "travel": 13.695829492207382,
      "setup": 120.0
    },
    {
      "ep": 38,
      "seed": 108,
      "makespan": 309.436,
      "done": 24,
      "total": 24,
      "reward": 269.49983835220337,
      "soft": 10,
      "hardExecuted": 0,
      "hardMask": 8,
      "move": 233.338746927027,
      "travel": 23.333874692702697,
      "setup": 110.0
    },
    {
      "ep": 39,
      "seed": 109,
      "makespan": 401.321,
      "done": 24,
      "total": 24,
      "reward": 268.2731599807739,
      "soft": 8,
      "hardExecuted": 0,
      "hardMask": 23,
      "move": 190.89428940783884,
      "travel": 19.089428940783886,
      "setup": 120.0
    },
    {
      "ep": 40,
      "seed": 110,
      "makespan": 273.71,
      "done": 24,
      "total": 24,
      "reward": 277.6741189956665,
      "soft": 6,
      "hardExecuted": 0,
      "hardMask": 4,
      "move": 194.19589655802318,
      "travel": 19.41958965580232,
      "setup": 120.0
    },
    {
      "ep": 41,
      "seed": 101,
      "makespan": 282.197,
      "done": 24,
      "total": 24,
      "reward": 281.4137783050537,
      "soft": 8,
      "hardExecuted": 0,
      "hardMask": 10,
      "move": 136.20751233659868,
      "travel": 13.62075123365987,
      "setup": 100.0
    },
    {
      "ep": 42,
      "seed": 102,
      "makespan": 329.649,
      "done": 24,
      "total": 24,
      "reward": 268.82728147506714,
      "soft": 8,
      "hardExecuted": 0,
      "hardMask": 8,
      "move": 272.42394532170493,
      "travel": 27.24239453217049,
      "setup": 120.0
    },
    {
      "ep": 43,
      "seed": 103,
      "makespan": 354.843,
      "done": 24,
      "total": 24,
      "reward": 273.79389238357544,
      "soft": 6,
      "hardExecuted": 0,
      "hardMask": 20,
      "move": 206.8699576566202,
      "travel": 20.68699576566202,
      "setup": 120.0
    },
    {
      "ep": 44,
      "seed": 104,
      "makespan": 269.174,
      "done": 24,
      "total": 24,
      "reward": 278.1757926940918,
      "soft": 8,
      "hardExecuted": 0,
      "hardMask": 7,
      "move": 110.80690909165085,
      "travel": 11.080690909165085,
      "setup": 110.0
    },
    {
      "ep": 45,
      "seed": 105,
      "makespan": 274.72,
      "done": 24,
      "total": 24,
      "reward": 304.44068145751953,
      "soft": 2,
      "hardExecuted": 0,
      "hardMask": 7,
      "move": 135.31018722761442,
      "travel": 13.531018722761443,
      "setup": 90.0
    },
    {
      "ep": 46,
      "seed": 106,
      "makespan": 296.642,
      "done": 24,
      "total": 24,
      "reward": 288.4044237136841,
      "soft": 2,
      "hardExecuted": 0,
      "hardMask": 8,
      "move": 219.85232711773187,
      "travel": 21.985232711773193,
      "setup": 120.0
    },
    {
      "ep": 47,
      "seed": 107,
      "makespan": 280.491,
      "done": 24,
      "total": 24,
      "reward": 271.71253204345703,
      "soft": 9,
      "hardExecuted": 0,
      "hardMask": 9,
      "move": 126.2488984168629,
      "travel": 12.624889841686288,
      "setup": 120.0
    },
    {
      "ep": 48,
      "seed": 108,
      "makespan": 336.47,
      "done": 24,
      "total": 24,
      "reward": 256.45359992980957,
      "soft": 10,
      "hardExecuted": 0,
      "hardMask": 11,
      "move": 301.54660913429797,
      "travel": 30.1546609134298,
      "setup": 130.0
    },
    {
      "ep": 49,
      "seed": 109,
      "makespan": 264.728,
      "done": 24,
      "total": 24,
      "reward": 282.44419288635254,
      "soft": 6,
      "hardExecuted": 0,
      "hardMask": 5,
      "move": 168.52694424605255,
      "travel": 16.852694424605257,
      "setup": 110.0
    },
    {
      "ep": 50,
      "seed": 110,
      "makespan": 244.198,
      "done": 24,
      "total": 24,
      "reward": 295.0769920349121,
      "soft": 4,
      "hardExecuted": 0,
      "hardMask": 2,
      "move": 147.43331045768042,
      "travel": 14.743331045768041,
      "setup": 100.0
    },
    {
      "ep": 51,
      "seed": 101,
      "makespan": 322.34,
      "done": 24,
      "total": 24,
      "reward": 296.988561630249,
      "soft": 2,
      "hardExecuted": 0,
      "hardMask": 9,
      "move": 200.3809202896653,
      "travel": 20.038092028966528,
      "setup": 100.0
    },
    {
      "ep": 52,
      "seed": 102,
      "makespan": 316.6,
      "done": 24,
      "total": 24,
      "reward": 271.4500560760498,
      "soft": 8,
      "hardExecuted": 0,
      "hardMask": 9,
      "move": 184.99817997236602,
      "travel": 18.4998179972366,
      "setup": 120.0
    },
    {
      "ep": 53,
      "seed": 103,
      "makespan": 455.717,
      "done": 24,
      "total": 24,
      "reward": 255.28961849212646,
      "soft": 5,
      "hardExecuted": 0,
      "hardMask": 28,
      "move": 340.3460302068517,
      "travel": 34.03460302068517,
      "setup": 160.0
    },
    {
      "ep": 54,
      "seed": 104,
      "makespan": 296.654,
      "done": 24,
      "total": 24,
      "reward": 295.9416751861572,
      "soft": 7,
      "hardExecuted": 0,
      "hardMask": 12,
      "move": 135.27746026286553,
      "travel": 13.527746026286552,
      "setup": 70.0
    },
    {
      "ep": 55,
      "seed": 105,
      "makespan": 308.505,
      "done": 24,
      "total": 24,
      "reward": 278.8948664665222,
      "soft": 3,
      "hardExecuted": 0,
      "hardMask": 8,
      "move": 186.83766357462008,
      "travel": 18.68376635746201,
      "setup": 140.0
    },
    {
      "ep": 56,
      "seed": 106,
      "makespan": 396.731,
      "done": 24,
      "total": 24,
      "reward": 281.1909523010254,
      "soft": 3,
      "hardExecuted": 0,
      "hardMask": 22,
      "move": 260.30139856763657,
      "travel": 26.030139856763654,
      "setup": 120.0
    },
    {
      "ep": 57,
      "seed": 107,
      "makespan": 436.236,
      "done": 24,
      "total": 24,
      "reward": 250.46609687805176,
      "soft": 11,
      "hardExecuted": 0,
      "hardMask": 45,
      "move": 167.7967715282764,
      "travel": 16.77967715282764,
      "setup": 140.0
    },
    {
      "ep": 58,
      "seed": 108,
      "makespan": 345.786,
      "done": 24,
      "total": 24,
      "reward": 262.28081035614014,
      "soft": 9,
      "hardExecuted": 0,
      "hardMask": 10,
      "move": 257.3063312159318,
      "travel": 25.73063312159318,
      "setup": 130.0
    },
    {
      "ep": 59,
      "seed": 109,
      "makespan": 417.364,
      "done": 24,
      "total": 24,
      "reward": 256.1274003982544,
      "soft": 7,
      "hardExecuted": 0,
      "hardMask": 18,
      "move": 295.75299307674317,
      "travel": 29.575299307674317,
      "setup": 150.0
    },
    {
      "ep": 60,
      "seed": 110,
      "makespan": 296.179,
      "done": 24,
      "total": 24,
      "reward": 265.51878595352173,
      "soft": 6,
      "hardExecuted": 0,
      "hardMask": 10,
      "move": 199.37374413976102,
      "travel": 19.9373744139761,
      "setup": 150.0
    },
    {
      "ep": 61,
      "seed": 101,
      "makespan": 393.061,
      "done": 24,
      "total": 24,
      "reward": 259.8859896659851,
      "soft": 3,
      "hardExecuted": 0,
      "hardMask": 24,
      "move": 303.80025727482894,
      "travel": 30.3800257274829,
      "setup": 170.0
    },
    {
      "ep": 62,
      "seed": 102,
      "makespan": 363.967,
      "done": 24,
      "total": 24,
      "reward": 237.0712456703186,
      "soft": 10,
      "hardExecuted": 0,
      "hardMask": 15,
      "move": 280.9582336083917,
      "travel": 28.095823360839173,
      "setup": 180.0
    },
    {
      "ep": 63,
      "seed": 103,
      "makespan": 371.942,
      "done": 24,
      "total": 24,
      "reward": 247.9792766571045,
      "soft": 7,
      "hardExecuted": 0,
      "hardMask": 20,
      "move": 350.6906219515454,
      "travel": 35.06906219515455,
      "setup": 170.0
    },
    {
      "ep": 64,
      "seed": 104,
      "makespan": 291.898,
      "done": 24,
      "total": 24,
      "reward": 262.84561920166016,
      "soft": 11,
      "hardExecuted": 0,
      "hardMask": 22,
      "move": 221.8125177930954,
      "travel": 22.181251779309537,
      "setup": 110.0
    },
    {
      "ep": 65,
      "seed": 105,
      "makespan": 262.211,
      "done": 24,
      "total": 24,
      "reward": 276.208420753479,
      "soft": 6,
      "hardExecuted": 0,
      "hardMask": 6,
      "move": 109.71904438349542,
      "travel": 10.971904438349542,
      "setup": 130.0
    },
    {
      "ep": 66,
      "seed": 106,
      "makespan": 291.992,
      "done": 24,
      "total": 24,
      "reward": 258.8528003692627,
      "soft": 7,
      "hardExecuted": 0,
      "hardMask": 8,
      "move": 188.23984964082655,
      "travel": 18.823984964082655,
      "setup": 160.0
    },
    {
      "ep": 67,
      "seed": 107,
      "makespan": 325.579,
      "done": 24,
      "total": 24,
      "reward": 252.0141294002533,
      "soft": 12,
      "hardExecuted": 0,
      "hardMask": 22,
      "move": 116.19552356263962,
      "travel": 11.619552356263965,
      "setup": 140.0
    },
    {
      "ep": 68,
      "seed": 108,
      "makespan": 351.639,
      "done": 24,
      "total": 24,
      "reward": 248.76156520843506,
      "soft": 11,
      "hardExecuted": 0,
      "hardMask": 20,
      "move": 241.28097309856463,
      "travel": 24.128097309856464,
      "setup": 150.0
    },
    {
      "ep": 69,
      "seed": 109,
      "makespan": 286.356,
      "done": 24,
      "total": 24,
      "reward": 265.17462253570557,
      "soft": 6,
      "hardExecuted": 0,
      "hardMask": 8,
      "move": 194.17925105978824,
      "travel": 19.417925105978817,
      "setup": 150.0
    },
    {
      "ep": 70,
      "seed": 110,
      "makespan": 325.873,
      "done": 24,
      "total": 24,
      "reward": 258.74182176589966,
      "soft": 4,
      "hardExecuted": 0,
      "hardMask": 15,
      "move": 175.2727011070926,
      "travel": 17.527270110709257,
      "setup": 180.0
    },
    {
      "ep": 71,
      "seed": 101,
      "makespan": 270.465,
      "done": 24,
      "total": 24,
      "reward": 282.68208360671997,
      "soft": 3,
      "hardExecuted": 0,
      "hardMask": 6,
      "move": 193.93054223634226,
      "travel": 19.393054223634227,
      "setup": 130.0
    },
    {
      "ep": 72,
      "seed": 102,
      "makespan": 342.458,
      "done": 24,
      "total": 24,
      "reward": 236.4671323299408,
      "soft": 9,
      "hardExecuted": 0,
      "hardMask": 10,
      "move": 317.7621502107868,
      "travel": 31.77621502107868,
      "setup": 190.0
    },
    {
      "ep": 73,
      "seed": 103,
      "makespan": 410.909,
      "done": 24,
      "total": 24,
      "reward": 243.05165719985962,
      "soft": 9,
      "hardExecuted": 0,
      "hardMask": 17,
      "move": 264.94478434701796,
      "travel": 26.49447843470179,
      "setup": 170.0
    },
    {
      "ep": 74,
      "seed": 104,
      "makespan": 326.712,
      "done": 24,
      "total": 24,
      "reward": 271.95769453048706,
      "soft": 4,
      "hardExecuted": 0,
      "hardMask": 15,
      "move": 168.07638995284395,
      "travel": 16.8076389952844,
      "setup": 150.0
    },
    {
      "ep": 75,
      "seed": 105,
      "makespan": 261.622,
      "done": 24,
      "total": 24,
      "reward": 273.3426113128662,
      "soft": 10,
      "hardExecuted": 0,
      "hardMask": 6,
      "move": 121.91299812218418,
      "travel": 12.191299812218418,
      "setup": 110.0
    },
    {
      "ep": 76,
      "seed": 106,
      "makespan": 282.327,
      "done": 24,
      "total": 24,
      "reward": 268.43612003326416,
      "soft": 9,
      "hardExecuted": 0,
      "hardMask": 16,
      "move": 185.4627876533488,
      "travel": 18.546278765334883,
      "setup": 120.0
    },
    {
      "ep": 77,
      "seed": 107,
      "makespan": 425.034,
      "done": 24,
      "total": 24,
      "reward": 232.75518679618835,
      "soft": 13,
      "hardExecuted": 0,
      "hardMask": 32,
      "move": 158.1600187654326,
      "travel": 15.816001876543258,
      "setup": 170.0
    },
    {
      "ep": 78,
      "seed": 108,
      "makespan": 466.412,
      "done": 24,
      "total": 24,
      "reward": 265.9907937049866,
      "soft": 4,
      "hardExecuted": 0,
      "hardMask": 21,
      "move": 350.3065000489133,
      "travel": 35.03065000489133,
      "setup": 140.0
    },
    {
      "ep": 79,
      "seed": 109,
      "makespan": 315.446,
      "done": 24,
      "total": 24,
      "reward": 262.3295249938965,
      "soft": 7,
      "hardExecuted": 0,
      "hardMask": 5,
      "move": 239.01564481144032,
      "travel": 23.90156448114403,
      "setup": 150.0
    },
    {
      "ep": 80,
      "seed": 110,
      "makespan": 264.305,
      "done": 24,
      "total": 24,
      "reward": 265.5377597808838,
      "soft": 9,
      "hardExecuted": 0,
      "hardMask": 8,
      "move": 165.40804831280528,
      "travel": 16.54080483128053,
      "setup": 130.0
    }
  ],
  "seen": {
    "mappo": {
      "n": 10,
      "completeRate": 100.0,
      "makespan": 317.7678,
      "makespanSd": 42.352458478345746,
      "reward": 282.8044883728027,
      "soft": 4.4,
      "hardExecuted": 0.0,
      "hardMask": 12.6,
      "travel": 16.485025631220488,
      "setup": 119.0,
      "move": 164.85025631220486,
      "actualLiftRadius": 14.931332359288794,
      "actualDangerRadius": 20.931332359288795
    },
    "nearest": {
      "n": 10,
      "completeRate": 100.0,
      "makespan": 347.8401,
      "makespanSd": 44.38685996880157,
      "reward": 273.1974153995514,
      "soft": 4.3,
      "hardExecuted": 0.0,
      "hardMask": 12.6,
      "travel": 15.175272011960818,
      "setup": 144.0,
      "move": 151.75272011960814,
      "actualLiftRadius": 15.326459635670776,
      "actualDangerRadius": 21.326459635670776
    },
    "radiusPriority": {
      "n": 10,
      "completeRate": 100.0,
      "makespan": 347.8401,
      "makespanSd": 44.38685996880157,
      "reward": 273.1974153995514,
      "soft": 4.3,
      "hardExecuted": 0.0,
      "hardMask": 12.6,
      "travel": 15.175272011960818,
      "setup": 144.0,
      "move": 151.75272011960814,
      "actualLiftRadius": 15.326459635670776,
      "actualDangerRadius": 21.326459635670776
    },
    "random": {
      "n": 10,
      "completeRate": 100.0,
      "makespan": 358.88989999999995,
      "makespanSd": 52.40404844179504,
      "reward": 262.8518455862999,
      "soft": 6.0,
      "hardExecuted": 0.0,
      "hardMask": 17.9,
      "travel": 24.327168577406976,
      "setup": 149.0,
      "move": 243.27168577406974,
      "actualLiftRadius": 15.318181533023804,
      "actualDangerRadius": 21.318181533023804
    }
  },
  "unseen": {
    "mappo": {
      "n": 20,
      "completeRate": 100.0,
      "makespan": 321.32165000000003,
      "makespanSd": 47.81320384608733,
      "reward": 284.7919494867325,
      "soft": 5.9,
      "hardExecuted": 0.0,
      "hardMask": 15.5,
      "travel": 14.36015650754158,
      "setup": 103.0,
      "move": 143.60156507541578,
      "actualLiftRadius": 14.454353742803184,
      "actualDangerRadius": 20.454353742803182
    },
    "nearest": {
      "n": 20,
      "completeRate": 100.0,
      "makespan": 355.47380000000004,
      "makespanSd": 75.6773470119031,
      "reward": 273.0971532344818,
      "soft": 4.7,
      "hardExecuted": 0.0,
      "hardMask": 14.75,
      "travel": 13.426136569046847,
      "setup": 141.0,
      "move": 134.2613656904685,
      "actualLiftRadius": 15.103694957901547,
      "actualDangerRadius": 21.103694957901546
    },
    "radiusPriority": {
      "n": 20,
      "completeRate": 100.0,
      "makespan": 355.47380000000004,
      "makespanSd": 75.6773470119031,
      "reward": 273.0971532344818,
      "soft": 4.7,
      "hardExecuted": 0.0,
      "hardMask": 14.75,
      "travel": 13.426136569046847,
      "setup": 141.0,
      "move": 134.2613656904685,
      "actualLiftRadius": 15.103694957901547,
      "actualDangerRadius": 21.103694957901546
    },
    "random": {
      "n": 20,
      "completeRate": 100.0,
      "makespan": 352.3297,
      "makespanSd": 67.01314916872659,
      "reward": 269.17058781385424,
      "soft": 5.85,
      "hardExecuted": 0.0,
      "hardMask": 16.85,
      "travel": 19.181358523170136,
      "setup": 137.5,
      "move": 191.8135852317014,
      "actualLiftRadius": 15.22181473323506,
      "actualDangerRadius": 21.221814733235057
    }
  },
  "representative": {
    "mappo": {
      "done": 24,
      "total": 24,
      "makespan": 281.162,
      "reward": 293.83531284332275,
      "softInter": 3,
      "hardExecuted": 0,
      "hardMask": 8,
      "hardInter": 8,
      "travelTotal": 12.215588867722625,
      "setupTotal": 110.0,
      "moveTotal": 122.15588867722626,
      "actualLiftRadiusAvg": 13.774435617904828,
      "actualDangerRadiusAvg": 19.774435617904828,
      "events": [
        {
          "craneId": "C1",
          "craneIndex": 0,
          "liftId": "L8",
          "liftIndex": 7,
          "start": 0.0,
          "finish": 25.0,
          "travel": 0.0,
          "setup": 0.0,
          "duration": 25.0,
          "fromX": 31.11770451068878,
          "fromY": 44.930363963358104,
          "toX": 31.11770451068878,
          "toY": 44.930363963358104,
          "radiusCenterX": 31.11770451068878,
          "radiusCenterY": 44.930363963358104,
          "liftX": 35.26979811862111,
          "liftY": 40.543107523582876,
          "actualLiftRadius": 6.040521533558317,
          "dangerRadius": 12.040521533558316,
          "sameRadius": true,
          "softConflict": 0,
          "hardMask": 0,
          "move": 0.0
        },
        {
          "craneId": "C2",
          "craneIndex": 1,
          "liftId": "L24",
          "liftIndex": 23,
          "start": 0.0,
          "finish": 25.0,
          "travel": 0.0,
          "setup": 0.0,
          "duration": 25.0,
          "fromX": 89.90581836737692,
          "fromY": 42.147667792625725,
          "toX": 89.90581836737692,
          "toY": 42.147667792625725,
          "radiusCenterX": 89.90581836737692,
          "radiusCenterY": 42.147667792625725,
          "liftX": 91.58120023086667,
          "liftY": 41.14399306382984,
          "actualLiftRadius": 1.9530149384308029,
          "dangerRadius": 7.953014938430803,
          "sameRadius": true,
          "softConflict": 0,
          "hardMask": 0,
          "move": 0.0
        },
        {
          "craneId": "C3",
          "craneIndex": 2,
          "liftId": "L23",
          "liftIndex": 22,
          "start": 0.0,
          "finish": 25.0,
          "travel": 0.0,
          "setup": 0.0,
          "duration": 25.0,
          "fromX": 66.5622300542891,
          "fromY": 19.810825287364423,
          "toX": 66.5622300542891,
          "toY": 19.810825287364423,
          "radiusCenterX": 66.5622300542891,
          "radiusCenterY": 19.810825287364423,
          "liftX": 55.26374931074679,
          "liftY": 8.151180517859757,
          "actualLiftRadius": 16.235854867029147,
          "dangerRadius": 22.235854867029147,
          "sameRadius": true,
          "softConflict": 0,
          "hardMask": 0,
          "move": 0.0
        },
        {
          "craneId": "C1",
          "craneIndex": 0,
          "liftId": "L12",
          "liftIndex": 11,
          "start": 25.0,
          "finish": 50.0,
          "travel": 0.0,
          "setup": 0.0,
          "duration": 25.0,
          "fromX": 31.11770451068878,
          "fromY": 44.930363963358104,
          "toX": 31.11770451068878,
          "toY": 44.930363963358104,
          "radiusCenterX": 31.11770451068878,
          "radiusCenterY": 44.930363963358104,
          "liftX": 28.85309663042426,
          "liftY": 48.49846666213125,
          "actualLiftRadius": 4.226086336120971,
          "dangerRadius": 10.226086336120972,
          "sameRadius": true,
          "softConflict": 0,
          "hardMask": 0,
          "move": 0.0
        },
        {
          "craneId": "C2",
          "craneIndex": 1,
          "liftId": "L2",
          "liftIndex": 1,
          "start": 25.0,
          "finish": 50.0,
          "travel": 0.0,
          "setup": 0.0,
          "duration": 25.0,
          "fromX": 89.90581836737692,
          "fromY": 42.147667792625725,
          "toX": 89.90581836737692,
          "toY": 42.147667792625725,
          "radiusCenterX": 89.90581836737692,
          "radiusCenterY": 42.147667792625725,
          "liftX": 82.5925524905324,
          "liftY": 40.26401315908879,
          "actualLiftRadius": 7.551954221515361,
          "dangerRadius": 13.551954221515361,
          "sameRadius": true,
          "softConflict": 0,
          "hardMask": 0,
          "move": 0.0
        },
        {
          "craneId": "C3",
          "craneIndex": 2,
          "liftId": "L11",
          "liftIndex": 10,
          "start": 25.0,
          "finish": 50.0,
          "travel": 0.0,
          "setup": 0.0,
          "duration": 25.0,
          "fromX": 66.5622300542891,
          "fromY": 19.810825287364423,
          "toX": 66.5622300542891,
          "toY": 19.810825287364423,
          "radiusCenterX": 66.5622300542891,
          "radiusCenterY": 19.810825287364423,
          "liftX": 51.30927770026028,
          "liftY": 15.29373546410352,
          "actualLiftRadius": 15.907754586543023,
          "dangerRadius": 21.90775458654302,
          "sameRadius": true,
          "softConflict": 0,
          "hardMask": 0,
          "move": 0.0
        },
        {
          "craneId": "C1",
          "craneIndex": 0,
          "liftId": "L21",
          "liftIndex": 20,
          "start": 50.0,
          "finish": 75.0,
          "travel": 0.0,
          "setup": 0.0,
          "duration": 25.0,
          "fromX": 31.11770451068878,
          "fromY": 44.930363963358104,
          "toX": 31.11770451068878,
          "toY": 44.930363963358104,
          "radiusCenterX": 31.11770451068878,
          "radiusCenterY": 44.930363963358104,
          "liftX": 24.0555997248739,
          "liftY": 38.961755448020995,
          "actualLiftRadius": 9.246491854491849,
          "dangerRadius": 15.246491854491849,
          "sameRadius": true,
          "softConflict": 0,
          "hardMask": 0,
          "move": 0.0
        },
        {
          "craneId": "C2",
          "craneIndex": 1,
          "liftId": "L7",
          "liftIndex": 6,
          "start": 50.0,
          "finish": 87.20389810417905,
          "travel": 2.2038981041790526,
          "setup": 10.0,
          "duration": 25.0,
          "fromX": 89.90581836737692,
          "fromY": 42.147667792625725,
          "toX": 69.83695366588269,
          "toY": 33.039574965171624,
          "radiusCenterX": 69.83695366588269,
          "radiusCenterY": 33.039574965171624,
          "liftX": 53.44601599313319,
          "liftY": 25.600679737515748,
          "actualLiftRadius": 18.000000000000007,
          "dangerRadius": 24.000000000000007,
          "sameRadius": false,
          "softConflict": 0,
          "hardMask": 0,
          "move": 22.038981041790525
        },
        {
          "craneId": "C3",
          "craneIndex": 2,
          "liftId": "L19",
          "liftIndex": 18,
          "start": 50.0,
          "finish": 88.19208841920899,
          "travel": 3.192088419208988,
          "setup": 10.0,
          "duration": 25.0,
          "fromX": 66.5622300542891,
          "fromY": 19.810825287364423,
          "toX": 35.20772103912827,
          "toY": 13.824372913628217,
          "radiusCenterX": 35.20772103912827,
          "radiusCenterY": 13.824372913628217,
          "liftX": 17.52709669061005,
          "liftY": 10.448647414334118,
          "actualLiftRadius": 17.999999999999993,
          "dangerRadius": 23.999999999999993,
          "sameRadius": false,
          "softConflict": 2,
          "hardMask": 0,
          "move": 31.92088419208988
        },
        {
          "craneId": "C1",
          "craneIndex": 0,
          "liftId": "L15",
          "liftIndex": 14,
          "start": 75.0,
          "finish": 111.65516229141686,
          "travel": 1.6551622914168511,
          "setup": 10.0,
          "duration": 25.0,
          "fromX": 31.11770451068878,
          "fromY": 44.930363963358104,
          "toX": 25.1128633096169,
          "toY": 60.35430973746979,
          "radiusCenterX": 25.1128633096169,
          "radiusCenterY": 60.35430973746979,
          "liftX": 18.582558566704392,
          "liftY": 77.12795334775001,
          "actualLiftRadius": 17.999999999999996,
          "dangerRadius": 23.999999999999996,
          "sameRadius": false,
          "softConflict": 0,
          "hardMask": 0,
          "move": 16.55162291416851
        },
        {
          "craneId": "C2",
          "craneIndex": 1,
          "liftId": "L17",
          "liftIndex": 16,
          "start": 87.20389810417905,
          "finish": 112.20389810417905,
          "travel": 0.0,
          "setup": 0.0,
          "duration": 25.0,
          "fromX": 69.83695366588269,
          "fromY": 33.039574965171624,
          "toX": 69.83695366588269,
          "toY": 33.039574965171624,
          "radiusCenterX": 69.83695366588269,
          "radiusCenterY": 33.039574965171624,
          "liftX": 68.4569944422692,
          "liftY": 38.50372786913067,
          "actualLiftRadius": 5.635712414298658,
          "dangerRadius": 11.63571241429866,
          "sameRadius": true,
          "softConflict": 0,
          "hardMask": 0,
          "move": 0.0
        },
        {
          "craneId": "C3",
          "craneIndex": 2,
          "liftId": "L4",
          "liftIndex": 3,
          "start": 88.19208841920899,
          "finish": 113.19208841920899,
          "travel": 0.0,
          "setup": 0.0,
          "duration": 25.0,
          "fromX": 35.20772103912827,
          "fromY": 13.824372913628217,
          "toX": 35.20772103912827,
          "toY": 13.824372913628217,
          "radiusCenterX": 35.20772103912827,
          "radiusCenterY": 13.824372913628217,
          "liftX": 31.252373944967985,
          "liftY": 9.570457554422319,
          "actualLiftRadius": 5.808663057758651,
          "dangerRadius": 11.80866305775865,
          "sameRadius": true,
          "softConflict": 0,
          "hardMask": 0,
          "move": 0.0
        },
        {
          "craneId": "C1",
          "craneIndex": 0,
          "liftId": "L5",
          "liftIndex": 4,
          "start": 111.65516229141686,
          "finish": 136.65516229141684,
          "travel": 0.0,
          "setup": 0.0,
          "duration": 25.0,
          "fromX": 25.1128633096169,
          "fromY": 60.35430973746979,
          "toX": 25.1128633096169,
          "toY": 60.35430973746979,
          "radiusCenterX": 25.1128633096169,
          "radiusCenterY": 60.35430973746979,
          "liftX": 13.690484529361129,
          "liftY": 57.590944551862776,
          "actualLiftRadius": 11.751890237262351,
          "dangerRadius": 17.75189023726235,
          "sameRadius": true,
          "softConflict": 0,
          "hardMask": 0,
          "move": 0.0
        },
        {
          "craneId": "C2",
          "craneIndex": 1,
          "liftId": "L1",
          "liftIndex": 0,
          "start": 112.20389810417905,
          "finish": 137.20389810417905,
          "travel": 0.0,
          "setup": 0.0,
          "duration": 25.0,
          "fromX": 69.83695366588269,
          "fromY": 33.039574965171624,
          "toX": 69.83695366588269,
          "toY": 33.039574965171624,
          "radiusCenterX": 69.83695366588269,
          "radiusCenterY": 33.039574965171624,
          "liftX": 81.791159985587,
          "liftY": 22.404718921519816,
          "actualLiftRadius": 16.00010036853694,
          "dangerRadius": 22.00010036853694,
          "sameRadius": true,
          "softConflict": 0,
          "hardMask": 0,
          "move": 0.0
        },
        {
          "craneId": "C3",
          "craneIndex": 2,
          "liftId": "L20",
          "liftIndex": 19,
          "start": 113.19208841920899,
          "finish": 148.44659763729666,
          "travel": 0.2545092180876813,
          "setup": 10.0,
          "duration": 25.0,
          "fromX": 35.20772103912827,
          "fromY": 13.824372913628217,
          "toX": 32.663177064442756,
          "toY": 13.877194973905363,
          "radiusCenterX": 32.663177064442756,
          "radiusCenterY": 13.877194973905363,
          "liftX": 14.66705421730876,
          "liftY": 14.250775582157075,
          "actualLiftRadius": 18.0,
          "dangerRadius": 24.0,
          "sameRadius": false,
          "softConflict": 0,
          "hardMask": 0,
          "move": 2.545092180876813
        },
        {
          "craneId": "C1",
          "craneIndex": 0,
          "liftId": "L9",
          "liftIndex": 8,
          "start": 136.65516229141684,
          "finish": 161.65516229141684,
          "travel": 0.0,
          "setup": 0.0,
          "duration": 25.0,
          "fromX": 25.1128633096169,
          "fromY": 60.35430973746979,
          "toX": 25.1128633096169,
          "toY": 60.35430973746979,
          "radiusCenterX": 25.1128633096169,
          "radiusCenterY": 60.35430973746979,
          "liftX": 15.880401505157351,
          "liftY": 49.14508175943047,
          "actualLiftRadius": 14.521884961480172,
          "dangerRadius": 20.521884961480172,
          "sameRadius": true,
          "softConflict": 0,
          "hardMask": 0,
          "move": 0.0
        },
        {
          "craneId": "C2",
          "craneIndex": 1,
          "liftId": "L14",
          "liftIndex": 13,
          "start": 137.20389810417905,
          "finish": 173.19290464971897,
          "travel": 0.9890065455399318,
          "setup": 10.0,
          "duration": 25.0,
          "fromX": 69.83695366588269,
          "fromY": 33.039574965171624,
          "toX": 67.72918089000115,
          "toY": 42.702425923213745,
          "radiusCenterX": 67.72918089000115,
          "radiusCenterY": 42.702425923213745,
          "liftX": 63.89301720261574,
          "liftY": 60.28889368008822,
          "actualLiftRadius": 18.0,
          "dangerRadius": 24.0,
          "sameRadius": false,
          "softConflict": 0,
          "hardMask": 0,
          "move": 9.890065455399318
        },
        {
          "craneId": "C3",
          "craneIndex": 2,
          "liftId": "L16",
          "liftIndex": 15,
          "start": 148.44659763729666,
          "finish": 173.44659763729666,
          "travel": 0.0,
          "setup": 0.0,
          "duration": 25.0,
          "fromX": 32.663177064442756,
          "fromY": 13.877194973905363,
          "toX": 32.663177064442756,
          "toY": 13.877194973905363,
          "radiusCenterX": 32.663177064442756,
          "radiusCenterY": 13.877194973905363,
          "liftX": 18.375873301178217,
          "liftY": 24.336353390477598,
          "actualLiftRadius": 17.706525452689664,
          "dangerRadius": 23.706525452689664,
          "sameRadius": true,
          "softConflict": 0,
          "hardMask": 0,
          "move": 0.0
        },
        {
          "craneId": "C1",
          "craneIndex": 0,
          "liftId": "L6",
          "liftIndex": 5,
          "start": 161.65516229141684,
          "finish": 196.74781066590796,
          "travel": 0.09264837449112694,
          "setup": 10.0,
          "duration": 25.0,
          "fromX": 25.1128633096169,
          "fromY": 60.35430973746979,
          "toX": 25.000129273652018,
          "toY": 61.27390919740867,
          "radiusCenterX": 25.000129273652018,
          "radiusCenterY": 61.27390919740867,
          "liftX": 22.809899106621742,
          "liftY": 79.14015927445143,
          "actualLiftRadius": 18.0,
          "dangerRadius": 24.0,
          "sameRadius": false,
          "softConflict": 0,
          "hardMask": 0,
          "move": 0.9264837449112694
        },
        {
          "craneId": "C2",
          "craneIndex": 1,
          "liftId": "L13",
          "liftIndex": 12,
          "start": 173.19290464971897,
          "finish": 208.7205658167199,
          "travel": 0.5276611670009339,
          "setup": 10.0,
          "duration": 25.0,
          "fromX": 67.72918089000115,
          "fromY": 42.702425923213745,
          "toX": 67.3486366620098,
          "toY": 47.965297459421066,
          "radiusCenterX": 67.3486366620098,
          "radiusCenterY": 47.965297459421066,
          "liftX": 66.0504937376827,
          "liftY": 65.9184260154143,
          "actualLiftRadius": 18.000000000000004,
          "dangerRadius": 24.000000000000004,
          "sameRadius": false,
          "softConflict": 0,
          "hardMask": 0,
          "move": 5.276611670009339
        },
        {
          "craneId": "C3",
          "craneIndex": 2,
          "liftId": "L22",
          "liftIndex": 21,
          "start": 173.44659763729666,
          "finish": 208.55477633334584,
          "travel": 0.1081786960491826,
          "setup": 10.0,
          "duration": 25.0,
          "fromX": 32.663177064442756,
          "fromY": 13.877194973905363,
          "toX": 33.06873263899528,
          "toY": 14.880084650709106,
          "radiusCenterX": 33.06873263899528,
          "radiusCenterY": 14.880084650709106,
          "liftX": 39.81682686507702,
          "liftY": 31.567302043549716,
          "actualLiftRadius": 17.999999999999996,
          "dangerRadius": 23.999999999999996,
          "sameRadius": false,
          "softConflict": 0,
          "hardMask": 0,
          "move": 1.081786960491826
        },
        {
          "craneId": "C1",
          "craneIndex": 0,
          "liftId": "L18",
          "liftIndex": 17,
          "start": 196.74781066590796,
          "finish": 232.4985497118208,
          "travel": 0.7507390459128276,
          "setup": 10.0,
          "duration": 25.0,
          "fromX": 25.000129273652018,
          "fromY": 61.27390919740867,
          "toX": 25.13579565701056,
          "toY": 68.78007373985221,
          "radiusCenterX": 25.13579565701056,
          "radiusCenterY": 68.78007373985221,
          "liftX": 25.461074449121952,
          "liftY": 86.77713443618268,
          "actualLiftRadius": 18.000000000000007,
          "dangerRadius": 24.000000000000007,
          "sameRadius": false,
          "softConflict": 0,
          "hardMask": 0,
          "move": 7.507390459128276
        },
        {
          "craneId": "C2",
          "craneIndex": 1,
          "liftId": "L3",
          "liftIndex": 2,
          "start": 208.7205658167199,
          "finish": 245.58206546027026,
          "travel": 1.861499643550361,
          "setup": 10.0,
          "duration": 25.0,
          "fromX": 67.3486366620098,
          "fromY": 47.965297459421066,
          "toX": 63.78207383072872,
          "toY": 66.23542942020165,
          "radiusCenterX": 63.78207383072872,
          "radiusCenterY": 66.23542942020165,
          "liftX": 60.33334198780358,
          "liftY": 83.90195847023278,
          "actualLiftRadius": 17.99999999999999,
          "dangerRadius": 23.99999999999999,
          "sameRadius": false,
          "softConflict": 1,
          "hardMask": 0,
          "move": 18.61499643550361
        },
        {
          "craneId": "C2",
          "craneIndex": 1,
          "liftId": "L10",
          "liftIndex": 9,
          "start": 245.58206546027026,
          "finish": 281.16226282255593,
          "travel": 0.5801973622856882,
          "setup": 10.0,
          "duration": 25.0,
          "fromX": 63.78207383072872,
          "fromY": 66.23542942020165,
          "toX": 67.99016739836702,
          "toY": 70.22978123824775,
          "radiusCenterX": 67.99016739836702,
          "radiusCenterY": 70.22978123824775,
          "liftX": 81.0453257188201,
          "liftY": 82.6218287376687,
          "actualLiftRadius": 17.999999999999996,
          "dangerRadius": 23.999999999999996,
          "sameRadius": false,
          "softConflict": 0,
          "hardMask": 0,
          "move": 5.801973622856882
        }
      ],
      "cranes": [
        {
          "id": "C1",
          "x": 31.11770451068878,
          "y": 44.930363963358104,
          "setup_x": 25.13579565701056,
          "setup_y": 68.78007373985221,
          "available": 232.4985497118208,
          "jobs": 8
        },
        {
          "id": "C2",
          "x": 89.90581836737692,
          "y": 42.147667792625725,
          "setup_x": 67.99016739836702,
          "setup_y": 70.22978123824775,
          "available": 281.16226282255593,
          "jobs": 9
        },
        {
          "id": "C3",
          "x": 66.5622300542891,
          "y": 19.810825287364423,
          "setup_x": 33.06873263899528,
          "setup_y": 14.880084650709106,
          "available": 208.55477633334584,
          "jobs": 7
        }
      ]
    },
    "nearest": {
      "done": 24,
      "total": 24,
      "makespan": 337.795,
      "reward": 293.38310718536377,
      "softInter": 0,
      "hardExecuted": 0,
      "hardMask": 10,
      "hardInter": 10,
      "travelTotal": 12.056311493658502,
      "setupTotal": 130.0,
      "moveTotal": 120.56311493658505,
      "actualLiftRadiusAvg": 14.030096736960127,
      "actualDangerRadiusAvg": 20.03009673696013,
      "events": [
        {
          "craneId": "C1",
          "craneIndex": 0,
          "liftId": "L8",
          "liftIndex": 7,
          "start": 0.0,
          "finish": 25.0,
          "travel": 0.0,
          "setup": 0.0,
          "duration": 25.0,
          "fromX": 31.11770451068878,
          "fromY": 44.930363963358104,
          "toX": 31.11770451068878,
          "toY": 44.930363963358104,
          "radiusCenterX": 31.11770451068878,
          "radiusCenterY": 44.930363963358104,
          "liftX": 35.26979811862111,
          "liftY": 40.543107523582876,
          "actualLiftRadius": 6.040521533558317,
          "dangerRadius": 12.040521533558316,
          "sameRadius": true,
          "softConflict": 0,
          "hardMask": 0,
          "move": 0.0
        },
        {
          "craneId": "C2",
          "craneIndex": 1,
          "liftId": "L2",
          "liftIndex": 1,
          "start": 0.0,
          "finish": 25.0,
          "travel": 0.0,
          "setup": 0.0,
          "duration": 25.0,
          "fromX": 89.90581836737692,
          "fromY": 42.147667792625725,
          "toX": 89.90581836737692,
          "toY": 42.147667792625725,
          "radiusCenterX": 89.90581836737692,
          "radiusCenterY": 42.147667792625725,
          "liftX": 82.5925524905324,
          "liftY": 40.26401315908879,
          "actualLiftRadius": 7.551954221515361,
          "dangerRadius": 13.551954221515361,
          "sameRadius": true,
          "softConflict": 0,
          "hardMask": 0,
          "move": 0.0
        },
        {
          "craneId": "C3",
          "craneIndex": 2,
          "liftId": "L1",
          "liftIndex": 0,
          "start": 0.0,
          "finish": 25.0,
          "travel": 0.0,
          "setup": 0.0,
          "duration": 25.0,
          "fromX": 66.5622300542891,
          "fromY": 19.810825287364423,
          "toX": 66.5622300542891,
          "toY": 19.810825287364423,
          "radiusCenterX": 66.5622300542891,
          "radiusCenterY": 19.810825287364423,
          "liftX": 81.791159985587,
          "liftY": 22.404718921519816,
          "actualLiftRadius": 15.448255274874663,
          "dangerRadius": 21.44825527487466,
          "sameRadius": true,
          "softConflict": 0,
          "hardMask": 0,
          "move": 0.0
        },
        {
          "craneId": "C1",
          "craneIndex": 0,
          "liftId": "L9",
          "liftIndex": 8,
          "start": 25.0,
          "finish": 50.0,
          "travel": 0.0,
          "setup": 0.0,
          "duration": 25.0,
          "fromX": 31.11770451068878,
          "fromY": 44.930363963358104,
          "toX": 31.11770451068878,
          "toY": 44.930363963358104,
          "radiusCenterX": 31.11770451068878,
          "radiusCenterY": 44.930363963358104,
          "liftX": 15.880401505157351,
          "liftY": 49.14508175943047,
          "actualLiftRadius": 15.809467068276092,
          "dangerRadius": 21.809467068276092,
          "sameRadius": true,
          "softConflict": 0,
          "hardMask": 0,
          "move": 0.0
        },
        {
          "craneId": "C2",
          "craneIndex": 1,
          "liftId": "L24",
          "liftIndex": 23,
          "start": 25.0,
          "finish": 50.0,
          "travel": 0.0,
          "setup": 0.0,
          "duration": 25.0,
          "fromX": 89.90581836737692,
          "fromY": 42.147667792625725,
          "toX": 89.90581836737692,
          "toY": 42.147667792625725,
          "radiusCenterX": 89.90581836737692,
          "radiusCenterY": 42.147667792625725,
          "liftX": 91.58120023086667,
          "liftY": 41.14399306382984,
          "actualLiftRadius": 1.9530149384308029,
          "dangerRadius": 7.953014938430803,
          "sameRadius": true,
          "softConflict": 0,
          "hardMask": 0,
          "move": 0.0
        },
        {
          "craneId": "C3",
          "craneIndex": 2,
          "liftId": "L7",
          "liftIndex": 6,
          "start": 25.0,
          "finish": 50.0,
          "travel": 0.0,
          "setup": 0.0,
          "duration": 25.0,
          "fromX": 66.5622300542891,
          "fromY": 19.810825287364423,
          "toX": 66.5622300542891,
          "toY": 19.810825287364423,
          "radiusCenterX": 66.5622300542891,
          "radiusCenterY": 19.810825287364423,
          "liftX": 53.44601599313319,
          "liftY": 25.600679737515748,
          "actualLiftRadius": 14.337276095967505,
          "dangerRadius": 20.337276095967503,
          "sameRadius": true,
          "softConflict": 0,
          "hardMask": 0,
          "move": 0.0
        },
        {
          "craneId": "C1",
          "craneIndex": 0,
          "liftId": "L12",
          "liftIndex": 11,
          "start": 50.0,
          "finish": 75.0,
          "travel": 0.0,
          "setup": 0.0,
          "duration": 25.0,
          "fromX": 31.11770451068878,
          "fromY": 44.930363963358104,
          "toX": 31.11770451068878,
          "toY": 44.930363963358104,
          "radiusCenterX": 31.11770451068878,
          "radiusCenterY": 44.930363963358104,
          "liftX": 28.85309663042426,
          "liftY": 48.49846666213125,
          "actualLiftRadius": 4.226086336120971,
          "dangerRadius": 10.226086336120972,
          "sameRadius": true,
          "softConflict": 0,
          "hardMask": 0,
          "move": 0.0
        },
        {
          "craneId": "C2",
          "craneIndex": 1,
          "liftId": "L17",
          "liftIndex": 16,
          "start": 50.0,
          "finish": 85.37561565065228,
          "travel": 0.37561565065228053,
          "setup": 10.0,
          "duration": 25.0,
          "fromX": 89.90581836737692,
          "fromY": 42.147667792625725,
          "toX": 86.2027222106913,
          "toY": 41.51854892004773,
          "radiusCenterX": 86.2027222106913,
          "radiusCenterY": 41.51854892004773,
          "liftX": 68.4569944422692,
          "liftY": 38.50372786913067,
          "actualLiftRadius": 17.999999999999996,
          "dangerRadius": 23.999999999999996,
          "sameRadius": false,
          "softConflict": 0,
          "hardMask": 0,
          "move": 3.7561565065228053
        },
        {
          "craneId": "C3",
          "craneIndex": 2,
          "liftId": "L4",
          "liftIndex": 3,
          "start": 50.0,
          "finish": 86.87648074898652,
          "travel": 1.8764807489865132,
          "setup": 10.0,
          "duration": 25.0,
          "fromX": 66.5622300542891,
          "fromY": 19.810825287364423,
          "toX": 48.540031717771186,
          "toY": 14.58412774006849,
          "radiusCenterX": 48.540031717771186,
          "radiusCenterY": 14.58412774006849,
          "liftX": 31.252373944967985,
          "liftY": 9.570457554422319,
          "actualLiftRadius": 18.000000000000007,
          "dangerRadius": 24.000000000000007,
          "sameRadius": false,
          "softConflict": 0,
          "hardMask": 0,
          "move": 18.76480748986513
        },
        {
          "craneId": "C1",
          "craneIndex": 0,
          "liftId": "L21",
          "liftIndex": 20,
          "start": 75.0,
          "finish": 100.0,
          "travel": 0.0,
          "setup": 0.0,
          "duration": 25.0,
          "fromX": 31.11770451068878,
          "fromY": 44.930363963358104,
          "toX": 31.11770451068878,
          "toY": 44.930363963358104,
          "radiusCenterX": 31.11770451068878,
          "radiusCenterY": 44.930363963358104,
          "liftX": 24.0555997248739,
          "liftY": 38.961755448020995,
          "actualLiftRadius": 9.246491854491849,
          "dangerRadius": 15.246491854491849,
          "sameRadius": true,
          "softConflict": 0,
          "hardMask": 0,
          "move": 0.0
        },
        {
          "craneId": "C2",
          "craneIndex": 1,
          "liftId": "L14",
          "liftIndex": 13,
          "start": 85.37561565065228,
          "finish": 121.49117525381276,
          "travel": 1.1155596031604837,
          "setup": 10.0,
          "duration": 25.0,
          "fromX": 86.2027222106913,
          "fromY": 41.51854892004773,
          "toX": 77.66652022790292,
          "toY": 48.70051094510726,
          "radiusCenterX": 77.66652022790292,
          "radiusCenterY": 48.70051094510726,
          "liftX": 63.89301720261574,
          "liftY": 60.28889368008822,
          "actualLiftRadius": 18.0,
          "dangerRadius": 24.0,
          "sameRadius": false,
          "softConflict": 0,
          "hardMask": 0,
          "move": 11.155596031604837
        },
        {
          "craneId": "C3",
          "craneIndex": 2,
          "liftId": "L11",
          "liftIndex": 10,
          "start": 86.87648074898652,
          "finish": 111.87648074898652,
          "travel": 0.0,
          "setup": 0.0,
          "duration": 25.0,
          "fromX": 48.540031717771186,
          "fromY": 14.58412774006849,
          "toX": 48.540031717771186,
          "toY": 14.58412774006849,
          "radiusCenterX": 48.540031717771186,
          "radiusCenterY": 14.58412774006849,
          "liftX": 51.30927770026028,
          "liftY": 15.29373546410352,
          "actualLiftRadius": 2.8587176204623943,
          "dangerRadius": 8.858717620462395,
          "sameRadius": true,
          "softConflict": 0,
          "hardMask": 0,
          "move": 0.0
        },
        {
          "craneId": "C1",
          "craneIndex": 0,
          "liftId": "L22",
          "liftIndex": 21,
          "start": 100.0,
          "finish": 125.0,
          "travel": 0.0,
          "setup": 0.0,
          "duration": 25.0,
          "fromX": 31.11770451068878,
          "fromY": 44.930363963358104,
          "toX": 31.11770451068878,
          "toY": 44.930363963358104,
          "radiusCenterX": 31.11770451068878,
          "radiusCenterY": 44.930363963358104,
          "liftX": 39.81682686507702,
          "liftY": 31.567302043549716,
          "actualLiftRadius": 15.945098105977591,
          "dangerRadius": 21.945098105977593,
          "sameRadius": true,
          "softConflict": 0,
          "hardMask": 0,
          "move": 0.0
        },
        {
          "craneId": "C3",
          "craneIndex": 2,
          "liftId": "L23",
          "liftIndex": 22,
          "start": 111.87648074898652,
          "finish": 136.87648074898652,
          "travel": 0.0,
          "setup": 0.0,
          "duration": 25.0,
          "fromX": 48.540031717771186,
          "fromY": 14.58412774006849,
          "toX": 48.540031717771186,
          "toY": 14.58412774006849,
          "radiusCenterX": 48.540031717771186,
          "radiusCenterY": 14.58412774006849,
          "liftX": 55.26374931074679,
          "liftY": 8.151180517859757,
          "actualLiftRadius": 9.305438637367542,
          "dangerRadius": 15.305438637367542,
          "sameRadius": true,
          "softConflict": 0,
          "hardMask": 0,
          "move": 0.0
        },
        {
          "craneId": "C2",
          "craneIndex": 1,
          "liftId": "L13",
          "liftIndex": 12,
          "start": 121.49117525381276,
          "finish": 156.76816507273293,
          "travel": 0.27698981892017,
          "setup": 10.0,
          "duration": 25.0,
          "fromX": 77.66652022790292,
          "fromY": 48.70051094510726,
          "toX": 76.11739319570071,
          "toY": 50.99671246427827,
          "radiusCenterX": 76.11739319570071,
          "radiusCenterY": 50.99671246427827,
          "liftX": 66.0504937376827,
          "liftY": 65.9184260154143,
          "actualLiftRadius": 18.0,
          "dangerRadius": 24.0,
          "sameRadius": false,
          "softConflict": 0,
          "hardMask": 0,
          "move": 2.7698981892017
        },
        {
          "craneId": "C1",
          "craneIndex": 0,
          "liftId": "L5",
          "liftIndex": 4,
          "start": 125.0,
          "finish": 160.354061970129,
          "travel": 0.3540619701290099,
          "setup": 10.0,
          "duration": 25.0,
          "fromX": 31.11770451068878,
          "fromY": 44.930363963358104,
          "toX": 28.253202037674523,
          "toY": 47.01137656573676,
          "radiusCenterX": 28.253202037674523,
          "radiusCenterY": 47.01137656573676,
          "liftX": 13.690484529361129,
          "liftY": 57.590944551862776,
          "actualLiftRadius": 18.0,
          "dangerRadius": 24.0,
          "sameRadius": false,
          "softConflict": 0,
          "hardMask": 0,
          "move": 3.5406197012900993
        },
        {
          "craneId": "C2",
          "craneIndex": 1,
          "liftId": "L10",
          "liftIndex": 9,
          "start": 156.76816507273293,
          "finish": 193.1688407799202,
          "travel": 1.400675707187284,
          "setup": 10.0,
          "duration": 25.0,
          "fromX": 76.11739319570071,
          "fromY": 50.99671246427827,
          "toX": 78.27394887433185,
          "toY": 64.83645636636777,
          "radiusCenterX": 78.27394887433185,
          "radiusCenterY": 64.83645636636777,
          "liftX": 81.0453257188201,
          "liftY": 82.6218287376687,
          "actualLiftRadius": 17.999999999999996,
          "dangerRadius": 23.999999999999996,
          "sameRadius": false,
          "softConflict": 0,
          "hardMask": 0,
          "move": 14.006757071872839
        },
        {
          "craneId": "C1",
          "craneIndex": 0,
          "liftId": "L16",
          "liftIndex": 15,
          "start": 160.354061970129,
          "finish": 196.02735592549976,
          "travel": 0.673293955370764,
          "setup": 10.0,
          "duration": 25.0,
          "fromX": 28.253202037674523,
          "fromY": 47.01137656573676,
          "toX": 25.564340198566534,
          "toY": 40.838654553198886,
          "radiusCenterX": 25.564340198566534,
          "radiusCenterY": 40.838654553198886,
          "liftX": 18.375873301178217,
          "liftY": 24.336353390477598,
          "actualLiftRadius": 18.0,
          "dangerRadius": 24.0,
          "sameRadius": false,
          "softConflict": 0,
          "hardMask": 0,
          "move": 6.73293955370764
        },
        {
          "craneId": "C2",
          "craneIndex": 1,
          "liftId": "L3",
          "liftIndex": 2,
          "start": 193.1688407799202,
          "finish": 228.98677650474124,
          "travel": 0.8179357248210403,
          "setup": 10.0,
          "duration": 25.0,
          "fromX": 78.27394887433185,
          "fromY": 64.83645636636777,
          "toX": 72.6686686688887,
          "toY": 70.79319362868841,
          "radiusCenterX": 72.6686686688887,
          "radiusCenterY": 70.79319362868841,
          "liftX": 60.33334198780358,
          "liftY": 83.90195847023278,
          "actualLiftRadius": 18.000000000000007,
          "dangerRadius": 24.000000000000007,
          "sameRadius": false,
          "softConflict": 0,
          "hardMask": 0,
          "move": 8.179357248210403
        },
        {
          "craneId": "C1",
          "craneIndex": 0,
          "liftId": "L20",
          "liftIndex": 19,
          "start": 196.02735592549976,
          "finish": 232.1007966329724,
          "travel": 1.0734407074726364,
          "setup": 10.0,
          "duration": 25.0,
          "fromX": 25.564340198566534,
          "fromY": 40.838654553198886,
          "toX": 21.493405189247436,
          "toY": 30.90613305078896,
          "radiusCenterX": 21.493405189247436,
          "radiusCenterY": 30.90613305078896,
          "liftX": 14.66705421730876,
          "liftY": 14.250775582157075,
          "actualLiftRadius": 18.0,
          "dangerRadius": 24.0,
          "sameRadius": false,
          "softConflict": 0,
          "hardMask": 0,
          "move": 10.734407074726365
        },
        {
          "craneId": "C2",
          "craneIndex": 1,
          "liftId": "L18",
          "liftIndex": 17,
          "start": 228.98677650474124,
          "finish": 267.17079427733756,
          "travel": 3.1840177725963565,
          "setup": 10.0,
          "duration": 25.0,
          "fromX": 72.6686686688887,
          "fromY": 70.79319362868841,
          "toX": 42.51030530515766,
          "toY": 81.00446371825669,
          "radiusCenterX": 42.51030530515766,
          "radiusCenterY": 81.00446371825669,
          "liftX": 25.461074449121952,
          "liftY": 86.77713443618268,
          "actualLiftRadius": 18.000000000000004,
          "dangerRadius": 24.000000000000004,
          "sameRadius": false,
          "softConflict": 0,
          "hardMask": 0,
          "move": 31.840177725963564
        },
        {
          "craneId": "C1",
          "craneIndex": 0,
          "liftId": "L19",
          "liftIndex": 18,
          "start": 232.1007966329724,
          "finish": 267.3846400092176,
          "travel": 0.2838433762452476,
          "setup": 10.0,
          "duration": 25.0,
          "fromX": 21.493405189247436,
          "fromY": 30.90613305078896,
          "toX": 20.953148465389436,
          "toY": 28.119588793800325,
          "radiusCenterX": 20.953148465389436,
          "radiusCenterY": 28.119588793800325,
          "liftX": 17.52709669061005,
          "liftY": 10.448647414334118,
          "actualLiftRadius": 18.0,
          "dangerRadius": 24.0,
          "sameRadius": false,
          "softConflict": 0,
          "hardMask": 0,
          "move": 2.838433762452476
        },
        {
          "craneId": "C2",
          "craneIndex": 1,
          "liftId": "L6",
          "liftIndex": 5,
          "start": 267.17079427733756,
          "finish": 302.3496364525666,
          "travel": 0.17884217522900112,
          "setup": 10.0,
          "duration": 25.0,
          "fromX": 42.51030530515766,
          "fromY": 81.00446371825669,
          "toX": 40.729838150401704,
          "toY": 80.83597314018387,
          "radiusCenterX": 40.729838150401704,
          "radiusCenterY": 80.83597314018387,
          "liftX": 22.809899106621742,
          "liftY": 79.14015927445143,
          "actualLiftRadius": 17.999999999999996,
          "dangerRadius": 23.999999999999996,
          "sameRadius": false,
          "softConflict": 0,
          "hardMask": 0,
          "move": 1.7884217522900112
        },
        {
          "craneId": "C2",
          "craneIndex": 1,
          "liftId": "L15",
          "liftIndex": 14,
          "start": 302.3496364525666,
          "finish": 337.7951907354543,
          "travel": 0.44555428288771715,
          "setup": 10.0,
          "duration": 25.0,
          "fromX": 40.729838150401704,
          "fromY": 80.83597314018387,
          "toX": 36.335459734334954,
          "toY": 80.10024205047414,
          "radiusCenterX": 36.335459734334954,
          "radiusCenterY": 80.10024205047414,
          "liftX": 18.582558566704392,
          "liftY": 77.12795334775001,
          "actualLiftRadius": 18.0,
          "dangerRadius": 24.0,
          "sameRadius": false,
          "softConflict": 0,
          "hardMask": 0,
          "move": 4.455542828877172
        }
      ],
      "cranes": [
        {
          "id": "C1",
          "x": 31.11770451068878,
          "y": 44.930363963358104,
          "setup_x": 20.953148465389436,
          "setup_y": 28.119588793800325,
          "available": 267.3846400092176,
          "jobs": 9
        },
        {
          "id": "C2",
          "x": 89.90581836737692,
          "y": 42.147667792625725,
          "setup_x": 36.335459734334954,
          "setup_y": 80.10024205047414,
          "available": 337.7951907354543,
          "jobs": 10
        },
        {
          "id": "C3",
          "x": 66.5622300542891,
          "y": 19.810825287364423,
          "setup_x": 48.540031717771186,
          "setup_y": 14.58412774006849,
          "available": 136.87648074898652,
          "jobs": 5
        }
      ]
    }
  },
  "modelPath": "python_mappo/outputs_repeated_step5/group1_train101-110_unseen201-220/pytorch_mappo_model.pt"
}
ep=8/80 makespan=293.0 reward=267.9 best=287.835 seenBest=343.66700000000003 updates=32
ep=16/80 makespan=277.6 reward=267.4 best=277.594 seenBest=343.041 updates=64
ep=24/80 makespan=344.7 reward=289.1 best=277.594 seenBest=326.76309999999995 updates=96
ep=32/80 makespan=277.7 reward=282.6 best=266.463 seenBest=326.76309999999995 updates=128
ep=40/80 makespan=359.6 reward=261.5 best=262.849 seenBest=313.5547 updates=160
ep=48/80 makespan=321.8 reward=282.1 best=262.849 seenBest=313.5547 updates=192
ep=56/80 makespan=316.0 reward=271.8 best=262.849 seenBest=313.5547 updates=224
ep=64/80 makespan=381.5 reward=283.5 best=262.849 seenBest=313.5547 updates=256
ep=72/80 makespan=267.9 reward=302.7 best=258.967 seenBest=313.5547 updates=288
ep=80/80 makespan=317.3 reward=282.8 best=258.967 seenBest=313.30890000000005 updates=320
{
  "config": {
    "num_cranes": 3,
    "num_lifts": 24,
    "fixed_duration": 25.0,
    "setup_time": 10.0,
    "crane_radius": 18.0,
    "candidate_k": 5,
    "max_steps": 220,
    "base_seed": 111,
    "seed_runs": 10,
    "train_episodes": 80,
    "seen_seed_start": 111,
    "seen_seed_count": 10,
    "unseen_seed_start": 231,
    "unseen_seed_count": 20,
    "reward": {
      "r_single": 10.0,
      "r_all": 100.0,
      "r_same": 3.0,
      "p_idle": -0.5,
      "p_inter_soft": -3.0,
      "p_time": -0.1,
      "p_move": -0.02,
      "soft_buffer": 6.0
    },
    "mappo": {
      "gamma": 0.92,
      "gae_lambda": 0.95,
      "actor_lr": 0.001,
      "critic_lr": 0.002,
      "clip_eps": 0.2,
      "entropy_coef": 0.01,
      "value_coef": 0.5,
      "max_grad_norm": 0.5,
      "update_epochs": 4,
      "minibatch_size": 256,
      "hidden_dim": 96,
      "eps_start": 0.35,
      "eps_end": 0.05
    }
  },
  "elapsedSec": 39.736071825027466,
  "trainEpisodes": 80,
  "trainSummary": {
    "best": {
      "ep": 66,
      "seed": 116,
      "makespan": 258.967,
      "done": 24,
      "total": 24,
      "reward": 282.7501721382141,
      "soft": 5,
      "hardExecuted": 0,
      "hardMask": 6,
      "move": 124.99397880947105,
      "travel": 12.499397880947102,
      "setup": 120.0
    },
    "bestCheckpointSeen": {
      "n": 10,
      "completeRate": 100.0,
      "makespan": 313.30890000000005,
      "makespanSd": 38.37991101722358,
      "reward": 290.31002724170685,
      "soft": 3.9,
      "hardExecuted": 0.0,
      "hardMask": 14.9,
      "travel": 20.299895407901666,
      "setup": 99.0,
      "move": 202.99895407901667,
      "actualLiftRadius": 14.66546011263162,
      "actualDangerRadius": 20.665460112631624,
      "ep": 80
    },
    "first10": {
      "n": 10,
      "completeRate": 100.0,
      "makespan": 371.75559999999996,
      "makespanSd": 89.96605527997767,
      "reward": 263.33085069656374,
      "soft": 5.6,
      "hardExecuted": 0.0,
      "hardMask": 20.9,
      "travel": 21.39714756630775,
      "setup": 150.0,
      "move": 213.97147566307754,
      "actualLiftRadius": 0.0,
      "actualDangerRadius": 0.0
    },
    "last20": {
      "n": 20,
      "completeRate": 100.0,
      "makespan": 330.27925,
      "makespanSd": 58.34594606557939,
      "reward": 276.2924269735813,
      "soft": 5.15,
      "hardExecuted": 0.0,
      "hardMask": 14.65,
      "travel": 18.691894742515842,
      "setup": 126.5,
      "move": 186.91894742515845,
      "actualLiftRadius": 0.0,
      "actualDangerRadius": 0.0
    },
    "modelStats": {
      "updates": 320,
      "actorShareMode": "typeShared",
      "craneType": "50톤 모바일 크레인",
      "actorDim": 17,
      "criticDim": 14
    }
  },
  "learningCurve": [
    {
      "ep": 1,
      "seed": 111,
      "makespan": 488.094,
      "done": 24,
      "total": 24,
      "reward": 248.6142761707306,
      "soft": 8,
      "hardExecuted": 0,
      "hardMask": 48,
      "move": 162.85744997006043,
      "travel": 16.28574499700604,
      "setup": 160.0
    },
    {
      "ep": 2,
      "seed": 112,
      "makespan": 460.551,
      "done": 24,
      "total": 24,
      "reward": 228.14680409431458,
      "soft": 13,
      "hardExecuted": 0,
      "hardMask": 46,
      "move": 261.7731576353049,
      "travel": 26.17731576353049,
      "setup": 170.0
    },
    {
      "ep": 3,
      "seed": 113,
      "makespan": 291.655,
      "done": 24,
      "total": 24,
      "reward": 281.8717703819275,
      "soft": 2,
      "hardExecuted": 0,
      "hardMask": 9,
      "move": 170.94061216890162,
      "travel": 17.09406121689016,
      "setup": 140.0
    },
    {
      "ep": 4,
      "seed": 114,
      "makespan": 550.103,
      "done": 24,
      "total": 24,
      "reward": 269.3775544166565,
      "soft": 1,
      "hardExecuted": 0,
      "hardMask": 38,
      "move": 204.08140459921017,
      "travel": 20.40814045992102,
      "setup": 150.0
    },
    {
      "ep": 5,
      "seed": 115,
      "makespan": 382.689,
      "done": 24,
      "total": 24,
      "reward": 263.52892303466797,
      "soft": 6,
      "hardExecuted": 0,
      "hardMask": 16,
      "move": 332.3691170469092,
      "travel": 33.23691170469092,
      "setup": 140.0
    },
    {
      "ep": 6,
      "seed": 116,
      "makespan": 287.835,
      "done": 24,
      "total": 24,
      "reward": 253.368426322937,
      "soft": 9,
      "hardExecuted": 0,
      "hardMask": 6,
      "move": 171.05211879583788,
      "travel": 17.10521187958379,
      "setup": 160.0
    },
    {
      "ep": 7,
      "seed": 117,
      "makespan": 324.879,
      "done": 24,
      "total": 24,
      "reward": 263.37604999542236,
      "soft": 3,
      "hardExecuted": 0,
      "hardMask": 6,
      "move": 204.1314942069078,
      "travel": 20.413149420690786,
      "setup": 180.0
    },
    {
      "ep": 8,
      "seed": 118,
      "makespan": 293.0,
      "done": 24,
      "total": 24,
      "reward": 267.9216146469116,
      "soft": 8,
      "hardExecuted": 0,
      "hardMask": 6,
      "move": 219.27947840203018,
      "travel": 21.927947840203025,
      "setup": 130.0
    },
    {
      "ep": 9,
      "seed": 119,
      "makespan": 330.471,
      "done": 24,
      "total": 24,
      "reward": 265.253867149353,
      "soft": 3,
      "hardExecuted": 0,
      "hardMask": 12,
      "move": 224.87075901334055,
      "travel": 22.48707590133405,
      "setup": 170.0
    },
    {
      "ep": 10,
      "seed": 120,
      "makespan": 308.279,
      "done": 24,
      "total": 24,
      "reward": 291.84922075271606,
      "soft": 3,
      "hardExecuted": 0,
      "hardMask": 22,
      "move": 188.35916479227245,
      "travel": 18.835916479227247,
      "setup": 100.0
    },
    {
      "ep": 11,
      "seed": 111,
      "makespan": 352.637,
      "done": 24,
      "total": 24,
      "reward": 259.81072425842285,
      "soft": 9,
      "hardExecuted": 0,
      "hardMask": 31,
      "move": 156.30917442717742,
      "travel": 15.630917442717742,
      "setup": 140.0
    },
    {
      "ep": 12,
      "seed": 112,
      "makespan": 313.805,
      "done": 24,
      "total": 24,
      "reward": 268.9378614425659,
      "soft": 7,
      "hardExecuted": 0,
      "hardMask": 22,
      "move": 185.40471233255712,
      "travel": 18.540471233255712,
      "setup": 130.0
    },
    {
      "ep": 13,
      "seed": 113,
      "makespan": 324.301,
      "done": 24,
      "total": 24,
      "reward": 259.0938820838928,
      "soft": 5,
      "hardExecuted": 0,
      "hardMask": 9,
      "move": 230.2038111572409,
      "travel": 23.02038111572409,
      "setup": 170.0
    },
    {
      "ep": 14,
      "seed": 114,
      "makespan": 331.35,
      "done": 24,
      "total": 24,
      "reward": 267.3660840988159,
      "soft": 10,
      "hardExecuted": 0,
      "hardMask": 18,
      "move": 204.46365362366092,
      "travel": 20.446365362366098,
      "setup": 110.0
    },
    {
      "ep": 15,
      "seed": 115,
      "makespan": 355.458,
      "done": 24,
      "total": 24,
      "reward": 282.6044111251831,
      "soft": 4,
      "hardExecuted": 0,
      "hardMask": 24,
      "move": 129.85294383672752,
      "travel": 12.985294383672752,
      "setup": 120.0
    },
    {
      "ep": 16,
      "seed": 116,
      "makespan": 277.594,
      "done": 24,
      "total": 24,
      "reward": 267.37527561187744,
      "soft": 9,
      "hardExecuted": 0,
      "hardMask": 3,
      "move": 137.49066128880173,
      "travel": 13.749066128880173,
      "setup": 130.0
    },
    {
      "ep": 17,
      "seed": 117,
      "makespan": 279.433,
      "done": 24,
      "total": 24,
      "reward": 285.87814140319824,
      "soft": 1,
      "hardExecuted": 0,
      "hardMask": 3,
      "move": 204.0618499402889,
      "travel": 20.40618499402889,
      "setup": 140.0
    },
    {
      "ep": 18,
      "seed": 118,
      "makespan": 430.344,
      "done": 24,
      "total": 24,
      "reward": 256.568895816803,
      "soft": 4,
      "hardExecuted": 0,
      "hardMask": 13,
      "move": 314.36985430290935,
      "travel": 31.436985430290946,
      "setup": 170.0
    },
    {
      "ep": 19,
      "seed": 119,
      "makespan": 433.454,
      "done": 24,
      "total": 24,
      "reward": 258.8761920928955,
      "soft": 6,
      "hardExecuted": 0,
      "hardMask": 19,
      "move": 304.12660902412,
      "travel": 30.412660902411996,
      "setup": 150.0
    },
    {
      "ep": 20,
      "seed": 120,
      "makespan": 298.712,
      "done": 24,
      "total": 24,
      "reward": 282.7138123512268,
      "soft": 4,
      "hardExecuted": 0,
      "hardMask": 13,
      "move": 159.53951786118364,
      "travel": 15.953951786118365,
      "setup": 120.0
    },
    {
      "ep": 21,
      "seed": 111,
      "makespan": 447.078,
      "done": 24,
      "total": 24,
      "reward": 244.37539148330688,
      "soft": 7,
      "hardExecuted": 0,
      "hardMask": 26,
      "move": 237.4869851919074,
      "travel": 23.748698519190743,
      "setup": 180.0
    },
    {
      "ep": 22,
      "seed": 112,
      "makespan": 327.772,
      "done": 24,
      "total": 24,
      "reward": 280.3755588531494,
      "soft": 8,
      "hardExecuted": 0,
      "hardMask": 11,
      "move": 154.14786876285592,
      "travel": 15.414786876285591,
      "setup": 100.0
    },
    {
      "ep": 23,
      "seed": 113,
      "makespan": 410.436,
      "done": 24,
      "total": 24,
      "reward": 244.37400674819946,
      "soft": 7,
      "hardExecuted": 0,
      "hardMask": 12,
      "move": 470.86612148530315,
      "travel": 47.086612148530314,
      "setup": 170.0
    },
    {
      "ep": 24,
      "seed": 114,
      "makespan": 344.732,
      "done": 24,
      "total": 24,
      "reward": 289.14801120758057,
      "soft": 4,
      "hardExecuted": 0,
      "hardMask": 15,
      "move": 178.39963152970182,
      "travel": 17.839963152970185,
      "setup": 100.0
    },
    {
      "ep": 25,
      "seed": 115,
      "makespan": 359.34,
      "done": 24,
      "total": 24,
      "reward": 230.2617563009262,
      "soft": 13,
      "hardExecuted": 0,
      "hardMask": 13,
      "move": 207.94133645997366,
      "travel": 20.794133645997356,
      "setup": 180.0
    },
    {
      "ep": 26,
      "seed": 116,
      "makespan": 266.463,
      "done": 24,
      "total": 24,
      "reward": 272.36328506469727,
      "soft": 7,
      "hardExecuted": 0,
      "hardMask": 6,
      "move": 187.8904727277469,
      "travel": 18.78904727277469,
      "setup": 130.0
    },
    {
      "ep": 27,
      "seed": 117,
      "makespan": 334.051,
      "done": 24,
      "total": 24,
      "reward": 291.2099609375,
      "soft": 1,
      "hardExecuted": 0,
      "hardMask": 21,
      "move": 126.33464277448562,
      "travel": 12.633464277448564,
      "setup": 120.0
    },
    {
      "ep": 28,
      "seed": 118,
      "makespan": 287.142,
      "done": 24,
      "total": 24,
      "reward": 277.5383849143982,
      "soft": 7,
      "hardExecuted": 0,
      "hardMask": 16,
      "move": 182.05380869769323,
      "travel": 18.205380869769325,
      "setup": 110.0
    },
    {
      "ep": 29,
      "seed": 119,
      "makespan": 347.071,
      "done": 24,
      "total": 24,
      "reward": 278.8041796684265,
      "soft": 3,
      "hardExecuted": 0,
      "hardMask": 10,
      "move": 256.5273572517717,
      "travel": 25.652735725177173,
      "setup": 130.0
    },
    {
      "ep": 30,
      "seed": 120,
      "makespan": 293.327,
      "done": 24,
      "total": 24,
      "reward": 275.2680468559265,
      "soft": 7,
      "hardExecuted": 0,
      "hardMask": 14,
      "move": 157.7317651642777,
      "travel": 15.773176516427771,
      "setup": 120.0
    },
    {
      "ep": 31,
      "seed": 111,
      "makespan": 406.752,
      "done": 24,
      "total": 24,
      "reward": 256.3174362182617,
      "soft": 4,
      "hardExecuted": 0,
      "hardMask": 23,
      "move": 189.41844348094625,
      "travel": 18.94184434809463,
      "setup": 180.0
    },
    {
      "ep": 32,
      "seed": 112,
      "makespan": 277.67,
      "done": 24,
      "total": 24,
      "reward": 282.5815906524658,
      "soft": 4,
      "hardExecuted": 0,
      "hardMask": 3,
      "move": 147.2803945032148,
      "travel": 14.728039450321479,
      "setup": 130.0
    },
    {
      "ep": 33,
      "seed": 113,
      "makespan": 262.849,
      "done": 24,
      "total": 24,
      "reward": 272.32197666168213,
      "soft": 7,
      "hardExecuted": 0,
      "hardMask": 3,
      "move": 205.93413520853542,
      "travel": 20.593413520853538,
      "setup": 130.0
    },
    {
      "ep": 34,
      "seed": 114,
      "makespan": 382.962,
      "done": 24,
      "total": 24,
      "reward": 263.89822244644165,
      "soft": 6,
      "hardExecuted": 0,
      "hardMask": 18,
      "move": 236.72546425862066,
      "travel": 23.672546425862066,
      "setup": 140.0
    },
    {
      "ep": 35,
      "seed": 115,
      "makespan": 326.408,
      "done": 24,
      "total": 24,
      "reward": 252.6825361251831,
      "soft": 7,
      "hardExecuted": 0,
      "hardMask": 14,
      "move": 193.9154823538038,
      "travel": 19.391548235380384,
      "setup": 170.0
    },
    {
      "ep": 36,
      "seed": 116,
      "makespan": 287.907,
      "done": 24,
      "total": 24,
      "reward": 253.75009632110596,
      "soft": 9,
      "hardExecuted": 0,
      "hardMask": 5,
      "move": 158.33021420185585,
      "travel": 15.833021420185586,
      "setup": 160.0
    },
    {
      "ep": 37,
      "seed": 117,
      "makespan": 361.7,
      "done": 24,
      "total": 24,
      "reward": 267.20787048339844,
      "soft": 1,
      "hardExecuted": 0,
      "hardMask": 13,
      "move": 176.40418055933227,
      "travel": 17.640418055933228,
      "setup": 180.0
    },
    {
      "ep": 38,
      "seed": 118,
      "makespan": 304.645,
      "done": 24,
      "total": 24,
      "reward": 275.9852590560913,
      "soft": 4,
      "hardExecuted": 0,
      "hardMask": 6,
      "move": 217.15772243565712,
      "travel": 21.715772243565706,
      "setup": 140.0
    },
    {
      "ep": 39,
      "seed": 119,
      "makespan": 276.234,
      "done": 24,
      "total": 24,
      "reward": 260.9248104095459,
      "soft": 5,
      "hardExecuted": 0,
      "hardMask": 4,
      "move": 235.83934488140406,
      "travel": 23.583934488140407,
      "setup": 170.0
    },
    {
      "ep": 40,
      "seed": 120,
      "makespan": 359.607,
      "done": 24,
      "total": 24,
      "reward": 261.51265144348145,
      "soft": 6,
      "hardExecuted": 0,
      "hardMask": 10,
      "move": 266.24479475629664,
      "travel": 26.624479475629666,
      "setup": 150.0
    },
    {
      "ep": 41,
      "seed": 111,
      "makespan": 419.573,
      "done": 24,
      "total": 24,
      "reward": 267.013384103775,
      "soft": 4,
      "hardExecuted": 0,
      "hardMask": 20,
      "move": 182.88720527552613,
      "travel": 18.288720527552613,
      "setup": 150.0
    },
    {
      "ep": 42,
      "seed": 112,
      "makespan": 319.176,
      "done": 24,
      "total": 24,
      "reward": 297.52013301849365,
      "soft": 2,
      "hardExecuted": 0,
      "hardMask": 11,
      "move": 182.66233947495783,
      "travel": 18.266233947495785,
      "setup": 100.0
    },
    {
      "ep": 43,
      "seed": 113,
      "makespan": 272.596,
      "done": 24,
      "total": 24,
      "reward": 291.2101364135742,
      "soft": 2,
      "hardExecuted": 0,
      "hardMask": 5,
      "move": 176.32874630174229,
      "travel": 17.632874630174225,
      "setup": 120.0
    },
    {
      "ep": 44,
      "seed": 114,
      "makespan": 291.801,
      "done": 24,
      "total": 24,
      "reward": 285.5033950805664,
      "soft": 3,
      "hardExecuted": 0,
      "hardMask": 6,
      "move": 216.55354076283646,
      "travel": 21.655354076283643,
      "setup": 120.0
    },
    {
      "ep": 45,
      "seed": 115,
      "makespan": 295.668,
      "done": 24,
      "total": 24,
      "reward": 266.3090772628784,
      "soft": 7,
      "hardExecuted": 0,
      "hardMask": 11,
      "move": 189.69744479207657,
      "travel": 18.96974447920765,
      "setup": 140.0
    },
    {
      "ep": 46,
      "seed": 116,
      "makespan": 272.957,
      "done": 24,
      "total": 24,
      "reward": 274.449595451355,
      "soft": 6,
      "hardExecuted": 0,
      "hardMask": 5,
      "move": 168.34634360792575,
      "travel": 16.834634360792577,
      "setup": 130.0
    },
    {
      "ep": 47,
      "seed": 117,
      "makespan": 289.239,
      "done": 24,
      "total": 24,
      "reward": 285.6799831390381,
      "soft": 1,
      "hardExecuted": 0,
      "hardMask": 3,
      "move": 194.00026501610301,
      "travel": 19.400026501610302,
      "setup": 140.0
    },
    {
      "ep": 48,
      "seed": 118,
      "makespan": 321.794,
      "done": 24,
      "total": 24,
      "reward": 282.14126229286194,
      "soft": 2,
      "hardExecuted": 0,
      "hardMask": 14,
      "move": 245.29131278728218,
      "travel": 24.529131278728215,
      "setup": 130.0
    },
    {
      "ep": 49,
      "seed": 119,
      "makespan": 320.819,
      "done": 24,
      "total": 24,
      "reward": 296.31893587112427,
      "soft": 2,
      "hardExecuted": 0,
      "hardMask": 18,
      "move": 172.70223616165006,
      "travel": 17.270223616165005,
      "setup": 100.0
    },
    {
      "ep": 50,
      "seed": 120,
      "makespan": 370.421,
      "done": 24,
      "total": 24,
      "reward": 273.44148302078247,
      "soft": 5,
      "hardExecuted": 0,
      "hardMask": 13,
      "move": 235.2834488130916,
      "travel": 23.52834488130916,
      "setup": 130.0
    },
    {
      "ep": 51,
      "seed": 111,
      "makespan": 377.806,
      "done": 24,
      "total": 24,
      "reward": 273.91656017303467,
      "soft": 2,
      "hardExecuted": 0,
      "hardMask": 24,
      "move": 202.78130634999994,
      "travel": 20.278130634999993,
      "setup": 150.0
    },
    {
      "ep": 52,
      "seed": 112,
      "makespan": 350.865,
      "done": 24,
      "total": 24,
      "reward": 272.9338445663452,
      "soft": 6,
      "hardExecuted": 0,
      "hardMask": 19,
      "move": 152.20482393024952,
      "travel": 15.220482393024952,
      "setup": 130.0
    },
    {
      "ep": 53,
      "seed": 113,
      "makespan": 289.423,
      "done": 24,
      "total": 24,
      "reward": 277.76218843460083,
      "soft": 5,
      "hardExecuted": 0,
      "hardMask": 8,
      "move": 241.26037908340285,
      "travel": 24.126037908340283,
      "setup": 120.0
    },
    {
      "ep": 54,
      "seed": 114,
      "makespan": 322.652,
      "done": 24,
      "total": 24,
      "reward": 284.5767970085144,
      "soft": 6,
      "hardExecuted": 0,
      "hardMask": 17,
      "move": 164.1067704292572,
      "travel": 16.41067704292572,
      "setup": 100.0
    },
    {
      "ep": 55,
      "seed": 115,
      "makespan": 379.83,
      "done": 24,
      "total": 24,
      "reward": 256.3647811412811,
      "soft": 11,
      "hardExecuted": 0,
      "hardMask": 22,
      "move": 154.507054758207,
      "travel": 15.4507054758207,
      "setup": 130.0
    },
    {
      "ep": 56,
      "seed": 116,
      "makespan": 315.977,
      "done": 24,
      "total": 24,
      "reward": 271.776771068573,
      "soft": 5,
      "hardExecuted": 0,
      "hardMask": 8,
      "move": 157.44096451747947,
      "travel": 15.744096451747948,
      "setup": 140.0
    },
    {
      "ep": 57,
      "seed": 117,
      "makespan": 264.796,
      "done": 24,
      "total": 24,
      "reward": 292.63328313827515,
      "soft": 3,
      "hardExecuted": 0,
      "hardMask": 7,
      "move": 128.8906241684128,
      "travel": 12.889062416841282,
      "setup": 110.0
    },
    {
      "ep": 58,
      "seed": 118,
      "makespan": 319.413,
      "done": 24,
      "total": 24,
      "reward": 288.23679304122925,
      "soft": 1,
      "hardExecuted": 0,
      "hardMask": 7,
      "move": 292.1066371275111,
      "travel": 29.210663712751114,
      "setup": 120.0
    },
    {
      "ep": 59,
      "seed": 119,
      "makespan": 361.661,
      "done": 24,
      "total": 24,
      "reward": 283.3280348777771,
      "soft": 3,
      "hardExecuted": 0,
      "hardMask": 8,
      "move": 289.0655887185229,
      "travel": 28.90655887185229,
      "setup": 120.0
    },
    {
      "ep": 60,
      "seed": 120,
      "makespan": 283.518,
      "done": 24,
      "total": 24,
      "reward": 289.53261280059814,
      "soft": 3,
      "hardExecuted": 0,
      "hardMask": 10,
      "move": 182.245723652657,
      "travel": 18.224572365265697,
      "setup": 110.0
    },
    {
      "ep": 61,
      "seed": 111,
      "makespan": 279.141,
      "done": 24,
      "total": 24,
      "reward": 277.3116798400879,
      "soft": 10,
      "hardExecuted": 0,
      "hardMask": 5,
      "move": 106.27728484559398,
      "travel": 10.627728484559398,
      "setup": 100.0
    },
    {
      "ep": 62,
      "seed": 112,
      "makespan": 388.715,
      "done": 24,
      "total": 24,
      "reward": 253.7134416103363,
      "soft": 8,
      "hardExecuted": 0,
      "hardMask": 20,
      "move": 242.88494873084807,
      "travel": 24.288494873084808,
      "setup": 150.0
    },
    {
      "ep": 63,
      "seed": 113,
      "makespan": 280.622,
      "done": 24,
      "total": 24,
      "reward": 259.91455078125,
      "soft": 10,
      "hardExecuted": 0,
      "hardMask": 4,
      "move": 286.1816649154716,
      "travel": 28.618166491547157,
      "setup": 130.0
    },
    {
      "ep": 64,
      "seed": 114,
      "makespan": 381.516,
      "done": 24,
      "total": 24,
      "reward": 283.50650930404663,
      "soft": 7,
      "hardExecuted": 0,
      "hardMask": 39,
      "move": 133.1164180069968,
      "travel": 13.311641800699682,
      "setup": 90.0
    },
    {
      "ep": 65,
      "seed": 115,
      "makespan": 416.128,
      "done": 24,
      "total": 24,
      "reward": 255.30135583877563,
      "soft": 9,
      "hardExecuted": 0,
      "hardMask": 31,
      "move": 206.62151918342508,
      "travel": 20.66215191834251,
      "setup": 140.0
    },
    {
      "ep": 66,
      "seed": 116,
      "makespan": 258.967,
      "done": 24,
      "total": 24,
      "reward": 282.7501721382141,
      "soft": 5,
      "hardExecuted": 0,
      "hardMask": 6,
      "move": 124.99397880947105,
      "travel": 12.499397880947102,
      "setup": 120.0
    },
    {
      "ep": 67,
      "seed": 117,
      "makespan": 278.88,
      "done": 24,
      "total": 24,
      "reward": 271.9007930755615,
      "soft": 2,
      "hardExecuted": 0,
      "hardMask": 1,
      "move": 203.3065042805745,
      "travel": 20.330650428057446,
      "setup": 170.0
    },
    {
      "ep": 68,
      "seed": 118,
      "makespan": 388.851,
      "done": 24,
      "total": 24,
      "reward": 283.34892892837524,
      "soft": 2,
      "hardExecuted": 0,
      "hardMask": 28,
      "move": 155.03561729214485,
      "travel": 15.503561729214486,
      "setup": 130.0
    },
    {
      "ep": 69,
      "seed": 119,
      "makespan": 304.553,
      "done": 24,
      "total": 24,
      "reward": 290.02320194244385,
      "soft": 2,
      "hardExecuted": 0,
      "hardMask": 8,
      "move": 165.89307433989308,
      "travel": 16.589307433989305,
      "setup": 120.0
    },
    {
      "ep": 70,
      "seed": 120,
      "makespan": 273.619,
      "done": 24,
      "total": 24,
      "reward": 283.12746715545654,
      "soft": 7,
      "hardExecuted": 0,
      "hardMask": 6,
      "move": 162.4173072955938,
      "travel": 16.241730729559382,
      "setup": 100.0
    },
    {
      "ep": 71,
      "seed": 111,
      "makespan": 415.188,
      "done": 24,
      "total": 24,
      "reward": 276.8024444580078,
      "soft": 1,
      "hardExecuted": 0,
      "hardMask": 20,
      "move": 156.58480350790595,
      "travel": 15.658480350790592,
      "setup": 150.0
    },
    {
      "ep": 72,
      "seed": 112,
      "makespan": 267.934,
      "done": 24,
      "total": 24,
      "reward": 302.72748947143555,
      "soft": 4,
      "hardExecuted": 0,
      "hardMask": 11,
      "move": 125.75001390445073,
      "travel": 12.57500139044507,
      "setup": 80.0
    },
    {
      "ep": 73,
      "seed": 113,
      "makespan": 259.89,
      "done": 24,
      "total": 24,
      "reward": 288.8761978149414,
      "soft": 3,
      "hardExecuted": 0,
      "hardMask": 2,
      "move": 170.7933598106508,
      "travel": 17.07933598106508,
      "setup": 120.0
    },
    {
      "ep": 74,
      "seed": 114,
      "makespan": 344.801,
      "done": 24,
      "total": 24,
      "reward": 278.8908929824829,
      "soft": 9,
      "hardExecuted": 0,
      "hardMask": 31,
      "move": 136.9699859458586,
      "travel": 13.696998594585862,
      "setup": 90.0
    },
    {
      "ep": 75,
      "seed": 115,
      "makespan": 421.962,
      "done": 24,
      "total": 24,
      "reward": 271.1049199104309,
      "soft": 4,
      "hardExecuted": 0,
      "hardMask": 28,
      "move": 179.8358987539778,
      "travel": 17.983589875397776,
      "setup": 140.0
    },
    {
      "ep": 76,
      "seed": 116,
      "makespan": 265.112,
      "done": 24,
      "total": 24,
      "reward": 265.77398455142975,
      "soft": 8,
      "hardExecuted": 0,
      "hardMask": 3,
      "move": 157.5339551474825,
      "travel": 15.753395514748249,
      "setup": 140.0
    },
    {
      "ep": 77,
      "seed": 117,
      "makespan": 305.124,
      "done": 24,
      "total": 24,
      "reward": 269.8197753429413,
      "soft": 3,
      "hardExecuted": 0,
      "hardMask": 6,
      "move": 206.00743410164912,
      "travel": 20.60074341016491,
      "setup": 160.0
    },
    {
      "ep": 78,
      "seed": 118,
      "makespan": 387.876,
      "done": 24,
      "total": 24,
      "reward": 270.95336389541626,
      "soft": 2,
      "hardExecuted": 0,
      "hardMask": 22,
      "move": 301.55452356935103,
      "travel": 30.155452356935108,
      "setup": 150.0
    },
    {
      "ep": 79,
      "seed": 119,
      "makespan": 369.405,
      "done": 24,
      "total": 24,
      "reward": 277.1855421066284,
      "soft": 3,
      "hardExecuted": 0,
      "hardMask": 12,
      "move": 310.481552657407,
      "travel": 31.048155265740704,
      "setup": 130.0
    },
    {
      "ep": 80,
      "seed": 120,
      "makespan": 317.301,
      "done": 24,
      "total": 24,
      "reward": 282.81582832336426,
      "soft": 4,
      "hardExecuted": 0,
      "hardMask": 10,
      "move": 206.13910340442183,
      "travel": 20.61391034044218,
      "setup": 120.0
    }
  ],
  "seen": {
    "mappo": {
      "n": 10,
      "completeRate": 100.0,
      "makespan": 313.30890000000005,
      "makespanSd": 38.37991101722358,
      "reward": 290.31002724170685,
      "soft": 3.9,
      "hardExecuted": 0.0,
      "hardMask": 14.9,
      "travel": 20.299895407901666,
      "setup": 99.0,
      "move": 202.99895407901667,
      "actualLiftRadius": 14.66546011263162,
      "actualDangerRadius": 20.665460112631624
    },
    "nearest": {
      "n": 10,
      "completeRate": 100.0,
      "makespan": 341.44130000000007,
      "makespanSd": 57.01587751328572,
      "reward": 270.7522259235382,
      "soft": 3.0,
      "hardExecuted": 0.0,
      "hardMask": 10.8,
      "travel": 14.825893277761121,
      "setup": 161.0,
      "move": 148.25893277761122,
      "actualLiftRadius": 16.00191343239981,
      "actualDangerRadius": 22.001913432399807
    },
    "radiusPriority": {
      "n": 10,
      "completeRate": 100.0,
      "makespan": 341.44130000000007,
      "makespanSd": 57.01587751328572,
      "reward": 270.7522259235382,
      "soft": 3.0,
      "hardExecuted": 0.0,
      "hardMask": 10.8,
      "travel": 14.825893277761121,
      "setup": 161.0,
      "move": 148.25893277761122,
      "actualLiftRadius": 16.00191343239981,
      "actualDangerRadius": 22.001913432399807
    },
    "random": {
      "n": 10,
      "completeRate": 100.0,
      "makespan": 346.59220000000005,
      "makespanSd": 49.20475244486045,
      "reward": 262.1917343378067,
      "soft": 5.5,
      "hardExecuted": 0.0,
      "hardMask": 14.6,
      "travel": 20.694217130411566,
      "setup": 157.0,
      "move": 206.94217130411562,
      "actualLiftRadius": 15.777113864184972,
      "actualDangerRadius": 21.777113864184972
    }
  },
  "unseen": {
    "mappo": {
      "n": 20,
      "completeRate": 100.0,
      "makespan": 298.0452,
      "makespanSd": 36.99663583165366,
      "reward": 284.482651925087,
      "soft": 5.7,
      "hardExecuted": 0.0,
      "hardMask": 11.2,
      "travel": 19.474479994294445,
      "setup": 102.5,
      "move": 194.74479994294444,
      "actualLiftRadius": 14.493262852138091,
      "actualDangerRadius": 20.49326285213809
    },
    "nearest": {
      "n": 20,
      "completeRate": 100.0,
      "makespan": 318.93195000000003,
      "makespanSd": 47.52945573586447,
      "reward": 271.9618380308151,
      "soft": 5.65,
      "hardExecuted": 0.0,
      "hardMask": 8.95,
      "travel": 16.62719292349963,
      "setup": 138.5,
      "move": 166.27192923499632,
      "actualLiftRadius": 15.223610903390025,
      "actualDangerRadius": 21.223610903390025
    },
    "radiusPriority": {
      "n": 20,
      "completeRate": 100.0,
      "makespan": 318.93195000000003,
      "makespanSd": 47.52945573586447,
      "reward": 271.9618380308151,
      "soft": 5.65,
      "hardExecuted": 0.0,
      "hardMask": 8.95,
      "travel": 16.62719292349963,
      "setup": 138.5,
      "move": 166.27192923499632,
      "actualLiftRadius": 15.223610903390025,
      "actualDangerRadius": 21.223610903390025
    },
    "random": {
      "n": 20,
      "completeRate": 100.0,
      "makespan": 327.44945,
      "makespanSd": 56.65744575470642,
      "reward": 260.27209976911547,
      "soft": 7.7,
      "hardExecuted": 0.0,
      "hardMask": 13.7,
      "travel": 20.509655268534615,
      "setup": 147.5,
      "move": 205.09655268534615,
      "actualLiftRadius": 15.666455199465384,
      "actualDangerRadius": 21.666455199465382
    }
  },
  "representative": {
    "mappo": {
      "done": 24,
      "total": 24,
      "makespan": 347.747,
      "reward": 296.3428020477295,
      "softInter": 1,
      "hardExecuted": 0,
      "hardMask": 23,
      "hardInter": 23,
      "travelTotal": 18.857327632451423,
      "setupTotal": 100.0,
      "moveTotal": 188.5732763245142,
      "actualLiftRadiusAvg": 14.477642559339536,
      "actualDangerRadiusAvg": 20.477642559339536,
      "events": [
        {
          "craneId": "C1",
          "craneIndex": 0,
          "liftId": "L5",
          "liftIndex": 4,
          "start": 0.0,
          "finish": 25.0,
          "travel": 0.0,
          "setup": 0.0,
          "duration": 25.0,
          "fromX": 31.443248549476266,
          "fromY": 37.12152670044452,
          "toX": 31.443248549476266,
          "toY": 37.12152670044452,
          "radiusCenterX": 31.443248549476266,
          "radiusCenterY": 37.12152670044452,
          "liftX": 37.48489525914192,
          "liftY": 29.110932926647365,
          "actualLiftRadius": 10.033499268610706,
          "dangerRadius": 16.033499268610704,
          "sameRadius": true,
          "softConflict": 0,
          "hardMask": 0,
          "move": 0.0
        },
        {
          "craneId": "C2",
          "craneIndex": 1,
          "liftId": "L17",
          "liftIndex": 16,
          "start": 0.0,
          "finish": 25.0,
          "travel": 0.0,
          "setup": 0.0,
          "duration": 25.0,
          "fromX": 77.0607671327889,
          "fromY": 73.24141515698284,
          "toX": 77.0607671327889,
          "toY": 73.24141515698284,
          "radiusCenterX": 77.0607671327889,
          "radiusCenterY": 73.24141515698284,
          "liftX": 67.15229975432158,
          "liftY": 77.57827183883637,
          "actualLiftRadius": 10.816009045349801,
          "dangerRadius": 16.8160090453498,
          "sameRadius": true,
          "softConflict": 0,
          "hardMask": 0,
          "move": 0.0
        },
        {
          "craneId": "C3",
          "craneIndex": 2,
          "liftId": "L12",
          "liftIndex": 11,
          "start": 0.0,
          "finish": 25.0,
          "travel": 0.0,
          "setup": 0.0,
          "duration": 25.0,
          "fromX": 38.393886579200625,
          "fromY": 59.88795363996178,
          "toX": 38.393886579200625,
          "toY": 59.88795363996178,
          "radiusCenterX": 38.393886579200625,
          "radiusCenterY": 59.88795363996178,
          "liftX": 37.12964311800897,
          "liftY": 63.040713601745665,
          "actualLiftRadius": 3.396793621313103,
          "dangerRadius": 9.396793621313103,
          "sameRadius": true,
          "softConflict": 0,
          "hardMask": 0,
          "move": 0.0
        },
        {
          "craneId": "C1",
          "craneIndex": 0,
          "liftId": "L1",
          "liftIndex": 0,
          "start": 25.0,
          "finish": 50.0,
          "travel": 0.0,
          "setup": 0.0,
          "duration": 25.0,
          "fromX": 31.443248549476266,
          "fromY": 37.12152670044452,
          "toX": 31.443248549476266,
          "toY": 37.12152670044452,
          "radiusCenterX": 31.443248549476266,
          "radiusCenterY": 37.12152670044452,
          "liftX": 23.86226709932089,
          "liftY": 35.97320682089776,
          "actualLiftRadius": 7.667458398541346,
          "dangerRadius": 13.667458398541346,
          "sameRadius": true,
          "softConflict": 0,
          "hardMask": 0,
          "move": 0.0
        },
        {
          "craneId": "C2",
          "craneIndex": 1,
          "liftId": "L19",
          "liftIndex": 18,
          "start": 25.0,
          "finish": 50.0,
          "travel": 0.0,
          "setup": 0.0,
          "duration": 25.0,
          "fromX": 77.0607671327889,
          "fromY": 73.24141515698284,
          "toX": 77.0607671327889,
          "toY": 73.24141515698284,
          "radiusCenterX": 77.0607671327889,
          "radiusCenterY": 73.24141515698284,
          "liftX": 67.57816081866622,
          "liftY": 57.96640010830015,
          "actualLiftRadius": 17.97904077658544,
          "dangerRadius": 23.97904077658544,
          "sameRadius": true,
          "softConflict": 0,
          "hardMask": 0,
          "move": 0.0
        },
        {
          "craneId": "C3",
          "craneIndex": 2,
          "liftId": "L14",
          "liftIndex": 13,
          "start": 25.0,
          "finish": 50.0,
          "travel": 0.0,
          "setup": 0.0,
          "duration": 25.0,
          "fromX": 38.393886579200625,
          "fromY": 59.88795363996178,
          "toX": 38.393886579200625,
          "toY": 59.88795363996178,
          "radiusCenterX": 38.393886579200625,
          "radiusCenterY": 59.88795363996178,
          "liftX": 33.07545025087893,
          "liftY": 65.65855397004634,
          "actualLiftRadius": 7.847648893011462,
          "dangerRadius": 13.847648893011462,
          "sameRadius": true,
          "softConflict": 0,
          "hardMask": 0,
          "move": 0.0
        },
        {
          "craneId": "C1",
          "craneIndex": 0,
          "liftId": "L13",
          "liftIndex": 12,
          "start": 50.0,
          "finish": 85.77795604071976,
          "travel": 0.7779560407197558,
          "setup": 10.0,
          "duration": 25.0,
          "fromX": 31.443248549476266,
          "fromY": 37.12152670044452,
          "toX": 38.744453333762465,
          "toY": 34.43564345146437,
          "radiusCenterX": 38.744453333762465,
          "radiusCenterY": 34.43564345146437,
          "liftX": 55.637655422091484,
          "liftY": 28.221166546456516,
          "actualLiftRadius": 18.0,
          "dangerRadius": 24.0,
          "sameRadius": false,
          "softConflict": 0,
          "hardMask": 0,
          "move": 7.7795604071975575
        },
        {
          "craneId": "C2",
          "craneIndex": 1,
          "liftId": "L23",
          "liftIndex": 22,
          "start": 50.0,
          "finish": 86.39071467272512,
          "travel": 1.3907146727251143,
          "setup": 10.0,
          "duration": 25.0,
          "fromX": 77.0607671327889,
          "fromY": 73.24141515698284,
          "toX": 64.74850295240708,
          "toY": 66.77481784110032,
          "radiusCenterX": 64.74850295240708,
          "radiusCenterY": 66.77481784110032,
          "liftX": 48.81275713816285,
          "liftY": 58.40511023905128,
          "actualLiftRadius": 17.999999999999996,
          "dangerRadius": 23.999999999999996,
          "sameRadius": false,
          "softConflict": 1,
          "hardMask": 0,
          "move": 13.907146727251144
        },
        {
          "craneId": "C1",
          "craneIndex": 0,
          "liftId": "L24",
          "liftIndex": 23,
          "start": 85.77795604071976,
          "finish": 110.77795604071976,
          "travel": 0.0,
          "setup": 0.0,
          "duration": 25.0,
          "fromX": 38.744453333762465,
          "fromY": 34.43564345146437,
          "toX": 38.744453333762465,
          "toY": 34.43564345146437,
          "radiusCenterX": 38.744453333762465,
          "radiusCenterY": 34.43564345146437,
          "liftX": 49.950366554781795,
          "liftY": 25.71930788550526,
          "actualLiftRadius": 14.196724862284949,
          "dangerRadius": 20.19672486228495,
          "sameRadius": true,
          "softConflict": 0,
          "hardMask": 0,
          "move": 0.0
        },
        {
          "craneId": "C2",
          "craneIndex": 1,
          "liftId": "L11",
          "liftIndex": 10,
          "start": 86.39071467272512,
          "finish": 111.39071467272512,
          "travel": 0.0,
          "setup": 0.0,
          "duration": 25.0,
          "fromX": 64.74850295240708,
          "fromY": 66.77481784110032,
          "toX": 64.74850295240708,
          "toY": 66.77481784110032,
          "radiusCenterX": 64.74850295240708,
          "radiusCenterY": 66.77481784110032,
          "liftX": 50.74395386502147,
          "liftY": 71.63688457664102,
          "actualLiftRadius": 14.824543435864886,
          "dangerRadius": 20.824543435864886,
          "sameRadius": true,
          "softConflict": 0,
          "hardMask": 0,
          "move": 0.0
        },
        {
          "craneId": "C1",
          "craneIndex": 0,
          "liftId": "L15",
          "liftIndex": 14,
          "start": 110.77795604071976,
          "finish": 147.12928805356768,
          "travel": 1.3513320128479056,
          "setup": 10.0,
          "duration": 25.0,
          "fromX": 38.744453333762465,
          "fromY": 34.43564345146437,
          "toX": 29.152871260396843,
          "toY": 24.916642756819556,
          "radiusCenterX": 29.152871260396843,
          "radiusCenterY": 24.916642756819556,
          "liftX": 16.37670110538602,
          "liftY": 12.237152381800115,
          "actualLiftRadius": 18.0,
          "dangerRadius": 24.0,
          "sameRadius": false,
          "softConflict": 0,
          "hardMask": 0,
          "move": 13.513320128479057
        },
        {
          "craneId": "C2",
          "craneIndex": 1,
          "liftId": "L18",
          "liftIndex": 17,
          "start": 111.39071467272512,
          "finish": 136.39071467272512,
          "travel": 0.0,
          "setup": 0.0,
          "duration": 25.0,
          "fromX": 64.74850295240708,
          "fromY": 66.77481784110032,
          "toX": 64.74850295240708,
          "toY": 66.77481784110032,
          "radiusCenterX": 64.74850295240708,
          "radiusCenterY": 66.77481784110032,
          "liftX": 52.762248830869794,
          "liftY": 78.06491326261312,
          "actualLiftRadius": 16.46622429377585,
          "dangerRadius": 22.46622429377585,
          "sameRadius": true,
          "softConflict": 0,
          "hardMask": 0,
          "move": 0.0
        },
        {
          "craneId": "C2",
          "craneIndex": 1,
          "liftId": "L9",
          "liftIndex": 8,
          "start": 136.39071467272512,
          "finish": 173.852184172236,
          "travel": 2.4614694995108914,
          "setup": 10.0,
          "duration": 25.0,
          "fromX": 64.74850295240708,
          "fromY": 66.77481784110032,
          "toX": 70.598172277493,
          "toY": 42.86530972216595,
          "radiusCenterX": 70.598172277493,
          "radiusCenterY": 42.86530972216595,
          "liftX": 74.87586281448603,
          "liftY": 25.3809920726344,
          "actualLiftRadius": 18.0,
          "dangerRadius": 24.0,
          "sameRadius": false,
          "softConflict": 0,
          "hardMask": 0,
          "move": 24.614694995108913
        },
        {
          "craneId": "C1",
          "craneIndex": 0,
          "liftId": "L8",
          "liftIndex": 7,
          "start": 147.12928805356768,
          "finish": 172.12928805356768,
          "travel": 0.0,
          "setup": 0.0,
          "duration": 25.0,
          "fromX": 29.152871260396843,
          "fromY": 24.916642756819556,
          "toX": 29.152871260396843,
          "toY": 24.916642756819556,
          "radiusCenterX": 29.152871260396843,
          "radiusCenterY": 24.916642756819556,
          "liftX": 27.78286507539451,
          "liftY": 9.319330767728388,
          "actualLiftRadius": 15.657364344997267,
          "dangerRadius": 21.65736434499727,
          "sameRadius": true,
          "softConflict": 0,
          "hardMask": 0,
          "move": 0.0
        },
        {
          "craneId": "C1",
          "craneIndex": 0,
          "liftId": "L20",
          "liftIndex": 19,
          "start": 172.12928805356768,
          "finish": 197.12928805356768,
          "travel": 0.0,
          "setup": 0.0,
          "duration": 25.0,
          "fromX": 29.152871260396843,
          "fromY": 24.916642756819556,
          "toX": 29.152871260396843,
          "toY": 24.916642756819556,
          "radiusCenterX": 29.152871260396843,
          "radiusCenterY": 24.916642756819556,
          "liftX": 17.96997802518308,
          "liftY": 13.502077587880194,
          "actualLiftRadius": 15.97965578809986,
          "dangerRadius": 21.979655788099862,
          "sameRadius": true,
          "softConflict": 0,
          "hardMask": 0,
          "move": 0.0
        },
        {
          "craneId": "C2",
          "craneIndex": 1,
          "liftId": "L16",
          "liftIndex": 15,
          "start": 173.852184172236,
          "finish": 198.852184172236,
          "travel": 0.0,
          "setup": 0.0,
          "duration": 25.0,
          "fromX": 70.598172277493,
          "fromY": 42.86530972216595,
          "toX": 70.598172277493,
          "toY": 42.86530972216595,
          "radiusCenterX": 70.598172277493,
          "radiusCenterY": 42.86530972216595,
          "liftX": 65.89802555553615,
          "liftY": 42.8175385305658,
          "actualLiftRadius": 4.700389483294833,
          "dangerRadius": 10.700389483294833,
          "sameRadius": true,
          "softConflict": 0,
          "hardMask": 0,
          "move": 0.0
        },
        {
          "craneId": "C1",
          "craneIndex": 0,
          "liftId": "L21",
          "liftIndex": 20,
          "start": 197.12928805356768,
          "finish": 235.31600447139002,
          "travel": 3.1867164178223284,
          "setup": 10.0,
          "duration": 25.0,
          "fromX": 29.152871260396843,
          "fromY": 24.916642756819556,
          "toX": 24.279419552248484,
          "toY": 56.4089532660563,
          "radiusCenterX": 24.279419552248484,
          "radiusCenterY": 56.4089532660563,
          "liftX": 21.52667599916458,
          "liftY": 74.19721914362162,
          "actualLiftRadius": 17.999999999999993,
          "dangerRadius": 23.999999999999993,
          "sameRadius": false,
          "softConflict": 0,
          "hardMask": 0,
          "move": 31.867164178223284
        },
        {
          "craneId": "C2",
          "craneIndex": 1,
          "liftId": "L7",
          "liftIndex": 6,
          "start": 198.852184172236,
          "finish": 235.43034560132136,
          "travel": 1.5781614290853672,
          "setup": 10.0,
          "duration": 25.0,
          "fromX": 70.598172277493,
          "fromY": 42.86530972216595,
          "toX": 62.02968958772323,
          "toY": 29.612368387488857,
          "radiusCenterX": 62.02968958772323,
          "radiusCenterY": 29.612368387488857,
          "liftX": 52.256754729896784,
          "liftY": 14.496491163037717,
          "actualLiftRadius": 18.0,
          "dangerRadius": 24.0,
          "sameRadius": false,
          "softConflict": 0,
          "hardMask": 0,
          "move": 15.781614290853671
        },
        {
          "craneId": "C1",
          "craneIndex": 0,
          "liftId": "L3",
          "liftIndex": 2,
          "start": 235.31600447139002,
          "finish": 260.31600447139,
          "travel": 0.0,
          "setup": 0.0,
          "duration": 25.0,
          "fromX": 24.279419552248484,
          "fromY": 56.4089532660563,
          "toX": 24.279419552248484,
          "toY": 56.4089532660563,
          "radiusCenterX": 24.279419552248484,
          "radiusCenterY": 56.4089532660563,
          "liftX": 21.462886597961187,
          "liftY": 71.14418106433004,
          "actualLiftRadius": 15.001993072575575,
          "dangerRadius": 21.001993072575573,
          "sameRadius": true,
          "softConflict": 0,
          "hardMask": 0,
          "move": 0.0
        },
        {
          "craneId": "C2",
          "craneIndex": 1,
          "liftId": "L6",
          "liftIndex": 5,
          "start": 235.43034560132136,
          "finish": 274.88356903394146,
          "travel": 4.453223432620087,
          "setup": 10.0,
          "duration": 25.0,
          "fromX": 62.02968958772323,
          "fromY": 29.612368387488857,
          "toX": 65.89647614343828,
          "toY": 73.97640625394331,
          "radiusCenterX": 65.89647614343828,
          "radiusCenterY": 73.97640625394331,
          "liftX": 67.459437424317,
          "liftY": 91.90842097718269,
          "actualLiftRadius": 17.999999999999996,
          "dangerRadius": 23.999999999999996,
          "sameRadius": false,
          "softConflict": 0,
          "hardMask": 0,
          "move": 44.53223432620087
        },
        {
          "craneId": "C1",
          "craneIndex": 0,
          "liftId": "L4",
          "liftIndex": 3,
          "start": 260.31600447139,
          "finish": 285.31600447139,
          "travel": 0.0,
          "setup": 0.0,
          "duration": 25.0,
          "fromX": 24.279419552248484,
          "fromY": 56.4089532660563,
          "toX": 24.279419552248484,
          "toY": 56.4089532660563,
          "radiusCenterX": 24.279419552248484,
          "radiusCenterY": 56.4089532660563,
          "liftX": 11.81581368111074,
          "liftY": 53.09726057294756,
          "actualLiftRadius": 12.896076139843819,
          "dangerRadius": 18.89607613984382,
          "sameRadius": true,
          "softConflict": 0,
          "hardMask": 0,
          "move": 0.0
        },
        {
          "craneId": "C2",
          "craneIndex": 1,
          "liftId": "L2",
          "liftIndex": 1,
          "start": 274.88356903394146,
          "finish": 310.8913154525319,
          "travel": 1.007746418590437,
          "setup": 10.0,
          "duration": 25.0,
          "fromX": 65.89647614343828,
          "fromY": 73.97640625394331,
          "toX": 74.51649693739711,
          "toY": 79.19660988310402,
          "radiusCenterX": 74.51649693739711,
          "radiusCenterY": 79.19660988310402,
          "liftX": 89.91326455958188,
          "liftY": 88.520747740753,
          "actualLiftRadius": 18.000000000000004,
          "dangerRadius": 24.000000000000004,
          "sameRadius": false,
          "softConflict": 0,
          "hardMask": 0,
          "move": 10.07746418590437
        },
        {
          "craneId": "C1",
          "craneIndex": 0,
          "liftId": "L10",
          "liftIndex": 9,
          "start": 285.31600447139,
          "finish": 321.11023579886506,
          "travel": 0.7942313274750659,
          "setup": 10.0,
          "duration": 25.0,
          "fromX": 24.279419552248484,
          "fromY": 56.4089532660563,
          "toX": 20.41576805424167,
          "toY": 49.46975033947819,
          "radiusCenterX": 20.41576805424167,
          "radiusCenterY": 49.46975033947819,
          "liftX": 11.659411491826177,
          "liftY": 33.7431416856125,
          "actualLiftRadius": 18.000000000000004,
          "dangerRadius": 24.000000000000004,
          "sameRadius": false,
          "softConflict": 0,
          "hardMask": 0,
          "move": 7.942313274750658
        },
        {
          "craneId": "C2",
          "craneIndex": 1,
          "liftId": "L22",
          "liftIndex": 21,
          "start": 310.8913154525319,
          "finish": 347.74709183358635,
          "travel": 1.8557763810544685,
          "setup": 10.0,
          "duration": 25.0,
          "fromX": 74.51649693739711,
          "fromY": 79.19660988310402,
          "toX": 55.992243399179316,
          "toY": 78.08187740408155,
          "radiusCenterX": 55.992243399179316,
          "radiusCenterY": 78.08187740408155,
          "liftX": 38.0247465018183,
          "liftY": 77.00064882356673,
          "actualLiftRadius": 17.999999999999996,
          "dangerRadius": 23.999999999999996,
          "sameRadius": false,
          "softConflict": 0,
          "hardMask": 0,
          "move": 18.557763810544685
        }
      ],
      "cranes": [
        {
          "id": "C1",
          "x": 31.443248549476266,
          "y": 37.12152670044452,
          "setup_x": 20.41576805424167,
          "setup_y": 49.46975033947819,
          "available": 321.11023579886506,
          "jobs": 11
        },
        {
          "id": "C2",
          "x": 77.0607671327889,
          "y": 73.24141515698284,
          "setup_x": 55.992243399179316,
          "setup_y": 78.08187740408155,
          "available": 347.74709183358635,
          "jobs": 11
        },
        {
          "id": "C3",
          "x": 38.393886579200625,
          "y": 59.88795363996178,
          "setup_x": 38.393886579200625,
          "setup_y": 59.88795363996178,
          "available": 50.0,
          "jobs": 2
        }
      ]
    },
    "nearest": {
      "done": 24,
      "total": 24,
      "makespan": 406.798,
      "reward": 267.1181163787842,
      "softInter": 1,
      "hardExecuted": 0,
      "hardMask": 18,
      "hardInter": 18,
      "travelTotal": 12.939603802773494,
      "setupTotal": 180.0,
      "moveTotal": 129.39603802773496,
      "actualLiftRadiusAvg": 15.905852083475494,
      "actualDangerRadiusAvg": 21.905852083475494,
      "events": [
        {
          "craneId": "C1",
          "craneIndex": 0,
          "liftId": "L1",
          "liftIndex": 0,
          "start": 0.0,
          "finish": 25.0,
          "travel": 0.0,
          "setup": 0.0,
          "duration": 25.0,
          "fromX": 31.443248549476266,
          "fromY": 37.12152670044452,
          "toX": 31.443248549476266,
          "toY": 37.12152670044452,
          "radiusCenterX": 31.443248549476266,
          "radiusCenterY": 37.12152670044452,
          "liftX": 23.86226709932089,
          "liftY": 35.97320682089776,
          "actualLiftRadius": 7.667458398541346,
          "dangerRadius": 13.667458398541346,
          "sameRadius": true,
          "softConflict": 0,
          "hardMask": 0,
          "move": 0.0
        },
        {
          "craneId": "C2",
          "craneIndex": 1,
          "liftId": "L17",
          "liftIndex": 16,
          "start": 0.0,
          "finish": 25.0,
          "travel": 0.0,
          "setup": 0.0,
          "duration": 25.0,
          "fromX": 77.0607671327889,
          "fromY": 73.24141515698284,
          "toX": 77.0607671327889,
          "toY": 73.24141515698284,
          "radiusCenterX": 77.0607671327889,
          "radiusCenterY": 73.24141515698284,
          "liftX": 67.15229975432158,
          "liftY": 77.57827183883637,
          "actualLiftRadius": 10.816009045349801,
          "dangerRadius": 16.8160090453498,
          "sameRadius": true,
          "softConflict": 0,
          "hardMask": 0,
          "move": 0.0
        },
        {
          "craneId": "C3",
          "craneIndex": 2,
          "liftId": "L12",
          "liftIndex": 11,
          "start": 0.0,
          "finish": 25.0,
          "travel": 0.0,
          "setup": 0.0,
          "duration": 25.0,
          "fromX": 38.393886579200625,
          "fromY": 59.88795363996178,
          "toX": 38.393886579200625,
          "toY": 59.88795363996178,
          "radiusCenterX": 38.393886579200625,
          "radiusCenterY": 59.88795363996178,
          "liftX": 37.12964311800897,
          "liftY": 63.040713601745665,
          "actualLiftRadius": 3.396793621313103,
          "dangerRadius": 9.396793621313103,
          "sameRadius": true,
          "softConflict": 0,
          "hardMask": 0,
          "move": 0.0
        },
        {
          "craneId": "C1",
          "craneIndex": 0,
          "liftId": "L5",
          "liftIndex": 4,
          "start": 25.0,
          "finish": 50.0,
          "travel": 0.0,
          "setup": 0.0,
          "duration": 25.0,
          "fromX": 31.443248549476266,
          "fromY": 37.12152670044452,
          "toX": 31.443248549476266,
          "toY": 37.12152670044452,
          "radiusCenterX": 31.443248549476266,
          "radiusCenterY": 37.12152670044452,
          "liftX": 37.48489525914192,
          "liftY": 29.110932926647365,
          "actualLiftRadius": 10.033499268610706,
          "dangerRadius": 16.033499268610704,
          "sameRadius": true,
          "softConflict": 0,
          "hardMask": 0,
          "move": 0.0
        },
        {
          "craneId": "C2",
          "craneIndex": 1,
          "liftId": "L19",
          "liftIndex": 18,
          "start": 25.0,
          "finish": 50.0,
          "travel": 0.0,
          "setup": 0.0,
          "duration": 25.0,
          "fromX": 77.0607671327889,
          "fromY": 73.24141515698284,
          "toX": 77.0607671327889,
          "toY": 73.24141515698284,
          "radiusCenterX": 77.0607671327889,
          "radiusCenterY": 73.24141515698284,
          "liftX": 67.57816081866622,
          "liftY": 57.96640010830015,
          "actualLiftRadius": 17.97904077658544,
          "dangerRadius": 23.97904077658544,
          "sameRadius": true,
          "softConflict": 0,
          "hardMask": 0,
          "move": 0.0
        },
        {
          "craneId": "C3",
          "craneIndex": 2,
          "liftId": "L14",
          "liftIndex": 13,
          "start": 25.0,
          "finish": 50.0,
          "travel": 0.0,
          "setup": 0.0,
          "duration": 25.0,
          "fromX": 38.393886579200625,
          "fromY": 59.88795363996178,
          "toX": 38.393886579200625,
          "toY": 59.88795363996178,
          "radiusCenterX": 38.393886579200625,
          "radiusCenterY": 59.88795363996178,
          "liftX": 33.07545025087893,
          "liftY": 65.65855397004634,
          "actualLiftRadius": 7.847648893011462,
          "dangerRadius": 13.847648893011462,
          "sameRadius": true,
          "softConflict": 1,
          "hardMask": 0,
          "move": 0.0
        },
        {
          "craneId": "C1",
          "craneIndex": 0,
          "liftId": "L10",
          "liftIndex": 9,
          "start": 50.0,
          "finish": 85.20702190828125,
          "travel": 0.20702190828124872,
          "setup": 10.0,
          "duration": 25.0,
          "fromX": 31.443248549476266,
          "fromY": 37.12152670044452,
          "toX": 29.40256942988089,
          "toY": 36.77305032866528,
          "radiusCenterX": 29.40256942988089,
          "radiusCenterY": 36.77305032866528,
          "liftX": 11.659411491826177,
          "liftY": 33.7431416856125,
          "actualLiftRadius": 18.0,
          "dangerRadius": 24.0,
          "sameRadius": false,
          "softConflict": 0,
          "hardMask": 0,
          "move": 2.0702190828124873
        },
        {
          "craneId": "C2",
          "craneIndex": 1,
          "liftId": "L2",
          "liftIndex": 1,
          "start": 50.0,
          "finish": 85.19660886082173,
          "travel": 0.19660886082171994,
          "setup": 10.0,
          "duration": 25.0,
          "fromX": 77.0607671327889,
          "fromY": 73.24141515698284,
          "toX": 78.32637049025165,
          "toY": 74.74599235903678,
          "radiusCenterX": 78.32637049025165,
          "radiusCenterY": 74.74599235903678,
          "liftX": 89.91326455958188,
          "liftY": 88.520747740753,
          "actualLiftRadius": 17.999999999999996,
          "dangerRadius": 23.999999999999996,
          "sameRadius": false,
          "softConflict": 0,
          "hardMask": 0,
          "move": 1.9660886082171993
        },
        {
          "craneId": "C2",
          "craneIndex": 1,
          "liftId": "L6",
          "liftIndex": 5,
          "start": 85.19660886082173,
          "finish": 120.42796109599036,
          "travel": 0.23135223516862585,
          "setup": 10.0,
          "duration": 25.0,
          "fromX": 78.32637049025165,
          "fromY": 74.74599235903678,
          "toX": 77.0887273032624,
          "toY": 76.70063427341675,
          "radiusCenterX": 77.0887273032624,
          "radiusCenterY": 76.70063427341675,
          "liftX": 67.459437424317,
          "liftY": 91.90842097718269,
          "actualLiftRadius": 18.000000000000007,
          "dangerRadius": 24.000000000000007,
          "sameRadius": false,
          "softConflict": 0,
          "hardMask": 0,
          "move": 2.3135223516862586
        },
        {
          "craneId": "C1",
          "craneIndex": 0,
          "liftId": "L24",
          "liftIndex": 23,
          "start": 85.20702190828125,
          "finish": 120.74025397707724,
          "travel": 0.5332320687959934,
          "setup": 10.0,
          "duration": 25.0,
          "fromX": 29.40256942988089,
          "fromY": 36.77305032866528,
          "toX": 34.09852081707626,
          "toY": 34.24685071494839,
          "radiusCenterX": 34.09852081707626,
          "radiusCenterY": 34.24685071494839,
          "liftX": 49.950366554781795,
          "liftY": 25.71930788550526,
          "actualLiftRadius": 17.999999999999996,
          "dangerRadius": 23.999999999999996,
          "sameRadius": false,
          "softConflict": 0,
          "hardMask": 0,
          "move": 5.332320687959934
        },
        {
          "craneId": "C2",
          "craneIndex": 1,
          "liftId": "L18",
          "liftIndex": 17,
          "start": 120.42796109599036,
          "finish": 156.0644315186061,
          "travel": 0.6364704226157636,
          "setup": 10.0,
          "duration": 25.0,
          "fromX": 77.0887273032624,
          "fromY": 76.70063427341675,
          "toX": 70.73400865354674,
          "toY": 77.0570199765879,
          "radiusCenterX": 70.73400865354674,
          "radiusCenterY": 77.0570199765879,
          "liftX": 52.762248830869794,
          "liftY": 78.06491326261312,
          "actualLiftRadius": 18.0,
          "dangerRadius": 24.0,
          "sameRadius": false,
          "softConflict": 0,
          "hardMask": 0,
          "move": 6.364704226157635
        },
        {
          "craneId": "C1",
          "craneIndex": 0,
          "liftId": "L13",
          "liftIndex": 12,
          "start": 120.74025397707724,
          "finish": 156.17686567612424,
          "travel": 0.43661169904697134,
          "setup": 10.0,
          "duration": 25.0,
          "fromX": 34.09852081707626,
          "fromY": 34.24685071494839,
          "toX": 38.303201566937446,
          "toY": 33.0705695554397,
          "radiusCenterX": 38.303201566937446,
          "radiusCenterY": 33.0705695554397,
          "liftX": 55.637655422091484,
          "liftY": 28.221166546456516,
          "actualLiftRadius": 17.999999999999996,
          "dangerRadius": 23.999999999999996,
          "sameRadius": false,
          "softConflict": 0,
          "hardMask": 0,
          "move": 4.366116990469713
        },
        {
          "craneId": "C2",
          "craneIndex": 1,
          "liftId": "L11",
          "liftIndex": 10,
          "start": 156.0644315186061,
          "finish": 191.3356151372213,
          "travel": 0.27118361861520984,
          "setup": 10.0,
          "duration": 25.0,
          "fromX": 70.73400865354674,
          "fromY": 77.0570199765879,
          "toX": 68.11667654202056,
          "toY": 76.3473523653093,
          "radiusCenterX": 68.11667654202056,
          "radiusCenterY": 76.3473523653093,
          "liftX": 50.74395386502147,
          "liftY": 71.63688457664102,
          "actualLiftRadius": 17.999999999999996,
          "dangerRadius": 23.999999999999996,
          "sameRadius": false,
          "softConflict": 0,
          "hardMask": 0,
          "move": 2.7118361861520985
        },
        {
          "craneId": "C1",
          "craneIndex": 0,
          "liftId": "L7",
          "liftIndex": 6,
          "start": 156.17686567612424,
          "finish": 191.7000058656062,
          "travel": 0.5231401894819575,
          "setup": 10.0,
          "duration": 25.0,
          "fromX": 38.303201566937446,
          "fromY": 33.0705695554397,
          "toX": 41.44535565590135,
          "toY": 28.8879348037157,
          "radiusCenterX": 41.44535565590135,
          "radiusCenterY": 28.8879348037157,
          "liftX": 52.256754729896784,
          "liftY": 14.496491163037717,
          "actualLiftRadius": 18.000000000000004,
          "dangerRadius": 24.000000000000004,
          "sameRadius": false,
          "softConflict": 0,
          "hardMask": 0,
          "move": 5.231401894819575
        },
        {
          "craneId": "C2",
          "craneIndex": 1,
          "liftId": "L23",
          "liftIndex": 22,
          "start": 191.3356151372213,
          "finish": 227.17107592590307,
          "travel": 0.8354607886817472,
          "setup": 10.0,
          "duration": 25.0,
          "fromX": 68.11667654202056,
          "fromY": 76.3473523653093,
          "toX": 61.99718965795924,
          "toY": 70.65952736639503,
          "radiusCenterX": 61.99718965795924,
          "radiusCenterY": 70.65952736639503,
          "liftX": 48.81275713816285,
          "liftY": 58.40511023905128,
          "actualLiftRadius": 18.000000000000007,
          "dangerRadius": 24.000000000000007,
          "sameRadius": false,
          "softConflict": 0,
          "hardMask": 0,
          "move": 8.354607886817472
        },
        {
          "craneId": "C1",
          "craneIndex": 0,
          "liftId": "L8",
          "liftIndex": 7,
          "start": 191.7000058656062,
          "finish": 227.28662253524482,
          "travel": 0.5866166696386268,
          "setup": 10.0,
          "duration": 25.0,
          "fromX": 41.44535565590135,
          "fromY": 28.8879348037157,
          "toX": 38.0871939430195,
          "toY": 24.07808432579793,
          "radiusCenterX": 38.0871939430195,
          "radiusCenterY": 24.07808432579793,
          "liftX": 27.78286507539451,
          "liftY": 9.319330767728388,
          "actualLiftRadius": 18.000000000000004,
          "dangerRadius": 24.000000000000004,
          "sameRadius": false,
          "softConflict": 0,
          "hardMask": 0,
          "move": 5.8661666963862675
        },
        {
          "craneId": "C2",
          "craneIndex": 1,
          "liftId": "L22",
          "liftIndex": 21,
          "start": 227.17107592590307,
          "finish": 262.8507691573513,
          "travel": 0.6796932314482211,
          "setup": 10.0,
          "duration": 25.0,
          "fromX": 61.99718965795924,
          "fromY": 70.65952736639503,
          "toX": 55.42625291955065,
          "toY": 72.39765258267974,
          "radiusCenterX": 55.42625291955065,
          "radiusCenterY": 72.39765258267974,
          "liftX": 38.0247465018183,
          "liftY": 77.00064882356673,
          "actualLiftRadius": 18.0,
          "dangerRadius": 24.0,
          "sameRadius": false,
          "softConflict": 0,
          "hardMask": 0,
          "move": 6.796932314482212
        },
        {
          "craneId": "C1",
          "craneIndex": 0,
          "liftId": "L20",
          "liftIndex": 19,
          "start": 227.28662253524482,
          "finish": 262.75940561949494,
          "travel": 0.47278308425008386,
          "setup": 10.0,
          "duration": 25.0,
          "fromX": 38.0871939430195,
          "fromY": 24.07808432579793,
          "toX": 33.90242177797243,
          "toY": 21.87806923449755,
          "radiusCenterX": 33.90242177797243,
          "radiusCenterY": 21.87806923449755,
          "liftX": 17.96997802518308,
          "liftY": 13.502077587880194,
          "actualLiftRadius": 18.0,
          "dangerRadius": 24.0,
          "sameRadius": false,
          "softConflict": 0,
          "hardMask": 0,
          "move": 4.727830842500839
        },
        {
          "craneId": "C1",
          "craneIndex": 0,
          "liftId": "L15",
          "liftIndex": 14,
          "start": 262.75940561949494,
          "finish": 297.959651011576,
          "travel": 0.2002453920810519,
          "setup": 10.0,
          "duration": 25.0,
          "fromX": 33.90242177797243,
          "fromY": 21.87806923449755,
          "toX": 32.147914645258155,
          "toY": 20.91291306774309,
          "radiusCenterX": 32.147914645258155,
          "radiusCenterY": 20.91291306774309,
          "liftX": 16.37670110538602,
          "liftY": 12.237152381800115,
          "actualLiftRadius": 17.999999999999996,
          "dangerRadius": 23.999999999999996,
          "sameRadius": false,
          "softConflict": 0,
          "hardMask": 0,
          "move": 2.002453920810519
        },
        {
          "craneId": "C2",
          "craneIndex": 1,
          "liftId": "L16",
          "liftIndex": 15,
          "start": 262.8507691573513,
          "finish": 299.1886684060141,
          "travel": 1.3378992486627794,
          "setup": 10.0,
          "duration": 25.0,
          "fromX": 55.42625291955065,
          "fromY": 72.39765258267974,
          "toX": 59.891079745275825,
          "toY": 59.7856439649564,
          "radiusCenterX": 59.891079745275825,
          "radiusCenterY": 59.7856439649564,
          "liftX": 65.89802555553615,
          "liftY": 42.8175385305658,
          "actualLiftRadius": 18.0,
          "dangerRadius": 24.0,
          "sameRadius": false,
          "softConflict": 0,
          "hardMask": 0,
          "move": 13.378992486627794
        },
        {
          "craneId": "C1",
          "craneIndex": 0,
          "liftId": "L4",
          "liftIndex": 3,
          "start": 297.959651011576,
          "finish": 334.96652184462516,
          "travel": 2.0068708330491667,
          "setup": 10.0,
          "duration": 25.0,
          "fromX": 32.147914645258155,
          "fromY": 20.91291306774309,
          "toX": 21.429426367347283,
          "toY": 37.879558672889466,
          "radiusCenterX": 21.429426367347283,
          "radiusCenterY": 37.879558672889466,
          "liftX": 11.81581368111074,
          "liftY": 53.09726057294756,
          "actualLiftRadius": 18.0,
          "dangerRadius": 24.0,
          "sameRadius": false,
          "softConflict": 0,
          "hardMask": 0,
          "move": 20.068708330491667
        },
        {
          "craneId": "C2",
          "craneIndex": 1,
          "liftId": "L9",
          "liftIndex": 8,
          "start": 299.1886684060141,
          "finish": 336.14129921048067,
          "travel": 1.9526308044665732,
          "setup": 10.0,
          "duration": 25.0,
          "fromX": 59.891079745275825,
          "fromY": 59.7856439649564,
          "toX": 67.68820942410342,
          "toY": 41.883647578331704,
          "radiusCenterX": 67.68820942410342,
          "radiusCenterY": 41.883647578331704,
          "liftX": 74.87586281448603,
          "liftY": 25.3809920726344,
          "actualLiftRadius": 18.000000000000004,
          "dangerRadius": 24.000000000000004,
          "sameRadius": false,
          "softConflict": 0,
          "hardMask": 0,
          "move": 19.526308044665733
        },
        {
          "craneId": "C1",
          "craneIndex": 0,
          "liftId": "L3",
          "liftIndex": 2,
          "start": 334.96652184462516,
          "finish": 371.49298576661823,
          "travel": 1.5264639219930864,
          "setup": 10.0,
          "duration": 25.0,
          "fromX": 21.429426367347283,
          "fromY": 37.879558672889466,
          "toX": 21.444780760496116,
          "toY": 53.14419017048097,
          "radiusCenterX": 21.444780760496116,
          "radiusCenterY": 53.14419017048097,
          "liftX": 21.462886597961187,
          "liftY": 71.14418106433004,
          "actualLiftRadius": 17.999999999999996,
          "dangerRadius": 23.999999999999996,
          "sameRadius": false,
          "softConflict": 0,
          "hardMask": 0,
          "move": 15.264639219930864
        },
        {
          "craneId": "C1",
          "craneIndex": 0,
          "liftId": "L21",
          "liftIndex": 20,
          "start": 371.49298576661823,
          "finish": 406.7983045922929,
          "travel": 0.30531882567466856,
          "setup": 10.0,
          "duration": 25.0,
          "fromX": 21.444780760496116,
          "fromY": 53.14419017048097,
          "toX": 21.45665742154796,
          "toY": 56.19735532750378,
          "radiusCenterX": 21.45665742154796,
          "radiusCenterY": 56.19735532750378,
          "liftX": 21.52667599916458,
          "liftY": 74.19721914362162,
          "actualLiftRadius": 17.999999999999996,
          "dangerRadius": 23.999999999999996,
          "sameRadius": false,
          "softConflict": 0,
          "hardMask": 0,
          "move": 3.0531882567466857
        }
      ],
      "cranes": [
        {
          "id": "C1",
          "x": 31.443248549476266,
          "y": 37.12152670044452,
          "setup_x": 21.45665742154796,
          "setup_y": 56.19735532750378,
          "available": 406.7983045922929,
          "jobs": 12
        },
        {
          "id": "C2",
          "x": 77.0607671327889,
          "y": 73.24141515698284,
          "setup_x": 67.68820942410342,
          "setup_y": 41.883647578331704,
          "available": 336.14129921048067,
          "jobs": 10
        },
        {
          "id": "C3",
          "x": 38.393886579200625,
          "y": 59.88795363996178,
          "setup_x": 38.393886579200625,
          "setup_y": 59.88795363996178,
          "available": 50.0,
          "jobs": 2
        }
      ]
    }
  },
  "modelPath": "python_mappo/outputs_repeated_step5/group2_train111-120_unseen231-250/pytorch_mappo_model.pt"
}
ep=8/80 makespan=289.4 reward=260.3 best=289.431 seenBest=349.11229999999995 updates=32
ep=16/80 makespan=292.5 reward=261.7 best=243.933 seenBest=321.7081 updates=64
ep=24/80 makespan=255.0 reward=295.8 best=243.933 seenBest=321.7081 updates=96
ep=32/80 makespan=279.7 reward=265.7 best=243.933 seenBest=316.5972 updates=128
ep=40/80 makespan=290.0 reward=268.8 best=243.933 seenBest=316.5972 updates=160
ep=48/80 makespan=288.3 reward=278.3 best=243.933 seenBest=316.5972 updates=192
ep=56/80 makespan=360.7 reward=260.8 best=243.933 seenBest=316.5972 updates=224
ep=64/80 makespan=344.6 reward=265.4 best=243.933 seenBest=316.5972 updates=256
ep=72/80 makespan=285.5 reward=279.9 best=243.933 seenBest=316.5972 updates=288
ep=80/80 makespan=273.9 reward=297.7 best=243.933 seenBest=316.5972 updates=320
{
  "config": {
    "num_cranes": 3,
    "num_lifts": 24,
    "fixed_duration": 25.0,
    "setup_time": 10.0,
    "crane_radius": 18.0,
    "candidate_k": 5,
    "max_steps": 220,
    "base_seed": 121,
    "seed_runs": 10,
    "train_episodes": 80,
    "seen_seed_start": 121,
    "seen_seed_count": 10,
    "unseen_seed_start": 261,
    "unseen_seed_count": 20,
    "reward": {
      "r_single": 10.0,
      "r_all": 100.0,
      "r_same": 3.0,
      "p_idle": -0.5,
      "p_inter_soft": -3.0,
      "p_time": -0.1,
      "p_move": -0.02,
      "soft_buffer": 6.0
    },
    "mappo": {
      "gamma": 0.92,
      "gae_lambda": 0.95,
      "actor_lr": 0.001,
      "critic_lr": 0.002,
      "clip_eps": 0.2,
      "entropy_coef": 0.01,
      "value_coef": 0.5,
      "max_grad_norm": 0.5,
      "update_epochs": 4,
      "minibatch_size": 256,
      "hidden_dim": 96,
      "eps_start": 0.35,
      "eps_end": 0.05
    }
  },
  "elapsedSec": 37.09020113945007,
  "trainEpisodes": 80,
  "trainSummary": {
    "best": {
      "ep": 10,
      "seed": 130,
      "makespan": 243.933,
      "done": 24,
      "total": 24,
      "reward": 295.23326301574707,
      "soft": 3,
      "hardExecuted": 0,
      "hardMask": 1,
      "move": 108.89105888041306,
      "travel": 10.889105888041307,
      "setup": 110.0
    },
    "bestCheckpointSeen": {
      "n": 10,
      "completeRate": 100.0,
      "makespan": 316.5972,
      "makespanSd": 37.359372491518116,
      "reward": 277.528772354126,
      "soft": 6.0,
      "hardExecuted": 0.0,
      "hardMask": 12.2,
      "travel": 16.570739129464595,
      "setup": 121.0,
      "move": 165.70739129464593,
      "actualLiftRadius": 15.326324072381269,
      "actualDangerRadius": 21.32632407238127,
      "ep": 32
    },
    "first10": {
      "n": 10,
      "completeRate": 100.0,
      "makespan": 330.8513,
      "makespanSd": 52.89454641085411,
      "reward": 267.59385323524475,
      "soft": 6.6,
      "hardExecuted": 0.0,
      "hardMask": 14.7,
      "travel": 18.187144547749085,
      "setup": 138.0,
      "move": 181.87144547749085,
      "actualLiftRadius": 0.0,
      "actualDangerRadius": 0.0
    },
    "last20": {
      "n": 20,
      "completeRate": 100.0,
      "makespan": 324.3288,
      "makespanSd": 60.070146029121645,
      "reward": 273.28768397569655,
      "soft": 6.75,
      "hardExecuted": 0.0,
      "hardMask": 11.55,
      "travel": 17.457704857448977,
      "setup": 124.0,
      "move": 174.57704857448977,
      "actualLiftRadius": 0.0,
      "actualDangerRadius": 0.0
    },
    "modelStats": {
      "updates": 128,
      "actorShareMode": "typeShared",
      "craneType": "50톤 모바일 크레인",
      "actorDim": 17,
      "criticDim": 14
    }
  },
  "learningCurve": [
    {
      "ep": 1,
      "seed": 121,
      "makespan": 309.288,
      "done": 24,
      "total": 24,
      "reward": 278.2016234397888,
      "soft": 7,
      "hardExecuted": 0,
      "hardMask": 11,
      "move": 193.27907080695,
      "travel": 19.327907080695,
      "setup": 110.0
    },
    {
      "ep": 2,
      "seed": 122,
      "makespan": 335.232,
      "done": 24,
      "total": 24,
      "reward": 244.9345898628235,
      "soft": 10,
      "hardExecuted": 0,
      "hardMask": 20,
      "move": 168.84665058499945,
      "travel": 16.88466505849994,
      "setup": 170.0
    },
    {
      "ep": 3,
      "seed": 123,
      "makespan": 343.172,
      "done": 24,
      "total": 24,
      "reward": 261.9400403499603,
      "soft": 9,
      "hardExecuted": 0,
      "hardMask": 19,
      "move": 168.66538098982926,
      "travel": 16.86653809898293,
      "setup": 130.0
    },
    {
      "ep": 4,
      "seed": 124,
      "makespan": 363.255,
      "done": 24,
      "total": 24,
      "reward": 270.82673501968384,
      "soft": 5,
      "hardExecuted": 0,
      "hardMask": 17,
      "move": 189.10863677275228,
      "travel": 18.910863677275227,
      "setup": 140.0
    },
    {
      "ep": 5,
      "seed": 125,
      "makespan": 341.651,
      "done": 24,
      "total": 24,
      "reward": 261.3409869670868,
      "soft": 7,
      "hardExecuted": 0,
      "hardMask": 26,
      "move": 171.9670597815095,
      "travel": 17.19670597815095,
      "setup": 150.0
    },
    {
      "ep": 6,
      "seed": 126,
      "makespan": 336.703,
      "done": 24,
      "total": 24,
      "reward": 279.5034942626953,
      "soft": 3,
      "hardExecuted": 0,
      "hardMask": 12,
      "move": 233.21688358395323,
      "travel": 23.321688358395324,
      "setup": 130.0
    },
    {
      "ep": 7,
      "seed": 127,
      "makespan": 291.282,
      "done": 24,
      "total": 24,
      "reward": 265.77191638946533,
      "soft": 8,
      "hardExecuted": 0,
      "hardMask": 8,
      "move": 174.26948203032558,
      "travel": 17.426948203032556,
      "setup": 140.0
    },
    {
      "ep": 8,
      "seed": 128,
      "makespan": 289.431,
      "done": 24,
      "total": 24,
      "reward": 260.3109369277954,
      "soft": 6,
      "hardExecuted": 0,
      "hardMask": 4,
      "move": 239.63529730934712,
      "travel": 23.96352973093471,
      "setup": 160.0
    },
    {
      "ep": 9,
      "seed": 129,
      "makespan": 454.566,
      "done": 24,
      "total": 24,
      "reward": 257.8749461174011,
      "soft": 8,
      "hardExecuted": 0,
      "hardMask": 29,
      "move": 170.83493403482885,
      "travel": 17.083493403482887,
      "setup": 140.0
    },
    {
      "ep": 10,
      "seed": 130,
      "makespan": 243.933,
      "done": 24,
      "total": 24,
      "reward": 295.23326301574707,
      "soft": 3,
      "hardExecuted": 0,
      "hardMask": 1,
      "move": 108.89105888041306,
      "travel": 10.889105888041307,
      "setup": 110.0
    },
    {
      "ep": 11,
      "seed": 121,
      "makespan": 295.15,
      "done": 24,
      "total": 24,
      "reward": 285.60860443115234,
      "soft": 6,
      "hardExecuted": 0,
      "hardMask": 17,
      "move": 179.71319632007356,
      "travel": 17.971319632007358,
      "setup": 100.0
    },
    {
      "ep": 12,
      "seed": 122,
      "makespan": 349.292,
      "done": 24,
      "total": 24,
      "reward": 254.2188732624054,
      "soft": 12,
      "hardExecuted": 0,
      "hardMask": 25,
      "move": 126.03736397606419,
      "travel": 12.603736397606415,
      "setup": 130.0
    },
    {
      "ep": 13,
      "seed": 123,
      "makespan": 280.457,
      "done": 24,
      "total": 24,
      "reward": 260.5303649902344,
      "soft": 8,
      "hardExecuted": 0,
      "hardMask": 5,
      "move": 298.9878160044631,
      "travel": 29.898781600446327,
      "setup": 140.0
    },
    {
      "ep": 14,
      "seed": 124,
      "makespan": 303.568,
      "done": 24,
      "total": 24,
      "reward": 298.0015206336975,
      "soft": 2,
      "hardExecuted": 0,
      "hardMask": 16,
      "move": 166.6156175961114,
      "travel": 16.661561759611143,
      "setup": 100.0
    },
    {
      "ep": 15,
      "seed": 125,
      "makespan": 352.731,
      "done": 24,
      "total": 24,
      "reward": 245.61135149002075,
      "soft": 12,
      "hardExecuted": 0,
      "hardMask": 33,
      "move": 162.95486491135713,
      "travel": 16.295486491135712,
      "setup": 150.0
    },
    {
      "ep": 16,
      "seed": 126,
      "makespan": 292.454,
      "done": 24,
      "total": 24,
      "reward": 261.7498097419739,
      "soft": 9,
      "hardExecuted": 0,
      "hardMask": 8,
      "move": 191.67288161603815,
      "travel": 19.167288161603818,
      "setup": 140.0
    },
    {
      "ep": 17,
      "seed": 127,
      "makespan": 339.358,
      "done": 24,
      "total": 24,
      "reward": 260.80307817459106,
      "soft": 8,
      "hardExecuted": 0,
      "hardMask": 16,
      "move": 223.2305408278078,
      "travel": 22.32305408278078,
      "setup": 140.0
    },
    {
      "ep": 18,
      "seed": 128,
      "makespan": 336.721,
      "done": 24,
      "total": 24,
      "reward": 263.2777910232544,
      "soft": 7,
      "hardExecuted": 0,
      "hardMask": 10,
      "move": 157.40695373414954,
      "travel": 15.740695373414956,
      "setup": 150.0
    },
    {
      "ep": 19,
      "seed": 129,
      "makespan": 295.974,
      "done": 24,
      "total": 24,
      "reward": 282.8487386703491,
      "soft": 5,
      "hardExecuted": 0,
      "hardMask": 13,
      "move": 238.37539628205593,
      "travel": 23.837539628205597,
      "setup": 110.0
    },
    {
      "ep": 20,
      "seed": 130,
      "makespan": 301.38,
      "done": 24,
      "total": 24,
      "reward": 273.9808883666992,
      "soft": 4,
      "hardExecuted": 0,
      "hardMask": 5,
      "move": 150.63706369502228,
      "travel": 15.06370636950223,
      "setup": 150.0
    },
    {
      "ep": 21,
      "seed": 121,
      "makespan": 352.35,
      "done": 24,
      "total": 24,
      "reward": 267.5129361152649,
      "soft": 11,
      "hardExecuted": 0,
      "hardMask": 25,
      "move": 99.56852143256853,
      "travel": 9.956852143256857,
      "setup": 110.0
    },
    {
      "ep": 22,
      "seed": 122,
      "makespan": 275.261,
      "done": 24,
      "total": 24,
      "reward": 261.9753761291504,
      "soft": 10,
      "hardExecuted": 0,
      "hardMask": 6,
      "move": 217.48750131967458,
      "travel": 21.748750131967462,
      "setup": 130.0
    },
    {
      "ep": 23,
      "seed": 123,
      "makespan": 301.12,
      "done": 24,
      "total": 24,
      "reward": 264.23571491241455,
      "soft": 5,
      "hardExecuted": 0,
      "hardMask": 7,
      "move": 192.1427301897931,
      "travel": 19.214273018979313,
      "setup": 160.0
    },
    {
      "ep": 24,
      "seed": 124,
      "makespan": 255.043,
      "done": 24,
      "total": 24,
      "reward": 295.8175823688507,
      "soft": 3,
      "hardExecuted": 0,
      "hardMask": 3,
      "move": 189.41392965163647,
      "travel": 18.94139296516365,
      "setup": 100.0
    },
    {
      "ep": 25,
      "seed": 125,
      "makespan": 264.277,
      "done": 24,
      "total": 24,
      "reward": 238.49986028671265,
      "soft": 16,
      "hardExecuted": 0,
      "hardMask": 4,
      "move": 150.00469328963885,
      "travel": 15.00046932896388,
      "setup": 150.0
    },
    {
      "ep": 26,
      "seed": 126,
      "makespan": 307.437,
      "done": 24,
      "total": 24,
      "reward": 248.78826665878296,
      "soft": 10,
      "hardExecuted": 0,
      "hardMask": 7,
      "move": 257.0573306916574,
      "travel": 25.705733069165742,
      "setup": 160.0
    },
    {
      "ep": 27,
      "seed": 127,
      "makespan": 269.56,
      "done": 24,
      "total": 24,
      "reward": 287.611328125,
      "soft": 5,
      "hardExecuted": 0,
      "hardMask": 5,
      "move": 129.62243456839843,
      "travel": 12.962243456839841,
      "setup": 110.0
    },
    {
      "ep": 28,
      "seed": 128,
      "makespan": 328.464,
      "done": 24,
      "total": 24,
      "reward": 268.0143151283264,
      "soft": 5,
      "hardExecuted": 0,
      "hardMask": 19,
      "move": 166.1891686825196,
      "travel": 16.618916868251958,
      "setup": 150.0
    },
    {
      "ep": 29,
      "seed": 129,
      "makespan": 282.808,
      "done": 24,
      "total": 24,
      "reward": 278.1560974121094,
      "soft": 2,
      "hardExecuted": 0,
      "hardMask": 0,
      "move": 211.4635100439802,
      "travel": 21.14635100439802,
      "setup": 150.0
    },
    {
      "ep": 30,
      "seed": 130,
      "makespan": 256.147,
      "done": 24,
      "total": 24,
      "reward": 290.72028160095215,
      "soft": 3,
      "hardExecuted": 0,
      "hardMask": 0,
      "move": 125.99037711363889,
      "travel": 12.599037711363888,
      "setup": 120.0
    },
    {
      "ep": 31,
      "seed": 121,
      "makespan": 347.724,
      "done": 24,
      "total": 24,
      "reward": 272.2631607055664,
      "soft": 4,
      "hardExecuted": 0,
      "hardMask": 10,
      "move": 257.89453020784043,
      "travel": 25.78945302078404,
      "setup": 140.0
    },
    {
      "ep": 32,
      "seed": 122,
      "makespan": 279.706,
      "done": 24,
      "total": 24,
      "reward": 265.73524475097656,
      "soft": 12,
      "hardExecuted": 0,
      "hardMask": 9,
      "move": 108.82524393000165,
      "travel": 10.882524393000166,
      "setup": 110.0
    },
    {
      "ep": 33,
      "seed": 123,
      "makespan": 270.367,
      "done": 24,
      "total": 24,
      "reward": 248.74442958831787,
      "soft": 13,
      "hardExecuted": 0,
      "hardMask": 4,
      "move": 208.51894588303156,
      "travel": 20.851894588303153,
      "setup": 140.0
    },
    {
      "ep": 34,
      "seed": 124,
      "makespan": 339.211,
      "done": 24,
      "total": 24,
      "reward": 272.85503911972046,
      "soft": 5,
      "hardExecuted": 0,
      "hardMask": 15,
      "move": 254.83179330274425,
      "travel": 25.48317933027442,
      "setup": 130.0
    },
    {
      "ep": 35,
      "seed": 125,
      "makespan": 303.851,
      "done": 24,
      "total": 24,
      "reward": 254.7351531982422,
      "soft": 10,
      "hardExecuted": 0,
      "hardMask": 10,
      "move": 192.16144858205382,
      "travel": 19.21614485820538,
      "setup": 150.0
    },
    {
      "ep": 36,
      "seed": 126,
      "makespan": 347.419,
      "done": 24,
      "total": 24,
      "reward": 252.090416431427,
      "soft": 7,
      "hardExecuted": 0,
      "hardMask": 16,
      "move": 230.31935249913977,
      "travel": 23.031935249913982,
      "setup": 170.0
    },
    {
      "ep": 37,
      "seed": 127,
      "makespan": 244.535,
      "done": 24,
      "total": 24,
      "reward": 303.42417335510254,
      "soft": 3,
      "hardExecuted": 0,
      "hardMask": 3,
      "move": 102.52748222901862,
      "travel": 10.252748222901863,
      "setup": 90.0
    },
    {
      "ep": 38,
      "seed": 128,
      "makespan": 344.598,
      "done": 24,
      "total": 24,
      "reward": 245.98775053024292,
      "soft": 8,
      "hardExecuted": 0,
      "hardMask": 11,
      "move": 183.74145887778548,
      "travel": 18.374145887778553,
      "setup": 180.0
    },
    {
      "ep": 39,
      "seed": 129,
      "makespan": 281.219,
      "done": 24,
      "total": 24,
      "reward": 266.02636337280273,
      "soft": 8,
      "hardExecuted": 0,
      "hardMask": 7,
      "move": 149.12121560731066,
      "travel": 14.912121560731064,
      "setup": 140.0
    },
    {
      "ep": 40,
      "seed": 130,
      "makespan": 289.967,
      "done": 24,
      "total": 24,
      "reward": 268.7847385406494,
      "soft": 6,
      "hardExecuted": 0,
      "hardMask": 3,
      "move": 123.84202855916728,
      "travel": 12.384202855916731,
      "setup": 150.0
    },
    {
      "ep": 41,
      "seed": 121,
      "makespan": 381.71,
      "done": 24,
      "total": 24,
      "reward": 272.160386800766,
      "soft": 11,
      "hardExecuted": 0,
      "hardMask": 36,
      "move": 111.32039633424773,
      "travel": 11.132039633424775,
      "setup": 90.0
    },
    {
      "ep": 42,
      "seed": 122,
      "makespan": 269.932,
      "done": 24,
      "total": 24,
      "reward": 294.5582752227783,
      "soft": 4,
      "hardExecuted": 0,
      "hardMask": 14,
      "move": 98.05723459984003,
      "travel": 9.805723459984003,
      "setup": 100.0
    },
    {
      "ep": 43,
      "seed": 123,
      "makespan": 326.731,
      "done": 24,
      "total": 24,
      "reward": 276.7581524848938,
      "soft": 5,
      "hardExecuted": 0,
      "hardMask": 9,
      "move": 174.72832791820449,
      "travel": 17.472832791820448,
      "setup": 130.0
    },
    {
      "ep": 44,
      "seed": 124,
      "makespan": 244.836,
      "done": 24,
      "total": 24,
      "reward": 293.10929107666016,
      "soft": 6,
      "hardExecuted": 0,
      "hardMask": 4,
      "move": 146.3569251033922,
      "travel": 14.635692510339224,
      "setup": 90.0
    },
    {
      "ep": 45,
      "seed": 125,
      "makespan": 354.894,
      "done": 24,
      "total": 24,
      "reward": 265.40563917160034,
      "soft": 10,
      "hardExecuted": 0,
      "hardMask": 19,
      "move": 136.4783036242494,
      "travel": 13.64783036242494,
      "setup": 120.0
    },
    {
      "ep": 46,
      "seed": 126,
      "makespan": 299.014,
      "done": 24,
      "total": 24,
      "reward": 257.1725130081177,
      "soft": 9,
      "hardExecuted": 0,
      "hardMask": 10,
      "move": 177.58285166503316,
      "travel": 17.75828516650332,
      "setup": 150.0
    },
    {
      "ep": 47,
      "seed": 127,
      "makespan": 301.879,
      "done": 24,
      "total": 24,
      "reward": 273.153799533844,
      "soft": 4,
      "hardExecuted": 0,
      "hardMask": 8,
      "move": 128.20633612051293,
      "travel": 12.820633612051292,
      "setup": 150.0
    },
    {
      "ep": 48,
      "seed": 128,
      "makespan": 288.286,
      "done": 24,
      "total": 24,
      "reward": 278.25140953063965,
      "soft": 2,
      "hardExecuted": 0,
      "hardMask": 6,
      "move": 158.28635122168802,
      "travel": 15.828635122168805,
      "setup": 150.0
    },
    {
      "ep": 49,
      "seed": 129,
      "makespan": 270.481,
      "done": 24,
      "total": 24,
      "reward": 269.48229789733887,
      "soft": 7,
      "hardExecuted": 0,
      "hardMask": 4,
      "move": 150.59008915056924,
      "travel": 15.059008915056927,
      "setup": 140.0
    },
    {
      "ep": 50,
      "seed": 130,
      "makespan": 279.152,
      "done": 24,
      "total": 24,
      "reward": 298.9927177429199,
      "soft": 1,
      "hardExecuted": 0,
      "hardMask": 4,
      "move": 100.24285726649671,
      "travel": 10.024285726649671,
      "setup": 110.0
    },
    {
      "ep": 51,
      "seed": 121,
      "makespan": 489.087,
      "done": 24,
      "total": 24,
      "reward": 266.0579881668091,
      "soft": 7,
      "hardExecuted": 0,
      "hardMask": 35,
      "move": 214.73349232686903,
      "travel": 21.473349232686903,
      "setup": 120.0
    },
    {
      "ep": 52,
      "seed": 122,
      "makespan": 259.19,
      "done": 24,
      "total": 24,
      "reward": 303.30722999572754,
      "soft": 4,
      "hardExecuted": 0,
      "hardMask": 5,
      "move": 106.42565371424082,
      "travel": 10.642565371424082,
      "setup": 80.0
    },
    {
      "ep": 53,
      "seed": 123,
      "makespan": 269.491,
      "done": 24,
      "total": 24,
      "reward": 274.32730293273926,
      "soft": 6,
      "hardExecuted": 0,
      "hardMask": 3,
      "move": 222.42310686290713,
      "travel": 22.242310686290715,
      "setup": 130.0
    },
    {
      "ep": 54,
      "seed": 124,
      "makespan": 254.623,
      "done": 24,
      "total": 24,
      "reward": 281.2272491455078,
      "soft": 6,
      "hardExecuted": 0,
      "hardMask": 6,
      "move": 125.75832751818072,
      "travel": 12.575832751818073,
      "setup": 120.0
    },
    {
      "ep": 55,
      "seed": 125,
      "makespan": 284.392,
      "done": 24,
      "total": 24,
      "reward": 257.6083388328552,
      "soft": 14,
      "hardExecuted": 0,
      "hardMask": 11,
      "move": 179.72204683412633,
      "travel": 17.972204683412635,
      "setup": 110.0
    },
    {
      "ep": 56,
      "seed": 126,
      "makespan": 360.739,
      "done": 24,
      "total": 24,
      "reward": 260.76318168640137,
      "soft": 7,
      "hardExecuted": 0,
      "hardMask": 15,
      "move": 191.22734435169264,
      "travel": 19.122734435169264,
      "setup": 150.0
    },
    {
      "ep": 57,
      "seed": 127,
      "makespan": 300.008,
      "done": 24,
      "total": 24,
      "reward": 268.273202419281,
      "soft": 8,
      "hardExecuted": 0,
      "hardMask": 11,
      "move": 174.22657570701182,
      "travel": 17.42265757070118,
      "setup": 130.0
    },
    {
      "ep": 58,
      "seed": 128,
      "makespan": 339.345,
      "done": 24,
      "total": 24,
      "reward": 271.62007093429565,
      "soft": 2,
      "hardExecuted": 0,
      "hardMask": 12,
      "move": 195.99747295012088,
      "travel": 19.599747295012087,
      "setup": 160.0
    },
    {
      "ep": 59,
      "seed": 129,
      "makespan": 317.864,
      "done": 24,
      "total": 24,
      "reward": 282.20642852783203,
      "soft": 3,
      "hardExecuted": 0,
      "hardMask": 13,
      "move": 193.1187392454938,
      "travel": 19.31187392454938,
      "setup": 130.0
    },
    {
      "ep": 60,
      "seed": 130,
      "makespan": 308.979,
      "done": 24,
      "total": 24,
      "reward": 305.6124835014343,
      "soft": 1,
      "hardExecuted": 0,
      "hardMask": 17,
      "move": 96.2505121459031,
      "travel": 9.625051214590309,
      "setup": 90.0
    },
    {
      "ep": 61,
      "seed": 121,
      "makespan": 369.785,
      "done": 24,
      "total": 24,
      "reward": 280.47589445114136,
      "soft": 11,
      "hardExecuted": 0,
      "hardMask": 22,
      "move": 150.8032215753713,
      "travel": 15.08032215753713,
      "setup": 70.0
    },
    {
      "ep": 62,
      "seed": 122,
      "makespan": 258.489,
      "done": 24,
      "total": 24,
      "reward": 280.9854402542114,
      "soft": 8,
      "hardExecuted": 0,
      "hardMask": 3,
      "move": 183.81818558333111,
      "travel": 18.381818558333112,
      "setup": 100.0
    },
    {
      "ep": 63,
      "seed": 123,
      "makespan": 409.604,
      "done": 24,
      "total": 24,
      "reward": 267.9742155075073,
      "soft": 4,
      "hardExecuted": 0,
      "hardMask": 16,
      "move": 200.85933528248088,
      "travel": 20.085933528248088,
      "setup": 150.0
    },
    {
      "ep": 64,
      "seed": 124,
      "makespan": 344.576,
      "done": 24,
      "total": 24,
      "reward": 265.40724182128906,
      "soft": 9,
      "hardExecuted": 0,
      "hardMask": 10,
      "move": 286.4249574304354,
      "travel": 28.64249574304354,
      "setup": 120.0
    },
    {
      "ep": 65,
      "seed": 125,
      "makespan": 258.121,
      "done": 24,
      "total": 24,
      "reward": 252.42371344566345,
      "soft": 15,
      "hardExecuted": 0,
      "hardMask": 5,
      "move": 135.87619766773744,
      "travel": 13.587619766773747,
      "setup": 120.0
    },
    {
      "ep": 66,
      "seed": 126,
      "makespan": 345.62,
      "done": 24,
      "total": 24,
      "reward": 238.47351932525635,
      "soft": 12,
      "hardExecuted": 0,
      "hardMask": 15,
      "move": 300.8826057006561,
      "travel": 30.088260570065604,
      "setup": 160.0
    },
    {
      "ep": 67,
      "seed": 127,
      "makespan": 283.954,
      "done": 24,
      "total": 24,
      "reward": 271.92230319976807,
      "soft": 6,
      "hardExecuted": 0,
      "hardMask": 8,
      "move": 152.58952209235466,
      "travel": 15.258952209235467,
      "setup": 140.0
    },
    {
      "ep": 68,
      "seed": 128,
      "makespan": 257.313,
      "done": 24,
      "total": 24,
      "reward": 280.88427543640137,
      "soft": 6,
      "hardExecuted": 0,
      "hardMask": 3,
      "move": 153.85733135654212,
      "travel": 15.385733135654212,
      "setup": 120.0
    },
    {
      "ep": 69,
      "seed": 129,
      "makespan": 291.623,
      "done": 24,
      "total": 24,
      "reward": 269.8020992279053,
      "soft": 9,
      "hardExecuted": 0,
      "hardMask": 7,
      "move": 189.9299797892036,
      "travel": 18.992997978920357,
      "setup": 120.0
    },
    {
      "ep": 70,
      "seed": 130,
      "makespan": 279.125,
      "done": 24,
      "total": 24,
      "reward": 302.3821063041687,
      "soft": 0,
      "hardExecuted": 0,
      "hardMask": 7,
      "move": 87.26303589580121,
      "travel": 8.726303589580121,
      "setup": 110.0
    },
    {
      "ep": 71,
      "seed": 121,
      "makespan": 302.745,
      "done": 24,
      "total": 24,
      "reward": 270.34101819992065,
      "soft": 10,
      "hardExecuted": 0,
      "hardMask": 13,
      "move": 155.29928397441967,
      "travel": 15.529928397441967,
      "setup": 110.0
    },
    {
      "ep": 72,
      "seed": 122,
      "makespan": 285.472,
      "done": 24,
      "total": 24,
      "reward": 279.86876487731934,
      "soft": 7,
      "hardExecuted": 0,
      "hardMask": 10,
      "move": 154.3745143472754,
      "travel": 15.437451434727542,
      "setup": 110.0
    },
    {
      "ep": 73,
      "seed": 123,
      "makespan": 291.705,
      "done": 24,
      "total": 24,
      "reward": 260.21516132354736,
      "soft": 10,
      "hardExecuted": 0,
      "hardMask": 7,
      "move": 176.16116390212184,
      "travel": 17.61611639021219,
      "setup": 130.0
    },
    {
      "ep": 74,
      "seed": 124,
      "makespan": 308.021,
      "done": 24,
      "total": 24,
      "reward": 294.32891845703125,
      "soft": 2,
      "hardExecuted": 0,
      "hardMask": 6,
      "move": 155.70260418384274,
      "travel": 15.57026041838428,
      "setup": 110.0
    },
    {
      "ep": 75,
      "seed": 125,
      "makespan": 499.101,
      "done": 24,
      "total": 24,
      "reward": 262.0981955528259,
      "soft": 7,
      "hardExecuted": 0,
      "hardMask": 34,
      "move": 213.3932340926279,
      "travel": 21.339323409262793,
      "setup": 130.0
    },
    {
      "ep": 76,
      "seed": 126,
      "makespan": 396.08,
      "done": 24,
      "total": 24,
      "reward": 265.4495825767517,
      "soft": 4,
      "hardExecuted": 0,
      "hardMask": 25,
      "move": 151.68052361981364,
      "travel": 15.168052361981363,
      "setup": 160.0
    },
    {
      "ep": 77,
      "seed": 127,
      "makespan": 329.781,
      "done": 24,
      "total": 24,
      "reward": 276.282603263855,
      "soft": 5,
      "hardExecuted": 0,
      "hardMask": 16,
      "move": 140.57983281358983,
      "travel": 14.057983281358982,
      "setup": 130.0
    },
    {
      "ep": 78,
      "seed": 128,
      "makespan": 327.908,
      "done": 24,
      "total": 24,
      "reward": 270.85930919647217,
      "soft": 4,
      "hardExecuted": 0,
      "hardMask": 8,
      "move": 204.68970534425432,
      "travel": 20.468970534425434,
      "setup": 150.0
    },
    {
      "ep": 79,
      "seed": 129,
      "makespan": 373.635,
      "done": 24,
      "total": 24,
      "reward": 277.86248207092285,
      "soft": 3,
      "hardExecuted": 0,
      "hardMask": 11,
      "move": 154.58369230567206,
      "travel": 15.458369230567202,
      "setup": 140.0
    },
    {
      "ep": 80,
      "seed": 130,
      "makespan": 273.918,
      "done": 24,
      "total": 24,
      "reward": 297.71683502197266,
      "soft": 3,
      "hardExecuted": 0,
      "hardMask": 5,
      "move": 142.77204453226443,
      "travel": 14.277204453226446,
      "setup": 100.0
    }
  ],
  "seen": {
    "mappo": {
      "n": 10,
      "completeRate": 100.0,
      "makespan": 316.5972,
      "makespanSd": 37.359372491518116,
      "reward": 277.528772354126,
      "soft": 6.0,
      "hardExecuted": 0.0,
      "hardMask": 12.2,
      "travel": 16.570739129464595,
      "setup": 121.0,
      "move": 165.70739129464593,
      "actualLiftRadius": 15.326324072381269,
      "actualDangerRadius": 21.32632407238127
    },
    "nearest": {
      "n": 10,
      "completeRate": 100.0,
      "makespan": 324.91049999999996,
      "makespanSd": 50.24641030611043,
      "reward": 272.46239466667174,
      "soft": 4.9,
      "hardExecuted": 0.0,
      "hardMask": 11.4,
      "travel": 13.29200013115518,
      "setup": 145.0,
      "move": 132.92000131155183,
      "actualLiftRadius": 15.61213340295455,
      "actualDangerRadius": 21.612133402954548
    },
    "radiusPriority": {
      "n": 10,
      "completeRate": 100.0,
      "makespan": 324.91049999999996,
      "makespanSd": 50.24641030611043,
      "reward": 272.46239466667174,
      "soft": 4.9,
      "hardExecuted": 0.0,
      "hardMask": 11.4,
      "travel": 13.29200013115518,
      "setup": 145.0,
      "move": 132.92000131155183,
      "actualLiftRadius": 15.61213340295455,
      "actualDangerRadius": 21.612133402954548
    },
    "random": {
      "n": 10,
      "completeRate": 100.0,
      "makespan": 324.8491,
      "makespanSd": 42.02865558270928,
      "reward": 266.9677927494049,
      "soft": 6.7,
      "hardExecuted": 0.0,
      "hardMask": 13.8,
      "travel": 20.607338500370965,
      "setup": 137.0,
      "move": 206.07338500370966,
      "actualLiftRadius": 15.33374776767794,
      "actualDangerRadius": 21.33374776767794
    }
  },
  "unseen": {
    "mappo": {
      "n": 20,
      "completeRate": 100.0,
      "makespan": 326.11435000000006,
      "makespanSd": 51.13992626439248,
      "reward": 271.34964364767075,
      "soft": 7.25,
      "hardExecuted": 0.0,
      "hardMask": 11.45,
      "travel": 16.417839707323683,
      "setup": 126.5,
      "move": 164.17839707323685,
      "actualLiftRadius": 14.924912964121074,
      "actualDangerRadius": 20.92491296412107
    },
    "nearest": {
      "n": 20,
      "completeRate": 100.0,
      "makespan": 326.28245000000004,
      "makespanSd": 56.694754414738405,
      "reward": 270.78167328834536,
      "soft": 5.3,
      "hardExecuted": 0.0,
      "hardMask": 11.85,
      "travel": 14.394403728690293,
      "setup": 145.5,
      "move": 143.9440372869029,
      "actualLiftRadius": 15.164301381739037,
      "actualDangerRadius": 21.164301381739033
    },
    "radiusPriority": {
      "n": 20,
      "completeRate": 100.0,
      "makespan": 326.28245000000004,
      "makespanSd": 56.694754414738405,
      "reward": 270.78167328834536,
      "soft": 5.3,
      "hardExecuted": 0.0,
      "hardMask": 11.85,
      "travel": 14.394403728690293,
      "setup": 145.5,
      "move": 143.9440372869029,
      "actualLiftRadius": 15.164301381739037,
      "actualDangerRadius": 21.164301381739033
    },
    "random": {
      "n": 20,
      "completeRate": 100.0,
      "makespan": 342.3970499999999,
      "makespanSd": 43.1748928191779,
      "reward": 261.86105235815046,
      "soft": 7.1,
      "hardExecuted": 0.0,
      "hardMask": 16.85,
      "travel": 20.29647658799364,
      "setup": 146.5,
      "move": 202.96476587993638,
      "actualLiftRadius": 15.592333218841995,
      "actualDangerRadius": 21.592333218841993
    }
  },
  "representative": {
    "mappo": {
      "done": 24,
      "total": 24,
      "makespan": 361.072,
      "reward": 266.9518585205078,
      "softInter": 10,
      "hardExecuted": 0,
      "hardMask": 18,
      "hardInter": 18,
      "travelTotal": 8.493764074932795,
      "setupTotal": 120.0,
      "moveTotal": 84.93764074932791,
      "actualLiftRadiusAvg": 15.023106978029157,
      "actualDangerRadiusAvg": 21.023106978029155,
      "events": [
        {
          "craneId": "C1",
          "craneIndex": 0,
          "liftId": "L19",
          "liftIndex": 18,
          "start": 0.0,
          "finish": 25.0,
          "travel": 0.0,
          "setup": 0.0,
          "duration": 25.0,
          "fromX": 31.76879258826375,
          "fromY": 29.312689437530935,
          "toX": 31.76879258826375,
          "toY": 29.312689437530935,
          "radiusCenterX": 31.76879258826375,
          "radiusCenterY": 29.312689437530935,
          "liftX": 33.62922494672239,
          "liftY": 21.48415280226618,
          "actualLiftRadius": 8.046564136952018,
          "dangerRadius": 14.046564136952018,
          "sameRadius": true,
          "softConflict": 0,
          "hardMask": 0,
          "move": 0.0
        },
        {
          "craneId": "C2",
          "craneIndex": 1,
          "liftId": "L4",
          "liftIndex": 3,
          "start": 0.0,
          "finish": 25.0,
          "travel": 0.0,
          "setup": 0.0,
          "duration": 25.0,
          "fromX": 64.21571589820087,
          "fromY": 20.335162521339953,
          "toX": 64.21571589820087,
          "toY": 20.335162521339953,
          "radiusCenterX": 64.21571589820087,
          "radiusCenterY": 20.335162521339953,
          "liftX": 76.3792534172535,
          "liftY": 12.624063591472805,
          "actualLiftRadius": 14.401829456135049,
          "dangerRadius": 20.401829456135047,
          "sameRadius": true,
          "softConflict": 0,
          "hardMask": 0,
          "move": 0.0
        },
        {
          "craneId": "C3",
          "craneIndex": 2,
          "liftId": "L20",
          "liftIndex": 19,
          "start": 0.0,
          "finish": 25.0,
          "travel": 0.0,
          "setup": 0.0,
          "duration": 25.0,
          "fromX": 10.225543104112148,
          "fromY": 15.965081992559135,
          "toX": 10.225543104112148,
          "toY": 15.965081992559135,
          "radiusCenterX": 10.225543104112148,
          "radiusCenterY": 15.965081992559135,
          "liftX": 21.272901833057404,
          "liftY": 12.753379593603313,
          "actualLiftRadius": 11.504745420280342,
          "dangerRadius": 17.504745420280344,
          "sameRadius": true,
          "softConflict": 1,
          "hardMask": 0,
          "move": 0.0
        },
        {
          "craneId": "C1",
          "craneIndex": 0,
          "liftId": "L23",
          "liftIndex": 22,
          "start": 25.0,
          "finish": 50.0,
          "travel": 0.0,
          "setup": 0.0,
          "duration": 25.0,
          "fromX": 31.76879258826375,
          "fromY": 29.312689437530935,
          "toX": 31.76879258826375,
          "toY": 29.312689437530935,
          "radiusCenterX": 31.76879258826375,
          "radiusCenterY": 29.312689437530935,
          "liftX": 42.361764965578914,
          "liftY": 24.659039960242808,
          "actualLiftRadius": 11.570113104201969,
          "dangerRadius": 17.57011310420197,
          "sameRadius": true,
          "softConflict": 0,
          "hardMask": 0,
          "move": 0.0
        },
        {
          "craneId": "C2",
          "craneIndex": 1,
          "liftId": "L17",
          "liftIndex": 16,
          "start": 25.0,
          "finish": 50.0,
          "travel": 0.0,
          "setup": 0.0,
          "duration": 25.0,
          "fromX": 64.21571589820087,
          "fromY": 20.335162521339953,
          "toX": 64.21571589820087,
          "toY": 20.335162521339953,
          "radiusCenterX": 64.21571589820087,
          "radiusCenterY": 20.335162521339953,
          "liftX": 65.84760506637394,
          "liftY": 32.65281580854207,
          "actualLiftRadius": 12.425282482137852,
          "dangerRadius": 18.425282482137852,
          "sameRadius": true,
          "softConflict": 0,
          "hardMask": 0,
          "move": 0.0
        },
        {
          "craneId": "C3",
          "craneIndex": 2,
          "liftId": "L21",
          "liftIndex": 20,
          "start": 25.0,
          "finish": 50.0,
          "travel": 0.0,
          "setup": 0.0,
          "duration": 25.0,
          "fromX": 10.225543104112148,
          "fromY": 15.965081992559135,
          "toX": 10.225543104112148,
          "toY": 15.965081992559135,
          "radiusCenterX": 10.225543104112148,
          "radiusCenterY": 15.965081992559135,
          "liftX": 18.997752273455262,
          "liftY": 25.432682839222252,
          "actualLiftRadius": 12.90686327123843,
          "dangerRadius": 18.90686327123843,
          "sameRadius": true,
          "softConflict": 1,
          "hardMask": 0,
          "move": 0.0
        },
        {
          "craneId": "C1",
          "craneIndex": 0,
          "liftId": "L22",
          "liftIndex": 21,
          "start": 50.0,
          "finish": 75.0,
          "travel": 0.0,
          "setup": 0.0,
          "duration": 25.0,
          "fromX": 31.76879258826375,
          "fromY": 29.312689437530935,
          "toX": 31.76879258826375,
          "toY": 29.312689437530935,
          "radiusCenterX": 31.76879258826375,
          "radiusCenterY": 29.312689437530935,
          "liftX": 36.23266613855958,
          "liftY": 38.43399560358375,
          "actualLiftRadius": 10.15501813134294,
          "dangerRadius": 16.155018131342942,
          "sameRadius": true,
          "softConflict": 0,
          "hardMask": 0,
          "move": 0.0
        },
        {
          "craneId": "C2",
          "craneIndex": 1,
          "liftId": "L3",
          "liftIndex": 2,
          "start": 50.0,
          "finish": 87.01253947879516,
          "travel": 2.0125394787951594,
          "setup": 10.0,
          "duration": 25.0,
          "fromX": 64.21571589820087,
          "fromY": 20.335162521339953,
          "toX": 65.47032150102031,
          "toY": 40.42141354417354,
          "radiusCenterX": 65.47032150102031,
          "radiusCenterY": 40.42141354417354,
          "liftX": 66.5924312081188,
          "liftY": 58.3864036584273,
          "actualLiftRadius": 17.999999999999996,
          "dangerRadius": 23.999999999999996,
          "sameRadius": false,
          "softConflict": 0,
          "hardMask": 0,
          "move": 20.125394787951596
        },
        {
          "craneId": "C3",
          "craneIndex": 2,
          "liftId": "L24",
          "liftIndex": 23,
          "start": 50.0,
          "finish": 75.0,
          "travel": 0.0,
          "setup": 0.0,
          "duration": 25.0,
          "fromX": 10.225543104112148,
          "fromY": 15.965081992559135,
          "toX": 10.225543104112148,
          "toY": 15.965081992559135,
          "radiusCenterX": 10.225543104112148,
          "radiusCenterY": 15.965081992559135,
          "liftX": 8.319532878696918,
          "liftY": 10.294622707180679,
          "actualLiftRadius": 5.982222286619093,
          "dangerRadius": 11.982222286619093,
          "sameRadius": true,
          "softConflict": 0,
          "hardMask": 0,
          "move": 0.0
        },
        {
          "craneId": "C1",
          "craneIndex": 0,
          "liftId": "L6",
          "liftIndex": 5,
          "start": 75.0,
          "finish": 100.0,
          "travel": 0.0,
          "setup": 0.0,
          "duration": 25.0,
          "fromX": 31.76879258826375,
          "fromY": 29.312689437530935,
          "toX": 31.76879258826375,
          "toY": 29.312689437530935,
          "radiusCenterX": 31.76879258826375,
          "radiusCenterY": 29.312689437530935,
          "liftX": 28.108975742012262,
          "liftY": 20.676682679913938,
          "actualLiftRadius": 9.379492100626377,
          "dangerRadius": 15.379492100626377,
          "sameRadius": true,
          "softConflict": 0,
          "hardMask": 0,
          "move": 0.0
        },
        {
          "craneId": "C3",
          "craneIndex": 2,
          "liftId": "L15",
          "liftIndex": 14,
          "start": 75.0,
          "finish": 100.0,
          "travel": 0.0,
          "setup": 0.0,
          "duration": 25.0,
          "fromX": 10.225543104112148,
          "fromY": 15.965081992559135,
          "toX": 10.225543104112148,
          "toY": 15.965081992559135,
          "radiusCenterX": 10.225543104112148,
          "radiusCenterY": 15.965081992559135,
          "liftX": 14.170843644067645,
          "liftY": 31.346351415850222,
          "actualLiftRadius": 15.87919536445227,
          "dangerRadius": 21.879195364452272,
          "sameRadius": true,
          "softConflict": 1,
          "hardMask": 0,
          "move": 0.0
        },
        {
          "craneId": "C2",
          "craneIndex": 1,
          "liftId": "L11",
          "liftIndex": 10,
          "start": 87.01253947879516,
          "finish": 112.01253947879516,
          "travel": 0.0,
          "setup": 0.0,
          "duration": 25.0,
          "fromX": 65.47032150102031,
          "fromY": 40.42141354417354,
          "toX": 65.47032150102031,
          "toY": 40.42141354417354,
          "radiusCenterX": 65.47032150102031,
          "radiusCenterY": 40.42141354417354,
          "liftX": 50.17863002978265,
          "liftY": 43.980033689178526,
          "actualLiftRadius": 15.700305901094977,
          "dangerRadius": 21.70030590109498,
          "sameRadius": true,
          "softConflict": 0,
          "hardMask": 0,
          "move": 0.0
        },
        {
          "craneId": "C1",
          "craneIndex": 0,
          "liftId": "L16",
          "liftIndex": 15,
          "start": 100.0,
          "finish": 136.40721433231346,
          "travel": 1.4072143323134751,
          "setup": 10.0,
          "duration": 25.0,
          "fromX": 31.76879258826375,
          "fromY": 29.312689437530935,
          "toX": 30.738301939757257,
          "toY": 43.347051080661934,
          "radiusCenterX": 30.738301939757257,
          "radiusCenterY": 43.347051080661934,
          "liftX": 29.420177809894085,
          "liftY": 61.298723670654,
          "actualLiftRadius": 18.0,
          "dangerRadius": 24.0,
          "sameRadius": false,
          "softConflict": 1,
          "hardMask": 0,
          "move": 14.072143323134751
        },
        {
          "craneId": "C2",
          "craneIndex": 1,
          "liftId": "L18",
          "liftIndex": 17,
          "start": 112.01253947879516,
          "finish": 148.45287510308762,
          "travel": 1.440335624292461,
          "setup": 10.0,
          "duration": 25.0,
          "fromX": 65.47032150102031,
          "fromY": 40.42141354417354,
          "toX": 71.9569842116852,
          "toY": 53.28142435049345,
          "radiusCenterX": 71.9569842116852,
          "radiusCenterY": 53.28142435049345,
          "liftX": 80.06342321261764,
          "liftY": 69.35269208904356,
          "actualLiftRadius": 18.0,
          "dangerRadius": 24.0,
          "sameRadius": false,
          "softConflict": 0,
          "hardMask": 0,
          "move": 14.403356242924609
        },
        {
          "craneId": "C1",
          "craneIndex": 0,
          "liftId": "L1",
          "liftIndex": 0,
          "start": 136.40721433231346,
          "finish": 171.62420320040104,
          "travel": 0.21698886808758192,
          "setup": 10.0,
          "duration": 25.0,
          "fromX": 30.738301939757257,
          "fromY": 43.347051080661934,
          "toX": 32.80331928880754,
          "toY": 44.01347454627095,
          "radiusCenterX": 32.80331928880754,
          "radiusCenterY": 44.01347454627095,
          "liftX": 49.933374213054776,
          "liftY": 49.5416947202757,
          "actualLiftRadius": 18.0,
          "dangerRadius": 24.0,
          "sameRadius": false,
          "softConflict": 1,
          "hardMask": 0,
          "move": 2.169888680875819
        },
        {
          "craneId": "C2",
          "craneIndex": 1,
          "liftId": "L5",
          "liftIndex": 4,
          "start": 148.45287510308762,
          "finish": 184.96467789206187,
          "travel": 1.5118027889742456,
          "setup": 10.0,
          "duration": 25.0,
          "fromX": 71.9569842116852,
          "fromY": 53.28142435049345,
          "toX": 67.08273754135683,
          "toY": 67.59213665533082,
          "radiusCenterX": 67.08273754135683,
          "radiusCenterY": 67.59213665533082,
          "liftX": 61.279305988922715,
          "liftY": 84.63092130143195,
          "actualLiftRadius": 17.99999999999999,
          "dangerRadius": 23.99999999999999,
          "sameRadius": false,
          "softConflict": 1,
          "hardMask": 0,
          "move": 15.118027889742455
        },
        {
          "craneId": "C1",
          "craneIndex": 0,
          "liftId": "L8",
          "liftIndex": 7,
          "start": 171.62420320040104,
          "finish": 207.02283080367525,
          "travel": 0.39862760327421387,
          "setup": 10.0,
          "duration": 25.0,
          "fromX": 32.80331928880754,
          "fromY": 44.01347454627095,
          "toX": 30.535636577141492,
          "toY": 47.29189058582806,
          "radiusCenterX": 30.535636577141492,
          "radiusCenterY": 47.29189058582806,
          "liftX": 20.29593203216791,
          "liftY": 62.0955540118739,
          "actualLiftRadius": 18.0,
          "dangerRadius": 24.0,
          "sameRadius": false,
          "softConflict": 1,
          "hardMask": 0,
          "move": 3.986276032742139
        },
        {
          "craneId": "C2",
          "craneIndex": 1,
          "liftId": "L14",
          "liftIndex": 13,
          "start": 184.96467789206187,
          "finish": 220.11273549936627,
          "travel": 0.14805760730439094,
          "setup": 10.0,
          "duration": 25.0,
          "fromX": 67.08273754135683,
          "fromY": 67.59213665533082,
          "toX": 68.54010009057791,
          "toY": 67.85328777671072,
          "radiusCenterX": 68.54010009057791,
          "radiusCenterY": 67.85328777671072,
          "liftX": 86.25788329914212,
          "liftY": 71.02821426000446,
          "actualLiftRadius": 18.0,
          "dangerRadius": 24.0,
          "sameRadius": false,
          "softConflict": 0,
          "hardMask": 0,
          "move": 1.4805760730439095
        },
        {
          "craneId": "C1",
          "craneIndex": 0,
          "liftId": "L10",
          "liftIndex": 9,
          "start": 207.02283080367525,
          "finish": 242.42178817277286,
          "travel": 0.3989573690976121,
          "setup": 10.0,
          "duration": 25.0,
          "fromX": 30.535636577141492,
          "fromY": 47.29189058582806,
          "toX": 29.76235560741346,
          "toY": 51.20580611603375,
          "radiusCenterX": 29.76235560741346,
          "radiusCenterY": 51.20580611603375,
          "liftX": 26.27349726483226,
          "liftY": 68.8644546335563,
          "actualLiftRadius": 18.000000000000004,
          "dangerRadius": 24.000000000000004,
          "sameRadius": false,
          "softConflict": 0,
          "hardMask": 0,
          "move": 3.989573690976121
        },
        {
          "craneId": "C2",
          "craneIndex": 1,
          "liftId": "L13",
          "liftIndex": 12,
          "start": 220.11273549936627,
          "finish": 255.73781195689017,
          "travel": 0.6250764575238981,
          "setup": 10.0,
          "duration": 25.0,
          "fromX": 68.54010009057791,
          "fromY": 67.85328777671072,
          "toX": 62.53046091048585,
          "toY": 69.57267566202485,
          "radiusCenterX": 62.53046091048585,
          "radiusCenterY": 69.57267566202485,
          "liftX": 45.22481710650027,
          "liftY": 74.52390707749873,
          "actualLiftRadius": 18.000000000000004,
          "dangerRadius": 24.000000000000004,
          "sameRadius": false,
          "softConflict": 1,
          "hardMask": 0,
          "move": 6.250764575238981
        },
        {
          "craneId": "C1",
          "craneIndex": 0,
          "liftId": "L2",
          "liftIndex": 1,
          "start": 242.42178817277286,
          "finish": 267.42178817277284,
          "travel": 0.0,
          "setup": 0.0,
          "duration": 25.0,
          "fromX": 29.76235560741346,
          "fromY": 51.20580611603375,
          "toX": 29.76235560741346,
          "toY": 51.20580611603375,
          "radiusCenterX": 29.76235560741346,
          "radiusCenterY": 51.20580611603375,
          "liftX": 13.233976628631353,
          "liftY": 52.7774823224172,
          "actualLiftRadius": 16.602935817618466,
          "dangerRadius": 22.602935817618466,
          "sameRadius": true,
          "softConflict": 1,
          "hardMask": 0,
          "move": 0.0
        },
        {
          "craneId": "C2",
          "craneIndex": 1,
          "liftId": "L12",
          "liftIndex": 11,
          "start": 255.73781195689017,
          "finish": 290.82832863645604,
          "travel": 0.09051667956582662,
          "setup": 10.0,
          "duration": 25.0,
          "fromX": 62.53046091048585,
          "fromY": 69.57267566202485,
          "toX": 61.710562204879515,
          "toY": 69.95620276733464,
          "radiusCenterX": 61.710562204879515,
          "radiusCenterY": 69.95620276733464,
          "liftX": 45.40618960559368,
          "liftY": 77.58296054136008,
          "actualLiftRadius": 18.000000000000004,
          "dangerRadius": 24.000000000000004,
          "sameRadius": false,
          "softConflict": 1,
          "hardMask": 0,
          "move": 0.9051667956582663
        },
        {
          "craneId": "C2",
          "craneIndex": 1,
          "liftId": "L9",
          "liftIndex": 8,
          "start": 290.82832863645604,
          "finish": 325.99155320557986,
          "travel": 0.16322456912380906,
          "setup": 10.0,
          "duration": 25.0,
          "fromX": 61.710562204879515,
          "fromY": 69.95620276733464,
          "toX": 60.72623541673298,
          "toY": 71.2582499134482,
          "radiusCenterX": 60.72623541673298,
          "radiusCenterY": 71.2582499134482,
          "liftX": 49.8713241238147,
          "liftY": 85.61690238583833,
          "actualLiftRadius": 18.000000000000004,
          "dangerRadius": 24.000000000000004,
          "sameRadius": false,
          "softConflict": 0,
          "hardMask": 0,
          "move": 1.6322456912380907
        },
        {
          "craneId": "C2",
          "craneIndex": 1,
          "liftId": "L7",
          "liftIndex": 6,
          "start": 325.99155320557986,
          "finish": 361.07197590216,
          "travel": 0.08042269658011955,
          "setup": 10.0,
          "duration": 25.0,
          "fromX": 60.72623541673298,
          "fromY": 71.2582499134482,
          "toX": 60.313146341277196,
          "toY": 71.94827775945217,
          "radiusCenterX": 60.313146341277196,
          "radiusCenterY": 71.94827775945217,
          "liftX": 51.06749346666038,
          "liftY": 87.39230258855969,
          "actualLiftRadius": 17.999999999999993,
          "dangerRadius": 23.999999999999993,
          "sameRadius": false,
          "softConflict": 0,
          "hardMask": 0,
          "move": 0.8042269658011955
        }
      ],
      "cranes": [
        {
          "id": "C1",
          "x": 31.76879258826375,
          "y": 29.312689437530935,
          "setup_x": 29.76235560741346,
          "setup_y": 51.20580611603375,
          "available": 267.42178817277284,
          "jobs": 9
        },
        {
          "id": "C2",
          "x": 64.21571589820087,
          "y": 20.335162521339953,
          "setup_x": 60.313146341277196,
          "setup_y": 71.94827775945217,
          "available": 361.07197590216,
          "jobs": 11
        },
        {
          "id": "C3",
          "x": 10.225543104112148,
          "y": 15.965081992559135,
          "setup_x": 10.225543104112148,
          "setup_y": 15.965081992559135,
          "available": 100.0,
          "jobs": 4
        }
      ]
    },
    "nearest": {
      "done": 24,
      "total": 24,
      "makespan": 291.039,
      "reward": 278.09497356414795,
      "softInter": 8,
      "hardExecuted": 0,
      "hardMask": 4,
      "hardInter": 4,
      "travelTotal": 14.683398318071301,
      "setupTotal": 110.0,
      "moveTotal": 146.83398318071298,
      "actualLiftRadiusAvg": 14.22639466672526,
      "actualDangerRadiusAvg": 20.22639466672526,
      "events": [
        {
          "craneId": "C1",
          "craneIndex": 0,
          "liftId": "L6",
          "liftIndex": 5,
          "start": 0.0,
          "finish": 25.0,
          "travel": 0.0,
          "setup": 0.0,
          "duration": 25.0,
          "fromX": 31.76879258826375,
          "fromY": 29.312689437530935,
          "toX": 31.76879258826375,
          "toY": 29.312689437530935,
          "radiusCenterX": 31.76879258826375,
          "radiusCenterY": 29.312689437530935,
          "liftX": 28.108975742012262,
          "liftY": 20.676682679913938,
          "actualLiftRadius": 9.379492100626377,
          "dangerRadius": 15.379492100626377,
          "sameRadius": true,
          "softConflict": 0,
          "hardMask": 0,
          "move": 0.0
        },
        {
          "craneId": "C2",
          "craneIndex": 1,
          "liftId": "L4",
          "liftIndex": 3,
          "start": 0.0,
          "finish": 25.0,
          "travel": 0.0,
          "setup": 0.0,
          "duration": 25.0,
          "fromX": 64.21571589820087,
          "fromY": 20.335162521339953,
          "toX": 64.21571589820087,
          "toY": 20.335162521339953,
          "radiusCenterX": 64.21571589820087,
          "radiusCenterY": 20.335162521339953,
          "liftX": 76.3792534172535,
          "liftY": 12.624063591472805,
          "actualLiftRadius": 14.401829456135049,
          "dangerRadius": 20.401829456135047,
          "sameRadius": true,
          "softConflict": 0,
          "hardMask": 0,
          "move": 0.0
        },
        {
          "craneId": "C3",
          "craneIndex": 2,
          "liftId": "L15",
          "liftIndex": 14,
          "start": 0.0,
          "finish": 25.0,
          "travel": 0.0,
          "setup": 0.0,
          "duration": 25.0,
          "fromX": 10.225543104112148,
          "fromY": 15.965081992559135,
          "toX": 10.225543104112148,
          "toY": 15.965081992559135,
          "radiusCenterX": 10.225543104112148,
          "radiusCenterY": 15.965081992559135,
          "liftX": 14.170843644067645,
          "liftY": 31.346351415850222,
          "actualLiftRadius": 15.87919536445227,
          "dangerRadius": 21.879195364452272,
          "sameRadius": true,
          "softConflict": 1,
          "hardMask": 0,
          "move": 0.0
        },
        {
          "craneId": "C1",
          "craneIndex": 0,
          "liftId": "L19",
          "liftIndex": 18,
          "start": 25.0,
          "finish": 50.0,
          "travel": 0.0,
          "setup": 0.0,
          "duration": 25.0,
          "fromX": 31.76879258826375,
          "fromY": 29.312689437530935,
          "toX": 31.76879258826375,
          "toY": 29.312689437530935,
          "radiusCenterX": 31.76879258826375,
          "radiusCenterY": 29.312689437530935,
          "liftX": 33.62922494672239,
          "liftY": 21.48415280226618,
          "actualLiftRadius": 8.046564136952018,
          "dangerRadius": 14.046564136952018,
          "sameRadius": true,
          "softConflict": 0,
          "hardMask": 0,
          "move": 0.0
        },
        {
          "craneId": "C2",
          "craneIndex": 1,
          "liftId": "L17",
          "liftIndex": 16,
          "start": 25.0,
          "finish": 50.0,
          "travel": 0.0,
          "setup": 0.0,
          "duration": 25.0,
          "fromX": 64.21571589820087,
          "fromY": 20.335162521339953,
          "toX": 64.21571589820087,
          "toY": 20.335162521339953,
          "radiusCenterX": 64.21571589820087,
          "radiusCenterY": 20.335162521339953,
          "liftX": 65.84760506637394,
          "liftY": 32.65281580854207,
          "actualLiftRadius": 12.425282482137852,
          "dangerRadius": 18.425282482137852,
          "sameRadius": true,
          "softConflict": 0,
          "hardMask": 0,
          "move": 0.0
        },
        {
          "craneId": "C3",
          "craneIndex": 2,
          "liftId": "L20",
          "liftIndex": 19,
          "start": 25.0,
          "finish": 50.0,
          "travel": 0.0,
          "setup": 0.0,
          "duration": 25.0,
          "fromX": 10.225543104112148,
          "fromY": 15.965081992559135,
          "toX": 10.225543104112148,
          "toY": 15.965081992559135,
          "radiusCenterX": 10.225543104112148,
          "radiusCenterY": 15.965081992559135,
          "liftX": 21.272901833057404,
          "liftY": 12.753379593603313,
          "actualLiftRadius": 11.504745420280342,
          "dangerRadius": 17.504745420280344,
          "sameRadius": true,
          "softConflict": 1,
          "hardMask": 0,
          "move": 0.0
        },
        {
          "craneId": "C1",
          "craneIndex": 0,
          "liftId": "L21",
          "liftIndex": 20,
          "start": 50.0,
          "finish": 75.0,
          "travel": 0.0,
          "setup": 0.0,
          "duration": 25.0,
          "fromX": 31.76879258826375,
          "fromY": 29.312689437530935,
          "toX": 31.76879258826375,
          "toY": 29.312689437530935,
          "radiusCenterX": 31.76879258826375,
          "radiusCenterY": 29.312689437530935,
          "liftX": 18.997752273455262,
          "liftY": 25.432682839222252,
          "actualLiftRadius": 13.347431285658773,
          "dangerRadius": 19.34743128565877,
          "sameRadius": true,
          "softConflict": 0,
          "hardMask": 0,
          "move": 0.0
        },
        {
          "craneId": "C2",
          "craneIndex": 1,
          "liftId": "L3",
          "liftIndex": 2,
          "start": 50.0,
          "finish": 87.01253947879516,
          "travel": 2.0125394787951594,
          "setup": 10.0,
          "duration": 25.0,
          "fromX": 64.21571589820087,
          "fromY": 20.335162521339953,
          "toX": 65.47032150102031,
          "toY": 40.42141354417354,
          "radiusCenterX": 65.47032150102031,
          "radiusCenterY": 40.42141354417354,
          "liftX": 66.5924312081188,
          "liftY": 58.3864036584273,
          "actualLiftRadius": 17.999999999999996,
          "dangerRadius": 23.999999999999996,
          "sameRadius": false,
          "softConflict": 1,
          "hardMask": 0,
          "move": 20.125394787951596
        },
        {
          "craneId": "C3",
          "craneIndex": 2,
          "liftId": "L24",
          "liftIndex": 23,
          "start": 50.0,
          "finish": 75.0,
          "travel": 0.0,
          "setup": 0.0,
          "duration": 25.0,
          "fromX": 10.225543104112148,
          "fromY": 15.965081992559135,
          "toX": 10.225543104112148,
          "toY": 15.965081992559135,
          "radiusCenterX": 10.225543104112148,
          "radiusCenterY": 15.965081992559135,
          "liftX": 8.319532878696918,
          "liftY": 10.294622707180679,
          "actualLiftRadius": 5.982222286619093,
          "dangerRadius": 11.982222286619093,
          "sameRadius": true,
          "softConflict": 0,
          "hardMask": 0,
          "move": 0.0
        },
        {
          "craneId": "C1",
          "craneIndex": 0,
          "liftId": "L22",
          "liftIndex": 21,
          "start": 75.0,
          "finish": 100.0,
          "travel": 0.0,
          "setup": 0.0,
          "duration": 25.0,
          "fromX": 31.76879258826375,
          "fromY": 29.312689437530935,
          "toX": 31.76879258826375,
          "toY": 29.312689437530935,
          "radiusCenterX": 31.76879258826375,
          "radiusCenterY": 29.312689437530935,
          "liftX": 36.23266613855958,
          "liftY": 38.43399560358375,
          "actualLiftRadius": 10.15501813134294,
          "dangerRadius": 16.155018131342942,
          "sameRadius": true,
          "softConflict": 0,
          "hardMask": 0,
          "move": 0.0
        },
        {
          "craneId": "C2",
          "craneIndex": 1,
          "liftId": "L11",
          "liftIndex": 10,
          "start": 87.01253947879516,
          "finish": 112.01253947879516,
          "travel": 0.0,
          "setup": 0.0,
          "duration": 25.0,
          "fromX": 65.47032150102031,
          "fromY": 40.42141354417354,
          "toX": 65.47032150102031,
          "toY": 40.42141354417354,
          "radiusCenterX": 65.47032150102031,
          "radiusCenterY": 40.42141354417354,
          "liftX": 50.17863002978265,
          "liftY": 43.980033689178526,
          "actualLiftRadius": 15.700305901094977,
          "dangerRadius": 21.70030590109498,
          "sameRadius": true,
          "softConflict": 0,
          "hardMask": 0,
          "move": 0.0
        },
        {
          "craneId": "C3",
          "craneIndex": 2,
          "liftId": "L9",
          "liftIndex": 8,
          "start": 75.0,
          "finish": 116.21446444671123,
          "travel": 6.214464446711228,
          "setup": 10.0,
          "duration": 25.0,
          "fromX": 10.225543104112148,
          "fromY": 15.965081992559135,
          "toX": 40.967122687778826,
          "toY": 69.97352689374915,
          "radiusCenterX": 40.967122687778826,
          "radiusCenterY": 69.97352689374915,
          "liftX": 49.8713241238147,
          "liftY": 85.61690238583833,
          "actualLiftRadius": 17.99999999999999,
          "dangerRadius": 23.99999999999999,
          "sameRadius": false,
          "softConflict": 2,
          "hardMask": 0,
          "move": 62.144644467112286
        },
        {
          "craneId": "C1",
          "craneIndex": 0,
          "liftId": "L23",
          "liftIndex": 22,
          "start": 100.0,
          "finish": 125.0,
          "travel": 0.0,
          "setup": 0.0,
          "duration": 25.0,
          "fromX": 31.76879258826375,
          "fromY": 29.312689437530935,
          "toX": 31.76879258826375,
          "toY": 29.312689437530935,
          "radiusCenterX": 31.76879258826375,
          "radiusCenterY": 29.312689437530935,
          "liftX": 42.361764965578914,
          "liftY": 24.659039960242808,
          "actualLiftRadius": 11.570113104201969,
          "dangerRadius": 17.57011310420197,
          "sameRadius": true,
          "softConflict": 0,
          "hardMask": 0,
          "move": 0.0
        },
        {
          "craneId": "C2",
          "craneIndex": 1,
          "liftId": "L1",
          "liftIndex": 0,
          "start": 112.01253947879516,
          "finish": 147.01413948923084,
          "travel": 0.001600010435676555,
          "setup": 10.0,
          "duration": 25.0,
          "fromX": 65.47032150102031,
          "fromY": 40.42141354417354,
          "toX": 65.45652305649583,
          "toY": 40.42951331380805,
          "radiusCenterX": 65.45652305649583,
          "radiusCenterY": 40.42951331380805,
          "liftX": 49.933374213054776,
          "liftY": 49.5416947202757,
          "actualLiftRadius": 17.999999999999996,
          "dangerRadius": 23.999999999999996,
          "sameRadius": false,
          "softConflict": 2,
          "hardMask": 0,
          "move": 0.01600010435676555
        },
        {
          "craneId": "C3",
          "craneIndex": 2,
          "liftId": "L12",
          "liftIndex": 11,
          "start": 116.21446444671123,
          "finish": 141.21446444671125,
          "travel": 0.0,
          "setup": 0.0,
          "duration": 25.0,
          "fromX": 40.967122687778826,
          "fromY": 69.97352689374915,
          "toX": 40.967122687778826,
          "toY": 69.97352689374915,
          "radiusCenterX": 40.967122687778826,
          "radiusCenterY": 69.97352689374915,
          "liftX": 45.40618960559368,
          "liftY": 77.58296054136008,
          "actualLiftRadius": 8.809585435094641,
          "dangerRadius": 14.809585435094641,
          "sameRadius": true,
          "softConflict": 0,
          "hardMask": 0,
          "move": 0.0
        },
        {
          "craneId": "C1",
          "craneIndex": 0,
          "liftId": "L2",
          "liftIndex": 1,
          "start": 125.0,
          "finish": 161.19021054072795,
          "travel": 1.1902105407279486,
          "setup": 10.0,
          "duration": 25.0,
          "fromX": 31.76879258826375,
          "fromY": 29.312689437530935,
          "toX": 24.391274174380882,
          "toY": 38.65251465960071,
          "radiusCenterX": 24.391274174380882,
          "radiusCenterY": 38.65251465960071,
          "liftX": 13.233976628631353,
          "liftY": 52.7774823224172,
          "actualLiftRadius": 17.999999999999996,
          "dangerRadius": 23.999999999999996,
          "sameRadius": false,
          "softConflict": 1,
          "hardMask": 0,
          "move": 11.902105407279485
        },
        {
          "craneId": "C2",
          "craneIndex": 1,
          "liftId": "L18",
          "liftIndex": 17,
          "start": 147.01413948923084,
          "finish": 183.45437374408826,
          "travel": 1.4402342548574245,
          "setup": 10.0,
          "duration": 25.0,
          "fromX": 65.45652305649583,
          "fromY": 40.42951331380805,
          "toX": 71.94906535666806,
          "toY": 53.285421113996506,
          "radiusCenterX": 71.94906535666806,
          "radiusCenterY": 53.285421113996506,
          "liftX": 80.06342321261764,
          "liftY": 69.35269208904356,
          "actualLiftRadius": 18.000000000000004,
          "dangerRadius": 24.000000000000004,
          "sameRadius": false,
          "softConflict": 0,
          "hardMask": 0,
          "move": 14.402342548574245
        },
        {
          "craneId": "C3",
          "craneIndex": 2,
          "liftId": "L13",
          "liftIndex": 12,
          "start": 141.21446444671125,
          "finish": 166.21446444671125,
          "travel": 0.0,
          "setup": 0.0,
          "duration": 25.0,
          "fromX": 40.967122687778826,
          "fromY": 69.97352689374915,
          "toX": 40.967122687778826,
          "toY": 69.97352689374915,
          "radiusCenterX": 40.967122687778826,
          "radiusCenterY": 69.97352689374915,
          "liftX": 45.22481710650027,
          "liftY": 74.52390707749873,
          "actualLiftRadius": 6.231686896809932,
          "dangerRadius": 12.231686896809933,
          "sameRadius": true,
          "softConflict": 0,
          "hardMask": 0,
          "move": 0.0
        },
        {
          "craneId": "C1",
          "craneIndex": 0,
          "liftId": "L16",
          "liftIndex": 15,
          "start": 161.19021054072795,
          "finish": 196.70999642383782,
          "travel": 0.5197858831098812,
          "setup": 10.0,
          "duration": 25.0,
          "fromX": 24.391274174380882,
          "fromY": 38.65251465960071,
          "toX": 25.518082099324147,
          "toY": 43.72676734628443,
          "radiusCenterX": 25.518082099324147,
          "radiusCenterY": 43.72676734628443,
          "liftX": 29.420177809894085,
          "liftY": 61.298723670654,
          "actualLiftRadius": 17.999999999999996,
          "dangerRadius": 23.999999999999996,
          "sameRadius": false,
          "softConflict": 0,
          "hardMask": 0,
          "move": 5.197858831098812
        },
        {
          "craneId": "C2",
          "craneIndex": 1,
          "liftId": "L14",
          "liftIndex": 13,
          "start": 183.45437374408826,
          "finish": 218.9337354519637,
          "travel": 0.47936170787546273,
          "setup": 10.0,
          "duration": 25.0,
          "fromX": 71.94906535666806,
          "fromY": 53.285421113996506,
          "toX": 74.95828472842658,
          "toY": 57.01682346034852,
          "radiusCenterX": 74.95828472842658,
          "radiusCenterY": 57.01682346034852,
          "liftX": 86.25788329914212,
          "liftY": 71.02821426000446,
          "actualLiftRadius": 18.0,
          "dangerRadius": 24.0,
          "sameRadius": false,
          "softConflict": 0,
          "hardMask": 0,
          "move": 4.793617078754627
        },
        {
          "craneId": "C1",
          "craneIndex": 0,
          "liftId": "L8",
          "liftIndex": 7,
          "start": 196.70999642383782,
          "finish": 231.81966439207167,
          "travel": 0.10966796823384262,
          "setup": 10.0,
          "duration": 25.0,
          "fromX": 25.518082099324147,
          "fromY": 43.72676734628443,
          "toX": 25.218185679001973,
          "toY": 44.78164575763422,
          "radiusCenterX": 25.218185679001973,
          "radiusCenterY": 44.78164575763422,
          "liftX": 20.29593203216791,
          "liftY": 62.0955540118739,
          "actualLiftRadius": 18.000000000000004,
          "dangerRadius": 24.000000000000004,
          "sameRadius": false,
          "softConflict": 0,
          "hardMask": 0,
          "move": 1.0966796823384262
        },
        {
          "craneId": "C2",
          "craneIndex": 1,
          "liftId": "L5",
          "liftIndex": 4,
          "start": 218.9337354519637,
          "finish": 255.21537926482193,
          "travel": 1.2816438128582075,
          "setup": 10.0,
          "duration": 25.0,
          "fromX": 74.95828472842658,
          "fromY": 57.01682346034852,
          "toX": 69.26925006629162,
          "toY": 68.50142057634694,
          "radiusCenterX": 69.26925006629162,
          "radiusCenterY": 68.50142057634694,
          "liftX": 61.279305988922715,
          "liftY": 84.63092130143195,
          "actualLiftRadius": 18.000000000000007,
          "dangerRadius": 24.000000000000007,
          "sameRadius": false,
          "softConflict": 0,
          "hardMask": 0,
          "move": 12.816438128582075
        },
        {
          "craneId": "C1",
          "craneIndex": 0,
          "liftId": "L10",
          "liftIndex": 9,
          "start": 231.81966439207167,
          "finish": 267.43025636479825,
          "travel": 0.6105919727265734,
          "setup": 10.0,
          "duration": 25.0,
          "fromX": 25.218185679001973,
          "fromY": 44.78164575763422,
          "toX": 25.485491299498374,
          "toY": 50.88171161146432,
          "radiusCenterX": 25.485491299498374,
          "radiusCenterY": 50.88171161146432,
          "liftX": 26.27349726483226,
          "liftY": 68.8644546335563,
          "actualLiftRadius": 17.999999999999996,
          "dangerRadius": 23.999999999999996,
          "sameRadius": false,
          "softConflict": 0,
          "hardMask": 0,
          "move": 6.105919727265734
        },
        {
          "craneId": "C2",
          "craneIndex": 1,
          "liftId": "L7",
          "liftIndex": 6,
          "start": 255.21537926482193,
          "finish": 291.03867750656184,
          "travel": 0.8232982417398953,
          "setup": 10.0,
          "duration": 25.0,
          "fromX": 69.26925006629162,
          "fromY": 68.50142057634694,
          "toX": 63.55679466697154,
          "toY": 74.43015170501008,
          "radiusCenterX": 63.55679466697154,
          "radiusCenterY": 74.43015170501008,
          "liftX": 51.06749346666038,
          "liftY": 87.39230258855969,
          "actualLiftRadius": 17.999999999999993,
          "dangerRadius": 23.999999999999993,
          "sameRadius": false,
          "softConflict": 0,
          "hardMask": 0,
          "move": 8.232982417398953
        }
      ],
      "cranes": [
        {
          "id": "C1",
          "x": 31.76879258826375,
          "y": 29.312689437530935,
          "setup_x": 25.485491299498374,
          "setup_y": 50.88171161146432,
          "available": 267.43025636479825,
          "jobs": 9
        },
        {
          "id": "C2",
          "x": 64.21571589820087,
          "y": 20.335162521339953,
          "setup_x": 63.55679466697154,
          "setup_y": 74.43015170501008,
          "available": 291.03867750656184,
          "jobs": 9
        },
        {
          "id": "C3",
          "x": 10.225543104112148,
          "y": 15.965081992559135,
          "setup_x": 40.967122687778826,
          "setup_y": 69.97352689374915,
          "available": 166.21446444671125,
          "jobs": 6
        }
      ]
    }
  },
  "modelPath": "python_mappo/outputs_repeated_step5/group3_train121-130_unseen261-280/pytorch_mappo_model.pt"
}
{
  "runs": [
    {
      "run_label": "group1_train101-110_unseen201-220",
      "episodes": 80,
      "train_seed_start": 101,
      "train_seed_count": 10,
      "seen_seed_start": 101,
      "seen_seed_count": 10,
      "unseen_seed_start": 201,
      "unseen_seed_count": 20,
      "cranes": 3,
      "lifts": 24,
      "candidate_k": 5,
      "seen_mappo_makespan_mean": 317.7678,
      "seen_mappo_makespan_std": 42.352458478345746,
      "seen_nearest_makespan_mean": 347.8401,
      "seen_random_makespan_mean": 358.88989999999995,
      "seen_nearest_improve_pct": 8.645437946918708,
      "seen_random_improve_pct": 11.458137997196337,
      "unseen_mappo_makespan_mean": 321.32165000000003,
      "unseen_mappo_makespan_std": 47.81320384608733,
      "unseen_nearest_makespan_mean": 355.47380000000004,
      "unseen_random_makespan_mean": 352.3297,
      "unseen_nearest_improve_pct": 9.607501312333005,
      "unseen_random_improve_pct": 8.800861806427324,
      "completion_rate_seen": 100.0,
      "completion_rate_unseen": 100.0,
      "hard_executed_seen": 0.0,
      "hard_executed_unseen": 0.0,
      "hard_mask_seen": 12.6,
      "hard_mask_unseen": 15.5,
      "soft_seen": 4.4,
      "soft_unseen": 5.9,
      "travel_unseen": 14.36015650754158,
      "setup_unseen": 103.0,
      "move_unseen": 143.60156507541578,
      "generalization_gap": 3.5538500000000113,
      "model_path": "python_mappo/outputs_repeated_step5/group1_train101-110_unseen201-220/pytorch_mappo_model.pt",
      "outdir": "python_mappo/outputs_repeated_step5/group1_train101-110_unseen201-220"
    },
    {
      "run_label": "group2_train111-120_unseen231-250",
      "episodes": 80,
      "train_seed_start": 111,
      "train_seed_count": 10,
      "seen_seed_start": 111,
      "seen_seed_count": 10,
      "unseen_seed_start": 231,
      "unseen_seed_count": 20,
      "cranes": 3,
      "lifts": 24,
      "candidate_k": 5,
      "seen_mappo_makespan_mean": 313.30890000000005,
      "seen_mappo_makespan_std": 38.37991101722358,
      "seen_nearest_makespan_mean": 341.44130000000007,
      "seen_random_makespan_mean": 346.59220000000005,
      "seen_nearest_improve_pct": 8.239307898605123,
      "seen_random_improve_pct": 9.603014724509089,
      "unseen_mappo_makespan_mean": 298.0452,
      "unseen_mappo_makespan_std": 36.99663583165366,
      "unseen_nearest_makespan_mean": 318.93195000000003,
      "unseen_random_makespan_mean": 327.44945,
      "unseen_nearest_improve_pct": 6.548967577566313,
      "unseen_random_improve_pct": 8.97978298635102,
      "completion_rate_seen": 100.0,
      "completion_rate_unseen": 100.0,
      "hard_executed_seen": 0.0,
      "hard_executed_unseen": 0.0,
      "hard_mask_seen": 14.9,
      "hard_mask_unseen": 11.2,
      "soft_seen": 3.9,
      "soft_unseen": 5.7,
      "travel_unseen": 19.474479994294445,
      "setup_unseen": 102.5,
      "move_unseen": 194.74479994294444,
      "generalization_gap": -15.263700000000028,
      "model_path": "python_mappo/outputs_repeated_step5/group2_train111-120_unseen231-250/pytorch_mappo_model.pt",
      "outdir": "python_mappo/outputs_repeated_step5/group2_train111-120_unseen231-250"
    },
    {
      "run_label": "group3_train121-130_unseen261-280",
      "episodes": 80,
      "train_seed_start": 121,
      "train_seed_count": 10,
      "seen_seed_start": 121,
      "seen_seed_count": 10,
      "unseen_seed_start": 261,
      "unseen_seed_count": 20,
      "cranes": 3,
      "lifts": 24,
      "candidate_k": 5,
      "seen_mappo_makespan_mean": 316.5972,
      "seen_mappo_makespan_std": 37.359372491518116,
      "seen_nearest_makespan_mean": 324.91049999999996,
      "seen_random_makespan_mean": 324.8491,
      "seen_nearest_improve_pct": 2.558643072476873,
      "seen_random_improve_pct": 2.5402256001325028,
      "unseen_mappo_makespan_mean": 326.11435000000006,
      "unseen_mappo_makespan_std": 51.13992626439248,
      "unseen_nearest_makespan_mean": 326.28245000000004,
      "unseen_random_makespan_mean": 342.3970499999999,
      "unseen_nearest_improve_pct": 0.05151977987169743,
      "unseen_random_improve_pct": 4.75550242036252,
      "completion_rate_seen": 100.0,
      "completion_rate_unseen": 100.0,
      "hard_executed_seen": 0.0,
      "hard_executed_unseen": 0.0,
      "hard_mask_seen": 12.2,
      "hard_mask_unseen": 11.45,
      "soft_seen": 6.0,
      "soft_unseen": 7.25,
      "travel_unseen": 16.417839707323683,
      "setup_unseen": 126.5,
      "move_unseen": 164.17839707323685,
      "generalization_gap": 9.517150000000072,
      "model_path": "python_mappo/outputs_repeated_step5/group3_train121-130_unseen261-280/pytorch_mappo_model.pt",
      "outdir": "python_mappo/outputs_repeated_step5/group3_train121-130_unseen261-280"
    }
  ],
  "aggregate": {
    "runs": 3,
    "unseen_mappo_makespan_mean": 315.16040000000004,
    "unseen_mappo_makespan_std_across_runs": 12.259419415358419,
    "unseen_nearest_improve_pct_mean": 5.402662889923672,
    "seen_mappo_makespan_mean": 315.8913,
    "seen_nearest_improve_pct_mean": 6.481129639333568,
    "completion_rate_unseen_mean": 100.0,
    "hard_executed_unseen_mean": 0.0,
    "hard_mask_unseen_mean": 12.716666666666667,
    "generalization_gap_mean": -0.7308999999999818
  }
}
