level,ep,seed,makespan,done,total,reward,soft,hardExecuted,hardMask,travel,setup,move
L1_2C12L,1,101,281.218,12,12,168.05737113952637,2,0,7,19.80875989962465,110.0,198.08759899624653
L1_2C12L,2,102,229.233,12,12,187.02055549621582,1,0,1,9.931463853961347,80.0,99.31463853961347
L1_2C12L,3,103,228.328,12,12,182.25107526779175,1,0,3,9.163084980695826,90.0,91.63084980695827
L1_2C12L,4,104,284.592,12,12,189.21260929107666,2,0,10,12.624633297766156,60.0,126.24633297766155
L1_2C12L,5,105,208.733,12,12,186.2809181213379,1,0,0,14.063603199423154,80.0,140.63603199423153
L1_2C12L,6,106,197.283,12,12,193.41516733169556,1,0,2,13.61611260120056,60.0,136.1611260120056
L1_2C12L,7,107,199.254,12,12,179.12877893447876,5,0,2,11.237409109676396,70.0,112.37409109676399
L1_2C12L,8,108,290.009,12,12,187.58275651931763,2,0,13,18.057477766880677,60.0,180.57477766880677
L1_2C12L,9,109,212.944,12,12,188.74113082885742,0,0,1,15.862888187363037,80.0,158.62888187363038
L1_2C12L,10,110,279.672,12,12,172.52244424819946,1,0,9,14.925176510329461,110.0,149.25176510329464
L1_2C12L,11,101,281.13,12,12,179.40011501312256,0,0,7,15.33296024364406,100.0,153.3296024364406
L1_2C12L,12,102,213.03,12,12,169.71755838394165,3,0,2,10.941493535336063,110.0,109.41493535336063
L1_2C12L,13,103,196.266,12,12,190.4126787185669,0,0,2,8.624388406127505,80.0,86.24388406127505
L1_2C12L,14,104,214.421,12,12,182.52699756622314,3,0,2,18.2433597720576,70.0,182.43359772057605
L1_2C12L,15,105,356.554,12,12,178.0336718559265,1,0,15,16.55442996260091,90.0,165.54429962600912
L1_2C12L,16,106,212.388,12,12,189.93749904632568,1,0,1,13.541648339645665,70.0,135.41648339645667
L1_2C12L,17,107,199.945,12,12,190.53541660308838,1,0,2,14.881950347181979,70.0,148.81950347181981
L1_2C12L,18,108,237.043,12,12,200.92601871490479,0,0,7,10.246603715977113,50.0,102.46603715977115
L1_2C12L,19,109,238.71,12,12,184.49099206924438,1,0,3,18.363343777204562,80.0,183.6334377720456
L1_2C12L,20,110,203.767,12,12,184.0291452407837,1,0,0,23.236195917139117,80.0,232.36195917139116
L1_2C12L,21,101,198.095,12,12,192.28396272659302,0,0,0,17.38679766812326,70.0,173.86797668123262
L1_2C12L,22,102,228.173,12,12,183.3385133743286,2,0,4,8.871622296329793,80.0,88.71622296329792
L1_2C12L,23,103,228.355,12,12,188.42272996902466,2,0,3,8.590899348926058,70.0,85.90899348926058
L1_2C12L,24,104,213.95,12,12,175.01491832733154,4,0,2,18.283603589442446,80.0,182.83603589442444
L1_2C12L,25,105,212.533,12,12,183.10712051391602,2,0,1,14.642933540747425,80.0,146.42933540747424
L1_2C12L,26,106,200.043,12,12,191.6408805847168,2,0,3,11.197066417829593,60.0,111.97066417829595
L1_2C12L,27,107,199.197,12,12,179.50992441177368,3,0,1,16.633591092222073,80.0,166.33591092222076
L1_2C12L,28,108,209.166,12,12,191.81366443634033,2,0,1,10.621121804812882,60.0,106.21121804812883
L1_2C12L,29,109,216.657,12,12,181.99695014953613,0,0,1,11.676843744133098,100.0,116.76843744133099
L1_2C12L,30,110,256.716,12,12,180.16798734664917,1,0,3,19.4400644043708,90.0,194.40064404370793
L1_2C12L,31,101,234.627,12,12,181.1879425048828,1,0,3,16.040201478293707,90.0,160.4020147829371
L1_2C12L,32,102,207.63,12,12,195.24675464630127,1,0,4,9.177491739556686,60.0,91.77491739556686
L1_2C12L,33,103,192.782,12,12,183.59464740753174,5,0,1,8.017843992740124,60.0,80.17843992740126
L1_2C12L,34,104,203.569,12,12,186.29360389709473,2,0,1,17.35464848677101,70.0,173.54648486771006
L1_2C12L,35,105,219.552,12,12,185.16179585456848,3,0,3,9.460682992841203,70.0,94.60682992841203
L1_2C12L,36,106,213.808,12,12,183.06319952011108,2,0,2,14.78932288028591,80.0,147.8932288028591
L1_2C12L,37,107,197.366,12,12,191.31808137893677,2,0,1,13.939728235666985,60.0,139.39728235666985
L1_2C12L,38,108,207.399,12,12,182.46630764007568,3,0,1,8.44564226670044,80.0,84.45642266700442
L1_2C12L,39,109,220.357,12,12,171.46679878234863,3,0,1,18.444002082498894,100.0,184.44002082498895
L1_2C12L,40,110,221.646,12,12,183.18641757965088,3,0,5,12.711940292382499,70.0,127.11940292382499
L1_2C12L,41,101,222.828,12,12,178.24299240112305,1,0,0,15.85669117805579,100.0,158.56691178055792
L1_2C12L,42,102,213.621,12,12,184.56009531021118,1,0,2,19.799683799316185,80.0,197.99683799316182
L1_2C12L,43,103,195.844,12,12,190.39735984802246,0,0,1,8.675476553572429,80.0,86.75476553572427
L1_2C12L,44,104,286.14,12,12,193.54775667190552,0,0,10,18.17413531212962,60.0,181.74135312129619
L1_2C12L,45,105,223.439,12,12,184.45215272903442,3,0,4,11.826157498840484,70.0,118.26157498840485
L1_2C12L,46,106,196.468,12,12,201.90748596191406,0,0,3,10.308383694525048,50.0,103.08383694525048
L1_2C12L,47,107,202.272,12,12,194.86079001426697,3,0,5,13.79736935306988,40.0,137.97369353069882
L1_2C12L,48,108,277.747,12,12,189.26122093200684,3,0,11,15.79592493270543,50.0,157.9592493270543
L1_2C12L,49,109,220.987,12,12,181.9961519241333,1,0,2,15.012836429703945,90.0,150.12836429703944
L1_2C12L,50,110,224.672,12,12,192.03431224822998,0,0,1,13.218966107526061,70.0,132.1896610752606
L1_2C12L,51,101,232.81,12,12,179.62975025177002,3,0,2,14.567486835600805,80.0,145.67486835600806
L1_2C12L,52,102,224.955,12,12,191.8684400320053,1,0,4,17.105222751460254,60.0,171.0522275146025
L1_2C12L,53,103,202.745,12,12,186.3158187866211,0,0,1,8.947257416209617,90.0,89.4725741620962
L1_2C12L,54,104,200.57,12,12,187.97772789001465,3,0,1,15.074248820503149,60.0,150.74248820503152
L1_2C12L,55,105,221.234,12,12,181.5316071510315,4,0,2,11.561310815108294,70.0,115.61310815108295
L1_2C12L,56,106,206.502,12,12,191.209002494812,1,0,1,10.969997439668205,70.0,109.69997439668204
L1_2C12L,57,107,215.713,12,12,204.1746425628662,0,0,5,12.75118737929325,40.0,127.51187379293253
L1_2C12L,58,108,199.56,12,12,185.49176621437073,4,0,4,11.694111066120152,60.0,116.9411106612015
L1_2C12L,59,109,210.42,12,12,177.522479057312,4,0,0,14.92508535634747,80.0,149.2508535634747
L1_2C12L,60,110,222.729,12,12,192.6195363998413,0,0,1,11.268210980945494,70.0,112.68210980945493
L1_2C12L,61,101,272.191,12,12,186.93766355514526,0,0,4,16.874443003656815,80.0,168.74443003656816
L1_2C12L,62,102,205.503,12,12,188.48907661437988,1,0,1,8.369756313539458,80.0,83.69756313539457
L1_2C12L,63,103,196.955,12,12,184.63243675231934,2,0,2,9.55853967829202,80.0,95.5853967829202
L1_2C12L,64,104,228.85,12,12,195.78264808654785,0,0,6,14.05784781563055,60.0,140.57847815630547
L1_2C12L,65,105,296.39,12,12,188.49525785446167,1,0,14,11.682474145028651,70.0,116.82474145028651
L1_2C12L,66,106,212.83,12,12,186.69415950775146,3,0,2,17.686124936919672,60.0,176.86124936919674
L1_2C12L,67,107,175.839,12,12,203.39714574813843,1,0,1,10.342848212273775,40.0,103.42848212273778
L1_2C12L,68,108,207.678,12,12,180.88794875144958,3,0,2,8.706848531841564,80.0,87.06848531841561
L1_2C12L,69,109,222.679,12,12,178.0082893371582,3,0,1,19.972387340607405,80.0,199.72387340607403
L1_2C12L,70,110,199.602,12,12,194.09042119979858,1,0,0,14.69859481404653,60.0,146.9859481404653
L1_2C12L,71,101,212.684,12,12,187.97870779037476,3,0,1,13.404302372233532,60.0,134.04302372233533
L1_2C12L,72,102,207.63,12,12,194.48168563842773,0,0,3,8.394389727231278,70.0,83.9438972723128
L1_2C12L,73,103,232.565,12,12,193.07505798339844,0,0,2,13.083140551350251,70.0,130.83140551350246
L1_2C12L,74,104,203.303,12,12,195.86238813400269,0,0,1,17.125364537151384,60.0,171.2536453715138
L1_2C12L,75,105,218.271,12,12,187.80144906044006,2,0,1,10.661835812063961,70.0,106.61835812063963
L1_2C12L,76,106,247.221,12,12,171.34844827651978,4,0,5,18.838510693165777,90.0,188.38510693165776
L1_2C12L,77,107,185.885,12,12,193.89762210845947,3,0,1,10.341262199955278,50.0,103.41262199955277
L1_2C12L,78,108,217.518,12,12,175.3636338710785,5,0,2,8.78789105797497,80.0,87.87891057974971
L1_2C12L,79,109,216.628,12,12,176.52217292785645,2,0,1,11.592760135146452,100.0,115.9276013514645
L1_2C12L,80,110,312.69,12,12,182.01487803459167,1,0,6,19.95041985898336,80.0,199.50419858983363
L1_2C12L,81,101,232.85,12,12,179.33383691310883,3,0,2,15.553873031119531,80.0,155.5387303111953
L1_2C12L,82,102,217.978,12,12,190.39691019058228,1,0,3,8.676984736047054,70.0,86.76984736047052
L1_2C12L,83,103,206.016,12,12,185.98674964904785,0,0,2,8.377494926259676,90.0,83.77494926259676
L1_2C12L,84,104,203.47,12,12,186.81260585784912,2,0,1,15.624636429815318,70.0,156.24636429815317
L1_2C12L,85,105,209.206,12,12,192.26555633544922,2,0,3,9.114810592243362,60.0,91.14810592243363
L1_2C12L,86,106,326.426,12,12,176.40337014198303,1,0,11,21.988776590187904,90.0,219.88776590187908
L1_2C12L,87,107,199.966,12,12,206.075608253479,0,0,4,9.747971785492128,40.0,97.47971785492128
L1_2C12L,88,108,292.088,12,12,184.14761471748352,1,0,10,12.841279699886396,80.0,128.41279699886397
L1_2C12L,89,109,207.795,12,12,181.33841800689697,1,0,0,17.205268967103574,90.0,172.05268967103575
L1_2C12L,90,110,293.782,12,12,184.2961401939392,1,0,11,12.34620629434598,80.0,123.46206294345981
L1_2C12L,91,101,239.604,12,12,184.01682949066162,1,0,3,19.943905158492214,80.0,199.4390515849221
L1_2C12L,92,102,197.75,12,12,196.2207851409912,1,0,3,7.597372944768009,60.0,75.97372944768009
L1_2C12L,93,103,273.057,12,12,176.20864248275757,5,0,5,15.971205046104089,70.0,159.71205046104086
L1_2C12L,94,104,216.728,12,12,197.4146375656128,1,0,4,11.951200236616513,50.0,119.51200236616512
L1_2C12L,95,105,229.758,12,12,178.10000729560852,4,0,3,9.666661375096162,80.0,96.66661375096163
L1_2C12L,96,106,206.502,12,12,192.70579624176025,0,0,2,12.647357605953106,70.0,126.47357605953104
L1_2C12L,97,107,175.839,12,12,203.39714574813843,1,0,2,10.342848212273775,40.0,103.42848212273778
L1_2C12L,98,108,197.064,12,12,198.59183502197266,0,0,3,8.02721804892381,60.0,80.27218048923811
L1_2C12L,99,109,209.235,12,12,180.67370510101318,1,0,0,21.08766288752834,90.0,210.8766288752834
L1_2C12L,100,110,222.426,12,12,188.95245790481567,1,0,4,13.491805184988719,70.0,134.9180518498872
L2_3C24L,1,101,312.908,24,24,286.84433579444885,3,0,15,27.185553871721336,110.0,271.85553871721334
L2_3C24L,2,102,304.489,24,24,263.4678568840027,8,0,10,18.44048062206381,140.0,184.40480622063808
L2_3C24L,3,103,299.637,24,24,271.4004154205322,5,0,9,21.9986217393842,140.0,219.98621739384194
L2_3C24L,4,104,357.378,24,24,291.8210229873657,3,0,14,22.263236146186074,100.0,222.63236146186074
L2_3C24L,5,105,305.195,24,24,270.11677837371826,8,0,10,9.61072016635433,130.0,96.10720166354331
L2_3C24L,6,106,307.026,24,24,266.70940685272217,10,0,11,27.63531196105464,110.0,276.3531196105464
L2_3C24L,7,107,440.91,24,24,258.6560549736023,9,0,35,22.813133405147553,130.0,228.1313340514755
L2_3C24L,8,108,345.223,24,24,266.6829996109009,8,0,17,34.390001367968885,120.0,343.9000136796888
L2_3C24L,9,109,349.4,24,24,252.6715648174286,10,0,11,29.428093570920794,140.0,294.2809357092079
L2_3C24L,10,110,280.389,24,24,283.3665075302124,6,0,5,17.11162177357428,110.0,171.11621773574282
L2_3C24L,11,111,382.307,24,24,278.05297470092773,2,0,21,19.823406905742186,140.0,198.23406905742186
L2_3C24L,12,112,296.099,24,24,284.5455160140991,4,0,11,16.514916679846433,120.0,165.1491667984643
L2_3C24L,13,113,252.468,24,24,297.45909118652344,1,0,1,23.469694901747253,110.0,234.69694901747252
L2_3C24L,14,114,453.093,24,24,271.64909410476685,5,0,28,14.50298167795114,130.0,145.0298167795114
L2_3C24L,15,115,317.681,24,24,263.1737804412842,8,0,17,14.420720256173599,140.0,144.20720256173595
L2_3C24L,16,116,311.401,24,24,259.8101396560669,8,0,8,17.299523090813217,150.0,172.99523090813213
L2_3C24L,17,117,350.407,24,24,254.55543661117554,6,0,10,28.148545099650196,170.0,281.4854509965019
L2_3C24L,18,118,329.172,24,24,287.50355052948,3,0,15,11.654831839893452,120.0,116.54831839893451
L2_3C24L,19,119,318.593,24,24,283.9963607788086,4,0,10,16.678792497003666,120.0,166.78792497003664
L2_3C24L,20,120,288.162,24,24,267.0967345237732,6,0,5,14.677532988441486,150.0,146.77532988441482
L2_3C24L,21,121,345.169,24,24,256.57605743408203,12,0,13,23.079794927897037,120.0,230.79794927897035
L2_3C24L,22,122,282.727,24,24,284.6478576660156,6,0,6,12.840466622508144,110.0,128.40466622508143
L2_3C24L,23,123,289.255,24,24,299.17033672332764,0,0,7,21.098882945003183,110.0,210.9888294500319
L2_3C24L,24,124,327.176,24,24,277.8973684310913,6,0,13,13.675428035056305,120.0,136.75428035056305
L2_3C24L,25,125,254.919,24,24,275.63243675231934,12,0,3,11.225206898984132,90.0,112.25206898984133
L2_3C24L,26,126,303.973,24,24,282.4334716796875,2,0,14,15.221770171095452,140.0,152.2177017109545
L2_3C24L,27,127,307.433,24,24,281.41847038269043,4,0,12,13.60505145387814,130.0,136.05051453878139
L2_3C24L,28,128,315.903,24,24,287.06149339675903,0,0,14,16.46166138360106,140.0,164.61661383601057
L2_3C24L,29,129,315.906,24,24,270.11046028137207,5,0,13,12.965105594638967,150.0,129.65105594638965
L2_3C24L,30,130,283.742,24,24,284.5841267108917,4,0,6,14.719569138056345,120.0,147.19569138056346
L2_3C24L,31,131,413.329,24,24,249.68492555618286,9,0,19,12.716911810563428,160.0,127.16911810563427
L2_3C24L,32,132,567.267,24,24,266.7303967475891,4,0,63,25.898646272459185,130.0,258.9864627245919
L2_3C24L,33,133,363.342,24,24,235.86228394508362,12,0,19,20.459036161393588,170.0,204.59036161393587
L2_3C24L,34,134,396.587,24,24,265.3788447380066,4,0,35,23.737174714265244,150.0,237.3717471426524
L2_3C24L,35,135,376.278,24,24,252.08955001831055,9,0,23,23.034810382965283,150.0,230.34810382965284
L2_3C24L,36,136,295.06,24,24,255.93617725372314,9,0,5,25.212744973436628,150.0,252.12744973436625
L2_3C24L,37,137,279.903,24,24,273.21619415283203,3,0,8,14.279357224594424,160.0,142.79357224594423
L2_3C24L,38,138,534.773,24,24,247.56632900238037,2,0,43,39.778895299099666,190.0,397.7889529909966
L2_3C24L,39,139,283.381,24,24,285.0659399032593,2,0,5,26.446852160809186,130.0,264.4685216080918
L2_3C24L,40,140,419.941,24,24,256.9159164428711,2,0,16,23.613594880980703,190.0,236.13594880980708
L2_3C24L,41,101,295.063,24,24,253.34168434143066,11,0,9,23.861047674814884,140.0,238.61047674814878
L2_3C24L,42,102,295.003,24,24,258.1957154273987,11,0,10,19.34761788332562,130.0,193.47617883325614
L2_3C24L,43,103,331.779,24,24,269.3470151424408,5,0,29,18.843264159087518,140.0,188.43264159087522
L2_3C24L,44,104,368.642,24,24,277.44034337997437,7,0,23,16.86551899601117,110.0,168.6551899601117
L2_3C24L,45,105,331.203,24,24,278.1838092803955,2,0,21,16.053934893110675,150.0,160.53934893110676
L2_3C24L,46,106,304.258,24,24,251.00739908218384,14,0,16,21.64198982723205,120.0,216.41989827232052
L2_3C24L,47,107,349.481,24,24,243.3152060508728,12,0,28,13.949267764781208,160.0,139.49267764781212
L2_3C24L,48,108,354.671,24,24,264.1391444206238,8,0,9,29.536169576516635,130.0,295.3616957651663
L2_3C24L,49,109,337.397,24,24,252.86668014526367,10,0,13,20.444402837936778,150.0,204.44402837936778
L2_3C24L,50,110,262.543,24,24,278.0616931915283,7,0,6,13.127667117495148,120.0,131.27667117495147
L2_3C24L,51,111,398.256,24,24,263.06962490081787,2,0,25,16.434584184342885,180.0,164.34584184342884
L2_3C24L,52,112,279.177,24,24,269.34593772888184,11,0,5,13.846880287880508,110.0,138.4688028788051
L2_3C24L,53,113,282.163,24,24,276.5283741950989,4,0,5,14.90542678465874,140.0,149.0542678465874
L2_3C24L,54,114,490.418,24,24,243.3877739906311,9,0,36,28.70738050698124,160.0,287.0738050698124
L2_3C24L,55,115,353.309,24,24,264.1426968574524,8,0,23,19.524338434974588,130.0,195.2433843497459
L2_3C24L,56,116,269.631,24,24,262.3591299057007,10,0,5,15.46957015798114,130.0,154.6957015798114
L2_3C24L,57,117,315.679,24,24,259.1735315322876,5,0,9,24.4215535319485,170.0,244.21553531948499
L2_3C24L,58,118,366.584,24,24,259.57938957214355,7,0,11,23.06868491457761,150.0,230.6868491457761
L2_3C24L,59,119,276.683,24,24,252.39967393875122,9,0,2,20.334424240887586,160.0,203.3442424088759
L2_3C24L,60,120,378.133,24,24,243.39472198486328,8,0,18,27.01758695038552,180.0,270.1758695038552
L2_3C24L,61,121,302.68,24,24,262.4250822067261,14,0,23,15.249730497061824,100.0,152.49730497061822
L2_3C24L,62,122,278.889,24,24,262.66765117645264,10,0,6,19.441165069993588,130.0,194.4116506999359
L2_3C24L,63,123,330.949,24,24,248.39924573898315,8,0,15,33.66917681741355,160.0,336.6917681741355
L2_3C24L,64,124,328.85,24,24,271.3073892593384,6,0,16,25.64203048488284,130.0,256.42030484882844
L2_3C24L,65,125,278.604,24,24,258.2417869567871,8,0,5,17.52736105250137,160.0,175.27361052501368
L2_3C24L,66,126,326.345,24,24,283.0479850769043,3,0,21,26.50672229314223,120.0,265.0672229314223
L2_3C24L,67,127,269.7,24,24,287.6644992828369,5,0,4,14.45165746631208,110.0,144.51657466312082
L2_3C24L,68,128,304.411,24,24,290.6721930503845,2,0,10,14.42602515682306,120.0,144.26025156823061
L2_3C24L,69,129,270.292,24,24,271.35216426849365,10,0,12,13.82611526198183,110.0,138.26115261981823
L2_3C24L,70,130,259.293,24,24,298.75044345855713,3,0,5,10.831864713313108,100.0,108.31864713313107
L2_3C24L,71,131,386.466,24,24,263.2967767715454,7,0,23,15.677400667233629,140.0,156.7740066723363
L2_3C24L,72,132,589.563,24,24,269.0411305427551,3,0,89,23.196219149176404,130.0,231.96219149176403
L2_3C24L,73,133,320.451,24,24,289.74166536331177,6,0,21,12.527769629517554,90.0,125.27769629517555
L2_3C24L,74,134,366.248,24,24,256.3486189842224,11,0,11,20.50457203346354,130.0,205.0457203346354
L2_3C24L,75,135,277.87,24,24,268.15594005584717,8,0,6,16.146869321984784,130.0,161.46869321984784
L2_3C24L,76,136,339.26,24,24,274.5043234825134,3,0,8,18.318927778901216,150.0,183.18927778901215
L2_3C24L,77,137,341.741,24,24,263.6933898925781,9,0,25,16.022008376436265,130.0,160.22008376436267
L2_3C24L,78,138,432.504,24,24,238.3343014717102,14,0,39,27.21897446805398,140.0,272.18974468053983
L2_3C24L,79,139,302.501,24,24,276.3733959197998,3,0,5,17.088675996758145,150.0,170.88675996758147
L2_3C24L,80,140,395.134,24,24,269.0295705795288,2,0,18,23.234763736073546,160.0,232.34763736073546
L2_3C24L,81,101,278.691,24,24,283.8062171936035,2,0,7,15.645942741870414,140.0,156.4594274187041
L2_3C24L,82,102,379.109,24,24,248.07511484622955,8,0,23,33.082950790767114,160.0,330.82950790767114
L2_3C24L,83,103,310.139,24,24,275.38491010665894,2,0,10,27.050287214232156,150.0,270.5028721423215
L2_3C24L,84,104,308.154,24,24,296.5720043182373,2,0,10,21.426634857912173,100.0,214.26634857912177
L2_3C24L,85,105,302.958,24,24,259.2776107788086,9,0,6,14.074647981665587,150.0,140.7464798166559
L2_3C24L,86,106,296.01,24,24,264.4185667037964,6,0,10,21.938106480159846,150.0,219.38106480159843
L2_3C24L,87,107,290.762,24,24,241.50102996826172,15,0,14,13.329901737973787,150.0,133.29901737973788
L2_3C24L,88,108,333.717,24,24,277.69944190979004,4,0,21,19.335153182996912,130.0,193.3515318299691
L2_3C24L,89,109,317.942,24,24,275.6273708343506,5,0,8,26.24207929685205,130.0,262.4207929685205
L2_3C24L,90,110,341.071,24,24,265.90086126327515,6,0,17,11.997110233080429,150.0,119.97110233080431
L2_3C24L,91,111,399.337,24,24,287.61778450012207,0,0,32,16.274014856782888,130.0,162.74014856782887
L2_3C24L,92,112,335.024,24,24,265.1918125152588,9,0,15,16.027264604849062,130.0,160.27264604849057
L2_3C24L,93,113,266.527,24,24,288.6586685180664,0,0,1,22.80444680646772,140.0,228.04446806467712
L2_3C24L,94,114,314.207,24,24,276.3692922592163,5,0,10,18.76903682777185,130.0,187.69036827771848
L2_3C24L,95,115,371.848,24,24,269.2582392692566,3,0,26,17.472504780486236,160.0,174.72504780486233
L2_3C24L,96,116,315.484,24,24,262.14176511764526,6,0,8,16.194101909087852,160.0,161.9410190908785
L2_3C24L,97,117,307.725,24,24,273.21969270706177,1,0,11,15.934346261509962,170.0,159.3434626150996
L2_3C24L,98,118,391.325,24,24,281.47493028640747,5,0,22,18.41689532048685,110.0,184.16895320486853
L2_3C24L,99,119,269.263,24,24,268.25234508514404,7,0,5,19.158840099795245,140.0,191.58840099795242
L2_3C24L,100,120,279.086,24,24,248.3874547481537,13,0,8,18.708479841706513,140.0,187.08479841706512
L2_3C24L,101,121,434.966,24,24,255.88702869415283,10,0,44,22.043229913791745,130.0,220.43229913791743
L2_3C24L,102,122,269.434,24,24,282.6921052932739,7,0,9,9.359658643040351,110.0,93.5965864304035
L2_3C24L,103,123,245.421,24,24,289.2933883666992,4,0,3,19.022019638619728,110.0,190.22019638619724
L2_3C24L,104,124,293.162,24,24,306.41841411590576,2,0,13,15.271950243198912,80.0,152.7195024319891
L2_3C24L,105,125,267.749,24,24,247.68004322052002,13,0,5,14.399849925711315,150.0,143.99849925711317
L2_3C24L,106,126,299.965,24,24,272.0707778930664,6,0,4,23.097392306787302,130.0,230.97392306787305
L2_3C24L,107,127,302.096,24,24,274.45854663848877,4,0,6,13.471485494798149,150.0,134.7148549479815
L2_3C24L,108,128,269.688,24,24,271.11586475372314,5,0,2,16.280433923343313,150.0,162.80433923343315
L2_3C24L,109,129,291.997,24,24,262.6532850265503,7,0,8,19.48905545167312,150.0,194.89055451673119
L2_3C24L,110,130,254.287,24,24,291.87170219421387,4,0,2,12.094320575133409,110.0,120.94320575133409
L2_3C24L,111,131,438.175,24,24,278.3465757369995,3,0,24,17.178051713630083,130.0,171.78051713630083
L2_3C24L,112,132,292.883,24,24,250.76853466033936,14,0,14,15.771550554414354,130.0,157.71550554414358
L2_3C24L,113,133,343.296,24,24,269.7566475868225,7,0,15,15.811149401455541,130.0,158.1114940145554
L2_3C24L,114,134,466.345,24,24,266.59850215911865,6,0,34,21.338315221757473,130.0,213.38315221757475
L2_3C24L,115,135,249.397,24,24,265.11474800109863,11,0,2,16.28416814384976,120.0,162.84168143849757
L2_3C24L,116,136,285.225,24,24,279.42947483062744,2,0,6,18.56840425272991,150.0,185.68404252729908
L2_3C24L,117,137,360.115,24,24,278.47833728790283,2,0,25,10.072202699800036,150.0,100.72202699800035
L2_3C24L,118,138,400.233,24,24,268.87528228759766,6,0,28,23.74901189972584,130.0,237.49011899725832
L2_3C24L,119,139,288.806,24,24,287.89909172058105,2,0,7,25.336321871410405,120.0,253.3632187141041
L2_3C24L,120,140,436.994,24,24,259.0852117538452,0,0,17,18.049282429479224,200.0,180.49282429479226
L2_3C24L,121,101,291.061,24,24,269.8419551849365,2,0,2,23.86010821166088,170.0,238.60108211660884
L2_3C24L,122,102,302.241,24,24,237.0341453552246,9,0,9,23.219520188604722,200.0,232.19520188604724
L2_3C24L,123,103,528.921,24,24,255.62258768081665,2,0,46,26.25803982333219,180.0,262.580398233322
L2_3C24L,124,104,292.958,24,24,285.87610626220703,6,0,8,17.079632762044913,100.0,170.79632762044918
L2_3C24L,125,105,268.55,24,24,273.9295063018799,6,0,3,13.5683049401145,140.0,135.68304940114498
L2_3C24L,126,106,257.089,24,24,263.2160978317261,11,0,3,22.613007616412485,120.0,226.1300761641249
L2_3C24L,127,107,384.372,24,24,244.82302808761597,12,0,13,22.256561640167835,150.0,222.56561640167843
L2_3C24L,128,108,413.105,24,24,263.2855386734009,5,0,28,25.71484138996167,150.0,257.1484138996167
L2_3C24L,129,109,330.8,24,24,254.45832681655884,12,0,16,21.805554139080794,130.0,218.055541390808
L2_3C24L,130,110,287.14,24,24,279.3033857345581,3,0,2,20.65536155869169,140.0,206.55361558691692
L2_3C24L,131,111,396.956,24,24,261.99193000793457,5,0,34,16.693537825333056,160.0,166.93537825333058
L2_3C24L,132,112,406.713,24,24,238.31623005867004,11,0,30,22.279193472880216,170.0,222.79193472880218
L2_3C24L,133,113,311.553,24,24,272.06867599487305,2,0,6,28.104388968206763,160.0,281.0438896820675
L2_3C24L,134,114,385.805,24,24,279.59095287323,2,0,20,14.696824889584935,140.0,146.96824889584934
L2_3C24L,135,115,361.004,24,24,272.51813983917236,2,0,17,16.60620635387933,160.0,166.06206353879327
L2_3C24L,136,116,350.059,24,24,280.6786093711853,2,0,22,16.071279843410174,140.0,160.7127984341017
L2_3C24L,137,117,360.108,24,24,260.3482427597046,4,0,11,15.50582490886788,180.0,155.05824908867876
L2_3C24L,138,118,367.012,24,24,264.92478370666504,4,0,11,21.91733980490301,160.0,219.17339804903006
L2_3C24L,139,119,315.884,24,24,298.37128353118896,2,0,10,15.429046551064047,100.0,154.2904655106405
L2_3C24L,140,120,290.383,24,24,270.4373240470886,5,0,3,16.875584815884476,150.0,168.7558481588448
L2_3C24L,141,121,459.421,24,24,259.4310441017151,6,0,27,23.56316050850474,150.0,235.63160508504737
L2_3C24L,142,122,259.19,24,24,293.49732971191406,6,0,3,11.675574262117348,90.0,116.75574262117351
L2_3C24L,143,123,297.765,24,24,282.20236921310425,2,0,7,17.658739215412382,140.0,176.58739215412382
L2_3C24L,144,124,318.047,24,24,280.0748383998871,5,0,10,19.75049705249594,120.0,197.50497052495942
L2_3C24L,145,125,354.449,24,24,248.17583513259888,14,0,28,12.747212881686902,130.0,127.47212881686902
L2_3C24L,146,126,350.685,24,24,259.24812960624695,7,0,11,24.17287830389447,150.0,241.72878303894473
L2_3C24L,147,127,290.453,24,24,272.2914066314697,6,0,6,15.69528576162357,140.0,156.95285761623575
L2_3C24L,148,128,305.261,24,24,276.02303981781006,4,0,10,16.58985072868999,140.0,165.8985072868999
L2_3C24L,149,129,323.296,24,24,274.3623356819153,4,0,19,17.125546841717124,140.0,171.25546841717127
L2_3C24L,150,130,281.125,24,24,289.75079345703125,3,0,7,12.497326802007153,120.0,124.97326802007153
L2_3C24L,151,131,497.677,24,24,265.94186305999756,2,0,39,18.527088932470296,160.0,185.27088932470295
L2_3C24L,152,132,609.997,24,24,257.91137886047363,4,0,64,23.628716725253,150.0,236.28716725253003
L2_3C24L,153,133,327.7,24,24,265.16329765319824,9,0,14,16.12233901834504,130.0,161.22339018345045
L2_3C24L,154,134,281.388,24,24,284.520788192749,7,0,11,13.264023303395646,100.0,132.64023303395646
L2_3C24L,155,135,580.689,24,24,265.64875507354736,2,0,51,17.837477367173506,150.0,178.37477367173506
L2_3C24L,156,136,300.569,24,24,266.36706352233887,4,0,8,13.776448964718048,170.0,137.76448964718048
L2_3C24L,157,137,312.268,24,24,279.020601272583,5,0,7,11.597993965461937,130.0,115.97993965461936
L2_3C24L,158,138,451.144,24,24,253.7527666091919,6,0,20,29.15744459496661,160.0,291.5744459496661
L2_3C24L,159,139,273.41,24,24,285.6984176635742,4,0,5,16.005281261013327,120.0,160.05281261013323
L2_3C24L,160,140,280.103,24,24,293.3514232635498,2,0,6,10.495228367512276,120.0,104.95228367512273
L2_3C24L,161,101,280.884,24,24,255.4403715133667,10,0,5,18.53210678083545,150.0,185.32106780835446
L2_3C24L,162,102,284.819,24,24,270.5952773094177,7,0,9,18.015720965786823,130.0,180.1572096578682
L2_3C24L,163,103,435.621,24,24,246.42577266693115,10,0,27,26.914078487095917,150.0,269.1407848709591
L2_3C24L,164,104,475.819,24,24,264.14403676986694,8,0,52,22.853206199662885,120.0,228.53206199662887
L2_3C24L,165,105,294.985,24,24,281.71825885772705,4,0,8,10.939096830350612,130.0,109.39096830350611
L2_3C24L,166,106,314.981,24,24,265.3952832221985,2,0,6,20.34904504500788,180.0,203.4904504500788
L2_3C24L,167,107,421.615,24,24,247.12882089614868,10,0,46,11.237256922346795,160.0,112.37256922346793
L2_3C24L,168,108,356.236,24,24,249.47558116912842,10,0,14,18.414718968465145,160.0,184.1471896846515
L2_3C24L,169,109,387.205,24,24,249.7068066596985,9,0,20,22.64394896372504,160.0,226.43948963725043
L2_3C24L,170,110,281.138,24,24,257.1780767440796,12,0,10,12.739746097197777,130.0,127.3974609719778
L2_3C24L,171,111,434.721,24,24,268.0000162124634,0,0,22,14.999941415943098,180.0,149.999414159431
L2_3C24L,172,112,447.695,24,24,268.5206289291382,3,0,25,23.264555440815627,150.0,232.64555440815627
L2_3C24L,173,113,290.55,24,24,273.9856548309326,4,0,9,15.04781354214184,150.0,150.47813542141841
L2_3C24L,174,114,379.594,24,24,250.5199522972107,11,0,16,26.600154475050495,140.0,266.001544750505
L2_3C24L,175,115,330.189,24,24,262.5669641494751,8,0,19,16.44345626933994,140.0,164.43456269339939
L2_3C24L,176,116,408.356,24,24,255.08929443359375,6,0,25,16.369014539698444,170.0,163.69014539698443
L2_3C24L,177,117,341.835,24,24,273.78268909454346,2,0,22,12.39102924805269,160.0,123.91029248052689
L2_3C24L,178,118,309.983,24,24,294.1404685974121,3,0,18,14.53177188839176,100.0,145.3177188839176
L2_3C24L,179,119,270.604,24,24,296.9101219177246,3,0,4,15.29956564065917,100.0,152.9956564065917
L2_3C24L,180,120,365.004,24,24,275.2034921646118,5,0,25,22.655029632996484,120.0,226.55029632996488
L2_3C24L,181,121,324.113,24,24,295.86014699935913,6,0,31,13.799493074773485,70.0,137.99493074773483
L2_3C24L,182,122,477.476,24,24,258.0433826446533,10,0,35,18.18872196603703,120.0,181.8872196603703
L2_3C24L,183,123,339.306,24,24,272.63482093811035,3,0,9,24.550599123320684,150.0,245.5059912332068
L2_3C24L,184,124,319.628,24,24,281.90887928009033,4,0,9,23.637050839121542,120.0,236.3705083912154
L2_3C24L,185,125,362.844,24,24,289.4760618209839,4,0,15,20.07979844832999,100.0,200.7979844832999
L2_3C24L,186,126,309.38,24,24,236.09820008277893,11,0,8,26.339286125606076,180.0,263.39286125606077
L2_3C24L,187,127,330.052,24,24,284.66492080688477,1,0,11,17.783588250733644,140.0,177.8358825073364
L2_3C24L,188,128,278.112,24,24,295.5418586730957,1,0,4,13.193793658788463,120.0,131.93793658788465
L2_3C24L,189,129,300.825,24,24,274.6130962371826,5,0,4,16.28967994525586,140.0,162.8967994525586
L2_3C24L,190,130,305.467,24,24,288.8802237510681,3,0,9,10.399237810800996,120.0,103.99237810800997
L2_3C24L,191,131,400.018,24,24,273.7778778076172,1,0,25,12.40707840516365,160.0,124.07078405163651
L2_3C24L,192,132,377.819,24,24,277.78336334228516,5,0,36,17.388784291006353,120.0,173.88784291006354
L2_3C24L,193,133,316.984,24,24,274.4166946411133,10,0,14,15.277656945965592,100.0,152.77656945965595
L2_3C24L,194,134,390.148,24,24,276.9249539375305,5,0,29,15.2501155006285,120.0,152.501155006285
L2_3C24L,195,135,482.685,24,24,251.5183539390564,8,0,39,19.938812495819853,150.0,199.38812495819855
L2_3C24L,196,136,312.123,24,24,243.93054580688477,11,0,5,18.564850495133,170.0,185.64850495133
L2_3C24L,197,137,319.433,24,24,260.50906467437744,6,0,9,23.30309446966574,160.0,233.03094469665737
L2_3C24L,198,138,393.254,24,24,270.55238103866577,8,0,18,24.825382349153944,110.0,248.25382349153944
L2_3C24L,199,139,286.974,24,24,280.360164642334,4,0,10,20.46610339914195,130.0,204.66103399141952
L2_3C24L,200,140,436.253,24,24,270.5753903388977,0,0,21,19.748692258500416,170.0,197.4869225850042
L2_3C24L,201,101,257.499,24,24,289.5644836425781,6,0,1,11.451677592186051,100.0,114.51677592186053
L2_3C24L,202,102,282.57,24,24,274.4302644729614,6,0,6,20.232438967036032,130.0,202.32438967036032
L2_3C24L,203,103,292.606,24,24,263.42086458206177,4,0,7,20.263755609301402,170.0,202.63755609301407
L2_3C24L,204,104,245.207,24,24,265.83796405792236,15,0,4,15.540114466119043,90.0,155.40114466119041
L2_3C24L,205,105,315.189,24,24,276.0526394844055,3,0,21,9.8244848298644,150.0,98.244848298644
L2_3C24L,206,106,388.943,24,24,272.2817659378052,6,0,29,25.727448026802463,120.0,257.2744802680246
L2_3C24L,207,107,359.99,24,24,253.4192636013031,9,0,23,10.269121981253347,160.0,102.69121981253346
L2_3C24L,208,108,281.734,24,24,272.2628664970398,4,0,7,17.45709490907938,150.0,174.57094909079382
L2_3C24L,209,109,351.174,24,24,262.84208583831787,9,0,12,23.85969256241789,130.0,238.5969256241789
L2_3C24L,210,110,316.821,24,24,260.0989031791687,8,0,11,18.00362785507557,150.0,180.03627855075575
L2_3C24L,211,111,326.02,24,24,247.9938554763794,12,0,6,16.68711036821335,150.0,166.87110368213348
L2_3C24L,212,112,287.726,24,24,278.8472671508789,8,0,10,12.175748290863297,110.0,121.75748290863298
L2_3C24L,213,113,280.703,24,24,276.927038192749,3,0,2,16.909851446186572,150.0,169.09851446186576
L2_3C24L,214,114,344.107,24,24,277.9785532951355,7,0,8,20.071501041703204,110.0,200.7150104170321
L2_3C24L,215,115,280.922,24,24,278.20935821533203,9,0,4,17.63544091813981,100.0,176.3544091813981
L2_3C24L,216,116,361.146,24,24,270.4279742240906,4,0,17,16.906759962349987,150.0,169.06759962349986
L2_3C24L,217,117,291.059,24,24,261.3949031829834,5,0,4,22.01699619427945,170.0,220.16996194279454
L2_3C24L,218,118,317.253,24,24,264.0089225769043,8,0,17,16.636912901810287,140.0,166.36912901810285
L2_3C24L,219,119,394.318,24,24,282.6167936325073,0,0,17,16.277353004830754,150.0,162.77353004830752
L2_3C24L,220,120,291.023,24,24,271.8548803329468,3,0,4,18.817021367543745,160.0,188.1702136754374
L2_3C24L,221,121,318.713,24,24,251.05575323104858,19,0,21,16.480786311610725,90.0,164.80786311610723
L2_3C24L,222,122,306.636,24,24,283.3211193084717,3,0,6,20.596263188004084,130.0,205.96263188004085
L2_3C24L,223,123,316.089,24,24,265.7089672088623,2,0,3,22.636743983659947,180.0,226.36743983659946
L2_3C24L,224,124,330.464,24,24,284.0655589103699,3,0,12,21.448110725874354,120.0,214.48110725874358
L2_3C24L,225,125,310.987,24,24,225.1516351699829,16,0,3,19.494537615915455,180.0,194.9453761591545
L2_3C24L,226,126,364.344,24,24,278.1043281555176,1,0,12,21.31887855064717,150.0,213.18878550647165
L2_3C24L,227,127,300.872,24,24,282.0917282104492,3,0,5,11.36086994102039,140.0,113.60869941020388
L2_3C24L,228,128,329.564,24,24,277.06423568725586,2,0,8,19.785856582741545,150.0,197.8585658274155
L2_3C24L,229,129,291.488,24,24,264.7235689163208,7,0,7,15.921441340179994,150.0,159.21441340179993
L2_3C24L,230,130,279.237,24,24,285.86013317108154,2,0,6,10.466181632517563,140.0,104.66181632517564
L2_3C24L,231,131,399.157,24,24,275.02161407470703,1,0,25,13.261264480094088,160.0,132.61264480094087
L2_3C24L,232,132,599.788,24,24,267.97377252578735,2,0,55,23.420763169828266,140.0,234.20763169828263
L2_3C24L,233,133,302.896,24,24,278.207724571228,5,0,11,12.640897732235635,130.0,126.40897732235632
L2_3C24L,234,134,339.053,24,24,280.899938583374,5,0,10,17.000188415327003,120.0,170.00188415327003
L2_3C24L,235,135,339.407,24,24,269.5635805130005,8,0,16,19.788067662209023,120.0,197.88067662209028
L2_3C24L,236,136,256.104,24,24,275.2124767303467,5,0,1,19.291733028713413,140.0,192.91733028713412
L2_3C24L,237,137,289.199,24,24,264.7902879714966,6,0,3,17.365698716635816,160.0,173.65698716635816
L2_3C24L,238,138,548.481,24,24,254.15764665603638,6,0,42,26.141181720495457,150.0,261.41181720495445
L2_3C24L,239,139,251.199,24,24,284.40719413757324,4,0,1,23.64268794776202,120.0,236.42687947762022
L2_3C24L,240,140,389.798,24,24,275.15274238586426,2,0,26,16.157489852735196,150.0,161.574898527352
L2_3C24L,241,101,376.726,24,24,280.56642293930054,2,0,12,16.445233059416314,140.0,164.45233059416316
L2_3C24L,242,102,295.162,24,24,255.0997133255005,10,0,8,18.000939116040925,150.0,180.00939116040922
L2_3C24L,243,103,300.272,24,24,277.71727228164673,3,0,7,20.942426779864714,140.0,209.42426779864715
L2_3C24L,244,104,498.46,24,24,257.3517870903015,10,0,58,20.494028078779618,120.0,204.9402807877962
L2_3C24L,245,105,279.892,24,24,293.42157554626465,2,0,6,10.26137924500171,120.0,102.61379245001712
L2_3C24L,246,106,341.183,24,24,247.07274627685547,12,0,30,28.090845654278958,140.0,280.9084565427896
L2_3C24L,247,107,316.516,24,24,260.1624279022217,7,0,11,12.79187839695458,160.0,127.91878396954581
L2_3C24L,248,108,306.236,24,24,269.7165403366089,9,0,10,14.278167387449754,120.0,142.78167387449753
L2_3C24L,249,109,281.812,24,24,277.59268951416016,5,0,4,19.691029529958435,130.0,196.9102952995844
L2_3C24L,250,110,303.599,24,24,266.3656244277954,5,0,3,17.114585991480787,160.0,171.1458599148079
L2_3C24L,251,111,398.188,24,24,270.35556411743164,0,0,16,13.814748765317516,180.0,138.1474876531752
L2_3C24L,252,112,350.65,24,24,280.8207793235779,6,0,20,15.597399432961605,110.0,155.97399432961606
L2_3C24L,253,113,282.248,24,24,281.2731628417969,5,0,4,22.422784897906634,120.0,224.22784897906632
L2_3C24L,254,114,433.647,24,24,279.92728662490845,6,0,25,16.909031295537886,100.0,169.09031295537886
L2_3C24L,255,115,302.223,24,24,256.6501693725586,8,0,3,19.499415495035095,160.0,194.99415495035097
L2_3C24L,256,116,316.507,24,24,267.3777046203613,4,0,11,20.40763704510276,160.0,204.0763704510276
L2_3C24L,257,117,315.817,24,24,271.91516399383545,1,0,8,21.949436881151005,170.0,219.49436881151004
L2_3C24L,258,118,304.388,24,24,275.3506488800049,7,0,13,17.16445837680569,120.0,171.64458376805686
L2_3C24L,259,119,296.352,24,24,286.5765151977539,2,0,17,14.744948819036313,130.0,147.44948819036316
L2_3C24L,260,120,378.028,24,24,268.6189103126526,4,0,20,22.93696736847385,150.0,229.36967368473853
L2_3C24L,261,121,294.185,24,24,276.9630603790283,9,0,9,16.78978354170001,100.0,167.89783541700015
L2_3C24L,262,122,303.724,24,24,283.40295696258545,7,0,13,15.32347305914352,100.0,153.2347305914352
L2_3C24L,263,123,328.767,24,24,271.06051874160767,4,0,8,19.798252667597016,150.0,197.98252667597018
L2_3C24L,264,124,254.623,24,24,308.2463855743408,1,0,3,14.17870084104967,90.0,141.78700841049672
L2_3C24L,265,125,281.269,24,24,265.9588146209717,11,0,6,11.803946374042324,120.0,118.03946374042323
L2_3C24L,266,126,306.536,24,24,248.44439220428467,9,0,5,25.185327607789745,170.0,251.85327607789748
L2_3C24L,267,127,390.37,24,24,270.8943204879761,2,0,19,17.018927339076352,160.0,170.18927339076345
L2_3C24L,268,128,278.141,24,24,270.18891429901123,6,0,2,22.703594696165123,140.0,227.03594696165118
L2_3C24L,269,129,314.386,24,24,279.7446246147156,4,0,7,17.517898947308364,130.0,175.17898947308362
L2_3C24L,270,130,278.995,24,24,301.76524353027344,2,0,5,9.115811768273568,100.0,91.15811768273568
L2_3C24L,271,131,414.171,24,24,255.8071117401123,8,0,26,15.64293003525752,150.0,156.42930035257515
L2_3C24L,272,132,391.746,24,24,271.53086709976196,5,0,52,19.897083083260103,130.0,198.970830832601
L2_3C24L,273,133,288.444,24,24,274.6523685455322,10,0,13,16.158749687037194,100.0,161.58749687037195
L2_3C24L,274,134,424.512,24,24,269.243040561676,2,0,32,17.523183250193142,160.0,175.23183250193145
L2_3C24L,275,135,292.573,24,24,277.6174101829529,9,0,14,14.608630964519925,100.0,146.08630964519926
L2_3C24L,276,136,312.108,24,24,256.6379771232605,6,0,5,21.20675040467121,170.0,212.06750404671217
L2_3C24L,277,137,300.765,24,24,267.4839839935303,5,0,4,13.38670299459332,160.0,133.86702994593318
L2_3C24L,278,138,417.826,24,24,266.2893314361572,5,0,28,15.702216351315508,150.0,157.02216351315505
L2_3C24L,279,139,297.995,24,24,283.64721488952637,4,0,9,17.842589555062684,120.0,178.42589555062685
L2_3C24L,280,140,296.859,24,24,276.9451494216919,4,0,4,18.51613923528335,140.0,185.1613923528335
L2_3C24L,281,101,314.4,24,24,274.6483941078186,2,0,14,14.5053499102887,160.0,145.053499102887
L2_3C24L,282,102,324.254,24,24,237.18614768981934,13,0,5,21.046170532478612,170.0,210.46170532478618
L2_3C24L,283,103,321.54,24,24,271.93720531463623,3,0,8,26.87596908582066,150.0,268.75969085820657
L2_3C24L,284,104,292.958,24,24,299.09788513183594,5,0,6,14.673702638370592,80.0,146.73702638370594
L2_3C24L,285,105,305.071,24,24,278.1588101387024,4,0,8,9.470603356537021,140.0,94.7060335653702
L2_3C24L,286,106,364.135,24,24,258.5282998085022,7,0,17,26.572354538877907,150.0,265.7235453887791
L2_3C24L,287,107,473.767,24,24,261.6682872772217,4,0,31,17.772351260965998,160.0,177.72351260965993
L2_3C24L,288,108,330.625,24,24,281.2041416168213,2,0,12,19.319487765490308,140.0,193.19487765490308
L2_3C24L,289,109,326.477,24,24,265.20914459228516,3,0,7,24.302821811674924,170.0,243.02821811674923
L2_3C24L,290,110,301.222,24,24,273.5525531768799,4,0,6,16.491466073227222,150.0,164.9146607322722
L2_3C24L,291,111,408.369,24,24,246.99955368041992,5,0,19,15.001484471019092,200.0,150.0148447101909
L2_3C24L,292,112,365.727,24,24,282.1390709877014,4,0,18,17.869749648795555,120.0,178.69749648795556
L2_3C24L,293,113,286.728,24,24,274.5696563720703,3,0,2,14.767800381021779,160.0,147.6780038102178
L2_3C24L,294,114,359.124,24,24,267.2011384963989,7,0,20,10.996197676078022,140.0,109.96197676078023
L2_3C24L,295,115,442.335,24,24,255.57796096801758,4,0,25,16.406767588918115,180.0,164.06767588918115
L2_3C24L,296,116,269.939,24,24,265.032310962677,8,0,9,14.89227312112833,140.0,148.9227312112833
L2_3C24L,297,117,348.395,24,24,266.5348138809204,2,0,19,14.883935014542441,180.0,148.83935014542442
L2_3C24L,298,118,400.258,24,24,273.47681522369385,7,0,27,11.743956696612385,120.0,117.43956696612382
L2_3C24L,299,119,328.828,24,24,279.30478382110596,1,0,9,22.31735574427917,150.0,223.17355744279172
L2_3C24L,300,120,281.075,24,24,294.0592384338379,4,0,5,14.802526218070078,100.0,148.0252621807008
L2_3C24L,301,121,398.007,24,24,267.92307138442993,10,0,32,13.589735278283836,110.0,135.89735278283837
L2_3C24L,302,122,281.378,24,24,286.9848585128784,4,0,5,11.71712871756681,120.0,117.17128717566811
L2_3C24L,303,123,327.366,24,24,278.5360565185547,3,0,9,18.213161361257765,140.0,182.1316136125777
L2_3C24L,304,124,313.768,24,24,291.5553503036499,3,0,12,14.815473790157998,110.0,148.15473790158
L2_3C24L,305,125,303.043,24,24,246.25372219085693,13,0,7,17.487551159506488,150.0,174.87551159506484
L2_3C24L,306,126,265.52,24,24,248.09823036193848,10,0,3,18.005882452448592,170.0,180.05882452448586
L2_3C24L,307,127,287.135,24,24,289.96361541748047,2,0,3,10.121270812049165,130.0,101.21270812049161
L2_3C24L,308,128,298.719,24,24,269.5906295776367,4,0,4,18.031202604517215,160.0,180.31202604517216
L2_3C24L,309,129,286.463,24,24,270.86381816864014,3,0,2,23.787275089860927,160.0,237.87275089860924
L2_3C24L,310,130,270.828,24,24,300.69160079956055,1,0,3,11.027950404503416,110.0,110.27950404503414
L2_3C24L,311,131,387.407,24,24,271.87811517715454,3,0,25,13.739598021368787,150.0,137.39598021368784
L2_3C24L,312,132,490.625,24,24,262.93480014801025,5,0,51,25.217316181878868,140.0,252.17316181878869
L2_3C24L,313,133,328.171,24,24,265.0676739215851,10,0,11,14.774425188892499,120.0,147.744251888925
L2_3C24L,314,134,282.505,24,24,277.50408935546875,8,0,17,13.3196634520333,110.0,133.196634520333
L2_3C24L,315,135,277.21,24,24,244.96321201324463,16,0,4,18.455942815807788,130.0,184.55942815807788
L2_3C24L,316,136,294.696,24,24,260.437349319458,3,0,5,18.542150414035767,190.0,185.42150414035763
L2_3C24L,317,137,336.812,24,24,254.61531257629395,6,0,9,14.615606745555539,180.0,146.15606745555542
L2_3C24L,318,138,349.838,24,24,282.1125087738037,6,0,45,16.29164015816547,100.0,162.91640158165475
L2_3C24L,319,139,292.55,24,24,271.80223274230957,2,0,2,17.32587379732579,170.0,173.25873797325792
L2_3C24L,320,140,275.858,24,24,279.10091400146484,3,0,4,11.330290709536932,150.0,113.3029070953693
L2_3C24L,321,101,306.635,24,24,292.98583126068115,5,0,12,16.713893770636616,90.0,167.13893770636616
L2_3C24L,322,102,295.179,24,24,264.5338935852051,8,0,8,19.88700322574089,140.0,198.87003225740892
L2_3C24L,323,103,299.07,24,24,267.95613861083984,8,0,6,21.812871279301852,130.0,218.1287127930185
L2_3C24L,324,104,245.207,24,24,262.8379650115967,16,0,4,15.540114466119043,90.0,155.40114466119041
L2_3C24L,325,105,266.015,24,24,264.89447689056396,10,0,5,12.018390934333146,130.0,120.18390934333145
L2_3C24L,326,106,334.631,24,24,267.7305603027344,8,0,22,20.898111149254245,120.0,208.98111149254248
L2_3C24L,327,107,372.52,24,24,237.41818809509277,10,0,24,13.606021698948162,190.0,136.0602169894816
L2_3C24L,328,108,283.568,24,24,276.07649993896484,4,0,4,23.078297385895365,140.0,230.78297385895365
L2_3C24L,329,109,378.923,24,24,268.73919343948364,4,0,30,17.536023418110233,150.0,175.36023418110233
L2_3C24L,330,110,274.717,24,24,261.8053340911865,8,0,3,17.31555014277815,150.0,173.15550142778156
L2_3C24L,331,111,399.487,24,24,256.1990661621094,3,0,26,17.66977069386505,190.0,176.69770693865055
L2_3C24L,332,112,369.228,24,24,276.4540419578552,5,0,18,13.486510353437126,130.0,134.8651035343712
L2_3C24L,333,113,288.626,24,24,280.93007230758667,5,0,2,21.899714838376006,120.0,218.99714838376002
L2_3C24L,334,114,404.213,24,24,275.32456159591675,4,0,23,17.251462797933122,130.0,172.51462797933127
L2_3C24L,335,115,350.36,24,24,262.4622211456299,6,0,23,25.125920516999468,150.0,251.25920516999471
L2_3C24L,336,116,287.721,24,24,270.20641040802,4,0,5,15.978615347964755,160.0,159.78615347964757
L2_3C24L,337,117,298.98,24,24,275.10536766052246,3,0,4,17.982095580264854,150.0,179.8209558026485
L2_3C24L,338,118,315.125,24,24,268.3286783695221,6,0,14,17.237741076344125,140.0,172.3774107634413
L2_3C24L,339,119,315.986,24,24,271.6634192466736,4,0,11,17.78859926085356,150.0,177.88599260853562
L2_3C24L,340,120,244.097,24,24,297.2953281402588,3,0,3,17.348875827547527,100.0,173.48875827547528
L2_3C24L,341,121,342.041,24,24,266.38043117523193,12,0,18,17.065227195441235,100.0,170.65227195441233
L2_3C24L,342,122,290.467,24,24,266.3571996688843,9,0,4,17.142647016783297,130.0,171.42647016783297
L2_3C24L,343,123,299.501,24,24,279.7016382217407,3,0,5,19.327848519441222,140.0,193.27848519441218
L2_3C24L,344,124,289.969,24,24,300.6647205352783,2,0,8,12.784232330113388,100.0,127.84232330113386
L2_3C24L,345,125,394.171,24,24,229.20174551010132,15,0,22,17.660791753900536,170.0,176.6079175390053
L2_3C24L,346,126,325.998,24,24,270.30796813964844,5,0,24,22.306741810200585,140.0,223.06741810200583
L2_3C24L,347,127,301.907,24,24,249.20267868041992,10,0,8,12.657702573958836,170.0,126.57702573958838
L2_3C24L,348,128,295.45,24,24,269.352258682251,5,0,6,20.49245026524069,150.0,204.92450265240686
L2_3C24L,349,129,292.063,24,24,279.66192531585693,3,0,3,19.46025111968768,140.0,194.6025111968768
L2_3C24L,350,130,269.769,24,24,296.6463432312012,1,0,3,11.178835917157398,120.0,111.78835917157397
L2_3C24L,351,131,411.52,24,24,280.24124240875244,0,0,24,14.19583645146286,150.0,141.95836451462856
L2_3C24L,352,132,439.305,24,24,264.5112051963806,8,0,58,21.629285467569577,120.0,216.29285467569574
L2_3C24L,353,133,351.244,24,24,268.04966926574707,9,0,16,14.834421307916479,120.0,148.3442130791648
L2_3C24L,354,134,383.297,24,24,276.9294910430908,2,0,28,20.235004002488807,140.0,202.35004002488807
L2_3C24L,355,135,329.523,24,24,253.88432216644287,13,0,22,22.052269854318286,120.0,220.5226985431828
L2_3C24L,356,136,256.419,24,24,268.5445146560669,7,0,2,19.851584139927617,140.0,198.5158413992761
L2_3C24L,357,137,304.929,24,24,283.9363899230957,2,0,10,11.878677961802167,140.0,118.78677961802165
L2_3C24L,358,138,460.21,24,24,272.7783579826355,3,0,39,17.405458131281456,140.0,174.05458131281455
L2_3C24L,359,139,271.173,24,24,275.8790674209595,6,0,3,17.06973665762717,130.0,170.69736657627175
L2_3C24L,360,140,365.867,24,24,275.61739921569824,5,0,16,16.275318858049026,130.0,162.75318858049025
L2_3C24L,361,101,301.005,24,24,260.1354236602783,7,0,5,17.88192601764457,160.0,178.8192601764457
L2_3C24L,362,102,367.859,24,24,268.57857036590576,3,0,21,19.7380963214345,160.0,197.380963214345
L2_3C24L,363,103,313.498,24,24,252.76358318328857,8,0,10,29.121385480842505,160.0,291.213854808425
L2_3C24L,364,104,365.536,24,24,283.7329726219177,6,0,21,19.223433109357043,100.0,192.2343310935704
L2_3C24L,365,105,339.878,24,24,273.028249502182,5,0,20,11.572492387083775,140.0,115.72492387083776
L2_3C24L,366,106,361.148,24,24,256.74961853027344,7,0,17,19.16791778075557,160.0,191.67917780755565
L2_3C24L,367,107,300.676,24,24,244.85928916931152,10,0,4,12.135685278757014,180.0,121.35685278757012
L2_3C24L,368,108,319.076,24,24,260.74296045303345,7,0,5,29.19010165882723,150.0,291.9010165882723
L2_3C24L,369,109,342.42,24,24,275.4774684906006,4,0,20,15.07510317746488,140.0,150.75103177464882
L2_3C24L,370,110,327.476,24,24,267.2829599380493,8,0,13,19.056756987824645,130.0,190.56756987824645
L2_3C24L,371,111,296.72,24,24,282.839093208313,6,0,16,13.869697731351634,110.0,138.69697731351636
L2_3C24L,372,112,331.664,24,24,268.6463062763214,6,0,26,16.17896965908659,140.0,161.7896965908659
L2_3C24L,373,113,291.018,24,24,275.8502311706543,4,0,2,25.49918865950602,140.0,254.99188659506027
L2_3C24L,374,114,278.555,24,24,263.33585357666016,10,0,3,18.880452015152404,130.0,188.80452015152406
L2_3C24L,375,115,336.229,24,24,255.46742010116577,7,0,15,15.108592456531932,170.0,151.08592456531932
L2_3C24L,376,116,444.494,24,24,264.6371865272522,5,0,29,16.209366245909223,150.0,162.09366245909226
L2_3C24L,377,117,302.37,24,24,251.65256690979004,6,0,7,17.82477455788705,190.0,178.24774557887045
L2_3C24L,378,118,431.466,24,24,279.27128314971924,3,0,18,27.42902068417373,120.0,274.2902068417373
L2_3C24L,379,119,290.564,24,24,274.4281063079834,5,0,6,18.572980704266186,140.0,185.72980704266183
L2_3C24L,380,120,269.713,24,24,281.49462032318115,3,0,3,16.68457892808423,140.0,166.84578928084235
L2_3C24L,381,121,292.997,24,24,278.5468273162842,6,0,10,19.843914256170883,120.0,198.43914256170882
L2_3C24L,382,122,342.121,24,24,269.67523670196533,8,0,23,19.415882634308293,120.0,194.15882634308298
L2_3C24L,383,123,321.504,24,24,275.29645586013794,2,0,9,25.67846728080111,150.0,256.7846728080111
L2_3C24L,384,124,283.011,24,24,297.7036476135254,4,0,4,15.987821367997247,90.0,159.87821367997248
L2_3C24L,385,125,366.145,24,24,268.7369155883789,6,0,17,15.876935320011961,140.0,158.7693532001196
L2_3C24L,386,126,372.954,24,24,283.15212392807007,1,0,15,17.826216398856257,140.0,178.2621639885626
L2_3C24L,387,127,301.238,24,24,264.9217777252197,8,0,8,18.594073310162955,140.0,185.94073310162958
L2_3C24L,388,128,304.926,24,24,255.35216522216797,7,0,9,20.492735999168623,170.0,204.92735999168622
L2_3C24L,389,129,280.807,24,24,278.20326805114746,5,0,5,17.65575032723101,130.0,176.5575032723101
L2_3C24L,390,130,283.979,24,24,290.0752840042114,4,0,7,9.74905487840626,110.0,97.49054878406261
L2_3C24L,391,131,397.896,24,24,263.0509195327759,5,0,16,13.163585108686561,160.0,131.6358510868656
L2_3C24L,392,132,476.192,24,24,267.4455318450928,3,0,50,21.84820657020491,150.0,218.4820657020491
L2_3C24L,393,133,318.13,24,24,285.82441329956055,6,0,17,12.251955080955973,100.0,122.51955080955973
L2_3C24L,394,134,410.659,24,24,269.6941747665405,5,0,20,17.686064541268408,140.0,176.86064541268408
L2_3C24L,395,135,374.892,24,24,272.46425437927246,4,0,20,18.452476009428416,140.0,184.52476009428418
L2_3C24L,396,136,280.573,24,24,266.47226905822754,8,0,3,15.092403708195036,140.0,150.92403708195033
L2_3C24L,397,137,334.454,24,24,252.07215642929077,7,0,10,13.092787579713981,180.0,130.92787579713982
L2_3C24L,398,138,366.225,24,24,273.1528706550598,5,0,11,24.490392495709234,130.0,244.90392495709236
L2_3C24L,399,139,347.41,24,24,287.756854057312,2,0,15,19.143789926659085,120.0,191.43789926659088
L2_3C24L,400,140,379.982,24,24,282.21871972084045,2,0,16,19.27091512143029,130.0,192.70915121430286
L2_3C24L,401,101,257.499,24,24,295.9552493095398,1,0,5,11.815829438350033,120.0,118.15829438350033
L2_3C24L,402,102,395.299,24,24,274.1313486099243,3,0,26,22.89548154429107,140.0,228.95481544291067
L2_3C24L,403,103,317.021,24,24,249.0317039489746,8,0,18,21.560976189146775,170.0,215.60976189146766
L2_3C24L,404,104,295.207,24,24,307.1583137512207,3,0,14,11.138952702090611,70.0,111.38952702090612
L2_3C24L,405,105,336.856,24,24,271.28622484207153,3,0,17,15.712566710843783,160.0,157.12566710843785
L2_3C24L,406,106,266.63,24,24,255.11177253723145,7,0,5,22.96076859806733,170.0,229.6076859806732
L2_3C24L,407,107,336.517,24,24,254.5675859451294,10,0,18,14.77468704358276,150.0,147.7468704358276
L2_3C24L,408,108,315.907,24,24,259.5972948074341,11,0,12,14.675672854007287,130.0,146.75672854007288
L2_3C24L,409,109,358.068,24,24,280.8978681564331,4,0,26,17.007090865479505,120.0,170.07090865479503
L2_3C24L,410,110,350.095,24,24,275.22207832336426,3,0,13,15.926387458909993,150.0,159.26387458909988
L2_3C24L,411,111,447.828,24,24,265.0646619796753,2,0,43,18.11776038728123,170.0,181.17760387281228
L2_3C24L,412,112,316.184,24,24,276.0183730125427,6,0,18,18.27208581611145,120.0,182.72085816111448
L2_3C24L,413,113,322.176,24,24,266.5376605987549,6,0,16,23.20780934544008,140.0,232.07809345440074
L2_3C24L,414,114,405.924,24,24,265.58027267456055,7,0,24,14.732426246206138,130.0,147.3242624620614
L2_3C24L,415,115,328.75,24,24,258.54029655456543,8,0,15,16.5323491466205,150.0,165.32349146620498
L2_3C24L,416,116,276.376,24,24,266.03303718566895,7,0,4,13.223214257822894,150.0,132.23214257822895
L2_3C24L,417,117,329.027,24,24,255.42295289039612,6,0,9,25.256802181984668,170.0,252.56802181984662
L2_3C24L,418,118,339.223,24,24,267.81046199798584,5,0,19,17.298428571599445,150.0,172.98428571599442
L2_3C24L,419,119,345.85,24,24,274.6620512008667,5,0,17,19.459784286607558,130.0,194.59784286607555
L2_3C24L,420,120,360.334,24,24,268.58696937561035,2,0,19,16.376735709601377,170.0,163.76735709601374
L2_3C24L,421,121,447.2,24,24,268.1821074485779,8,0,36,14.392953502468956,120.0,143.92953502468956
L2_3C24L,422,122,313.866,24,24,245.79971981048584,13,0,12,15.667573504180764,150.0,156.67573504180766
L2_3C24L,423,123,302.408,24,24,272.15953636169434,6,0,8,14.468212938396643,140.0,144.68212938396647
L2_3C24L,424,124,327.598,24,24,288.9239196777344,3,0,14,20.253612733089646,110.0,202.5361273308965
L2_3C24L,425,125,282.763,24,24,262.45064091682434,12,0,8,13.49784105927706,120.0,134.97841059277062
L2_3C24L,426,126,320.61,24,24,244.03947353363037,5,0,5,24.868418359500676,210.0,248.68418359500677
L2_3C24L,427,127,294.735,24,24,284.215292930603,3,0,3,17.615651749028892,130.0,176.15651749028893
L2_3C24L,428,128,267.879,24,24,269.8753900527954,9,0,8,15.415327827184264,120.0,154.15327827184262
L2_3C24L,429,129,270.382,24,24,266.93554878234863,6,0,4,20.214836264022203,150.0,202.14836264022205
L2_3C24L,430,130,245.783,24,24,293.34173583984375,5,0,0,12.194232080846703,100.0,121.94232080846703
L2_3C24L,431,131,496.372,24,24,263.6769104003906,3,0,39,16.07696897610071,160.0,160.76968976100707
L2_3C24L,432,132,370.956,24,24,262.2625365257263,7,0,42,19.124863161411056,140.0,191.2486316141106
L2_3C24L,433,133,351.381,24,24,258.53619956970215,7,0,22,14.879295444895778,160.0,148.79295444895774
L2_3C24L,434,134,271.386,24,24,287.4450855255127,6,0,9,13.516381200101637,100.0,135.16381200101642
L2_3C24L,435,135,439.23,24,24,257.27153730392456,5,0,33,22.428182718683882,160.0,224.28182718683885
L2_3C24L,436,136,323.406,24,24,247.45255279541016,7,0,10,20.158146570293287,190.0,201.58146570293286
L2_3C24L,437,137,303.449,24,24,255.0475788116455,13,0,8,14.841401757579781,130.0,148.41401757579777
L2_3C24L,438,138,556.919,24,24,260.57186460494995,3,0,40,34.76043883455635,150.0,347.6043883455635
L2_3C24L,439,139,283.152,24,24,284.4997158050537,3,0,4,18.33425651422219,130.0,183.34256514222193
L2_3C24L,440,140,392.477,24,24,272.13244915008545,1,0,12,22.89182085670923,160.0,228.91820856709228
L2_3C24L,441,101,276.128,24,24,278.9822292327881,4,0,3,15.059232045470491,140.0,150.59232045470492
L2_3C24L,442,102,352.193,24,24,242.92196369171143,11,0,21,26.926749779591162,160.0,269.26749779591165
L2_3C24L,443,103,382.065,24,24,269.79864406585693,4,0,21,22.337852400580523,140.0,223.37852400580522
L2_3C24L,444,104,349.203,24,24,259.80499744415283,10,0,35,20.64999139107227,130.0,206.49991391072268
L2_3C24L,445,105,243.723,24,24,296.2792148590088,3,0,0,9.069257128021114,110.0,90.69257128021117
L2_3C24L,446,106,283.657,24,24,280.4160900115967,4,0,7,20.279702453700406,130.0,202.79702453700406
L2_3C24L,447,107,336.533,24,24,255.6144437789917,8,0,25,12.951846470833432,160.0,129.5184647083343
L2_3C24L,448,108,456.155,24,24,260.161386013031,5,0,24,31.128699907117813,150.0,311.2869990711781
L2_3C24L,449,109,312.318,24,24,270.56342697143555,3,0,10,19.78858549555281,160.0,197.88585495552815
L2_3C24L,450,110,264.032,24,24,278.87495613098145,4,0,5,13.750143018847579,140.0,137.50143018847578
L2_3C24L,451,111,391.534,24,24,266.89415645599365,2,0,30,18.686104076336655,170.0,186.86104076336653
L2_3C24L,452,112,279.644,24,24,279.3318567276001,9,0,8,13.893772310262952,100.0,138.93772310262955
L2_3C24L,453,113,261.234,24,24,288.0409126281738,5,0,3,13.19696232469648,110.0,131.9696232469648
L2_3C24L,454,114,514.319,24,24,265.00931215286255,6,0,25,21.63560473382651,130.0,216.35604733826506
L2_3C24L,455,115,280.208,24,24,266.84891414642334,6,0,9,18.83694375107236,150.0,188.36943751072354
L2_3C24L,456,116,327.946,24,24,265.20931339263916,6,0,10,19.302277945440032,150.0,193.02277945440034
L2_3C24L,457,117,287.128,24,24,261.6118679046631,2,0,5,24.627104469463966,190.0,246.27104469463958
L2_3C24L,458,118,480.863,24,24,268.97328424453735,5,0,32,23.422345837765157,130.0,234.22345837765153
L2_3C24L,459,119,266.453,24,24,273.82533740997314,5,0,1,22.24885963349185,140.0,222.4885963349185
L2_3C24L,460,120,281.489,24,24,297.4890356063843,1,0,7,16.703213482565985,110.0,167.03213482565982
L2_3C24L,461,121,339.152,24,24,289.44011974334717,5,0,22,10.199570179287397,100.0,101.995701792874
L2_3C24L,462,122,377.252,24,24,273.4888837337494,5,0,27,18.370378516299375,130.0,183.7037851629937
L2_3C24L,463,123,277.6,24,24,275.61409759521484,6,0,5,16.286343621899693,130.0,162.8634362189969
L2_3C24L,464,124,291.106,24,24,295.4419136047363,2,0,5,16.86030262196851,110.0,168.6030262196851
L2_3C24L,465,125,295.179,24,24,277.49006271362305,5,0,20,15.03311328175579,130.0,150.3311328175579
L2_3C24L,466,126,372.988,24,24,262.4388198852539,5,0,25,20.203926863713505,160.0,202.03926863713505
L2_3C24L,467,127,259.015,24,24,288.33616828918457,5,0,8,12.212745015662785,110.0,122.12745015662784
L2_3C24L,468,128,373.463,24,24,256.6727657318115,7,0,23,19.42410695977891,160.0,194.2410695977891
L2_3C24L,469,129,343.239,24,24,270.98464584350586,5,0,17,18.384514739806672,140.0,183.84514739806673
L2_3C24L,470,130,259.293,24,24,315.87207221984863,0,0,5,8.759762653124454,80.0,87.59762653124456
L2_3C24L,471,131,472.092,24,24,250.56077480316162,9,0,28,18.13073883037921,150.0,181.30738830379212
L2_3C24L,472,132,376.4,24,24,287.3636302947998,4,0,40,22.121219210125446,100.0,221.2121921012545
L2_3C24L,473,133,374.874,24,24,255.89034175872803,10,0,18,18.698856897824122,140.0,186.9885689782413
L2_3C24L,474,134,357.292,24,24,277.40451097488403,8,0,21,15.318309644893327,100.0,153.18309644893327
L2_3C24L,475,135,379.63,24,24,287.9890012741089,0,0,29,16.70329550044999,130.0,167.03295500449988
L2_3C24L,476,136,320.938,24,24,242.67398738861084,6,0,6,19.419994197716132,210.0,194.1999419771613
L2_3C24L,477,137,350.466,24,24,255.34913325309753,8,0,21,13.836197819112563,160.0,138.36197819112564
L2_3C24L,478,138,476.542,24,24,265.32376432418823,6,0,37,25.587461165319933,130.0,255.87461165319934
L2_3C24L,479,139,256.403,24,24,291.8006134033203,1,0,1,17.33124103946563,130.0,173.31241039465635
L2_3C24L,480,140,422.506,24,24,257.80799198150635,3,0,14,23.973334610038307,180.0,239.7333461003831
L2_3C24L,481,101,304.038,24,24,290.3163785934448,5,0,13,12.278727980734748,100.0,122.78727980734749
L2_3C24L,482,102,310.388,24,24,259.8613119125366,8,0,13,17.128952116632117,150.0,171.28952116632118
L2_3C24L,483,103,290.181,24,24,279.408775806427,5,0,15,23.637379564861728,120.0,236.37379564861732
L2_3C24L,484,104,405.097,24,24,280.7125678062439,5,0,23,20.95809530358769,110.0,209.5809530358769
L2_3C24L,485,105,277.929,24,24,289.4074716567993,5,0,6,8.641762701268807,110.0,86.41762701268807
L2_3C24L,486,106,307.926,24,24,275.1645565032959,4,0,6,24.451443635471584,140.0,244.51443635471583
L2_3C24L,487,107,473.051,24,24,259.06743574142456,9,0,57,11.441875937310112,130.0,114.41875937310112
L2_3C24L,488,108,296.93,24,24,283.01698875427246,4,0,21,14.943374655913493,120.0,149.43374655913493
L2_3C24L,489,109,294.998,24,24,272.7509183883667,9,0,13,17.496941594068343,110.0,174.9694159406834
L2_3C24L,490,110,274.413,24,24,284.6014766693115,4,0,11,14.661751680940286,120.0,146.61751680940284
L2_3C24L,491,111,378.665,24,24,278.487247467041,1,0,18,20.042511007188644,150.0,200.42511007188642
L2_3C24L,492,112,386.292,24,24,285.51757431030273,4,0,22,14.941403701778164,110.0,149.41403701778168
L2_3C24L,493,113,291.461,24,24,278.76792430877686,4,0,6,12.440204729632185,140.0,124.40204729632184
L2_3C24L,494,114,414.59,24,24,264.56099367141724,6,0,17,24.796659965714525,140.0,247.96659965714525
L2_3C24L,495,115,361.482,24,24,253.8574914932251,8,0,21,18.808331454081316,160.0,188.08331454081315
L2_3C24L,496,116,337.901,24,24,264.9802465438843,5,0,12,16.73249218165047,160.0,167.32492181650466
L2_3C24L,497,117,352.515,24,24,279.254976272583,3,0,20,10.816739004159746,140.0,108.16739004159749
L2_3C24L,498,118,349.739,24,24,265.25411224365234,7,0,20,17.4862605255694,140.0,174.86260525569404
L2_3C24L,499,119,466.434,24,24,250.70710611343384,4,0,20,32.642947914199056,180.0,326.42947914199056
L2_3C24L,500,120,257.8,24,24,295.69018173217773,1,0,3,16.032706945090485,120.0,160.32706945090484
L2_3C24L,501,121,349.104,24,24,277.94091176986694,12,0,39,13.530290010907013,70.0,135.30290010907012
L2_3C24L,502,122,296.827,24,24,265.9071264266968,10,0,5,21.976238612310276,120.0,219.76238612310274
L2_3C24L,503,123,313.81,24,24,281.0568895339966,3,0,11,23.143655200817008,130.0,231.43655200817008
L2_3C24L,504,124,303.051,24,24,287.01873207092285,3,0,7,16.604224464790093,120.0,166.04224464790096
L2_3C24L,505,125,349.471,24,24,255.34643650054932,8,0,11,18.845170744958338,160.0,188.4517074495834
L2_3C24L,506,126,275.026,24,24,261.6945152282715,5,0,3,21.018261571695966,170.0,210.1826157169597
L2_3C24L,507,127,279.464,24,24,276.24598121643066,5,0,5,12.513359000590166,140.0,125.13359000590167
L2_3C24L,508,128,269.203,24,24,293.6892147064209,3,0,2,14.369230713596167,110.0,143.69230713596164
L2_3C24L,509,129,301.682,24,24,270.6352005004883,5,0,7,16.215964023275532,150.0,162.15964023275532
L2_3C24L,510,130,269.248,24,24,297.18330574035645,1,0,3,9.38898073438788,120.0,93.88980734387879
L2_3C24L,511,131,477.185,24,24,267.39569568634033,3,0,29,22.01434553332897,150.0,220.1434553332897
L2_3C24L,512,132,602.947,24,24,261.0261559486389,4,0,60,26.579438365842005,140.0,265.79438365842003
L2_3C24L,513,133,326.505,24,24,263.9235591888428,8,0,13,16.921448166534667,140.0,169.21448166534668
L2_3C24L,514,134,279.254,24,24,267.6632137298584,11,0,13,16.122611720178615,110.0,161.2261172017861
L2_3C24L,515,135,322.951,24,24,266.7847023010254,9,0,8,24.050952103312476,120.0,240.50952103312474
L2_3C24L,516,136,294.739,24,24,273.182653427124,4,0,5,19.39115905609047,150.0,193.91159056090473
L2_3C24L,517,137,258.277,24,24,278.37886810302734,7,0,5,12.070444173922137,120.0,120.70444173922138
L2_3C24L,518,138,409.373,24,24,254.88666152954102,4,0,30,20.377795369498322,180.0,203.77795369498324
L2_3C24L,519,139,280.564,24,24,275.65909004211426,8,0,7,17.803037707629827,110.0,178.03037707629827
L2_3C24L,520,140,266.248,24,24,289.27258110046387,1,0,4,9.091353431970756,140.0,90.91353431970755
L2_3C24L,521,101,265.587,24,24,289.52429962158203,2,0,3,11.585619320814864,130.0,115.85619320814862
L2_3C24L,522,102,288.284,24,24,293.1818857192993,6,0,15,19.393715900051717,80.0,193.93715900051714
L2_3C24L,523,103,280.331,24,24,259.74893283843994,8,0,7,19.170201427572085,150.0,191.70201427572087
L2_3C24L,524,104,353.976,24,24,276.10206842422485,6,0,15,17.99309109533713,120.0,179.9309109533713
L2_3C24L,525,105,293.539,24,24,269.66010761260986,8,0,5,17.799612194083288,130.0,177.99612194083286
L2_3C24L,526,106,314.323,24,24,249.25298881530762,11,0,10,22.490019692139636,150.0,224.90019692139634
L2_3C24L,527,107,306.334,24,24,271.7017390727997,7,0,14,14.32752914448023,130.0,143.27529144480232
L2_3C24L,528,108,281.583,24,24,278.89428329467773,6,0,10,15.352375705250878,120.0,153.52375705250878
L2_3C24L,529,109,367.477,24,24,272.0858449935913,3,0,23,16.380498567037225,150.0,163.8049856703722
L2_3C24L,530,110,262.543,24,24,273.9730644226074,7,0,3,13.423121866859548,130.0,134.2312186685955
L2_3C24L,531,111,451.495,24,24,283.0067071914673,1,0,36,16.644301348939166,130.0,166.44301348939166
L2_3C24L,532,112,329.499,24,24,261.6095185279846,11,0,13,16.30155881703435,120.0,163.01558817034353
L2_3C24L,533,113,256.601,24,24,294.1524658203125,1,0,2,21.15844139955673,120.0,211.58441399556727
L2_3C24L,534,114,453.903,24,24,261.597758769989,6,0,21,29.6741314696756,140.0,296.741314696756
L2_3C24L,535,115,264.592,24,24,262.66461849212646,10,0,8,21.117933169752323,130.0,211.17933169752328
L2_3C24L,536,116,298.385,24,24,258.4641819000244,8,0,7,13.452712538999355,160.0,134.52712538999359
L2_3C24L,537,117,335.013,24,24,262.8001971244812,4,0,9,20.665998901887573,170.0,206.65998901887573
L2_3C24L,538,118,304.83,24,24,270.6785125732422,5,0,13,19.404938005924965,140.0,194.04938005924964
L2_3C24L,539,119,295.042,24,24,272.4003086090088,4,0,8,16.99897090709671,150.0,169.9897090709671
L2_3C24L,540,120,333.4,24,24,275.91257095336914,6,0,11,23.62475961494586,120.0,236.24759614945856
L2_3C24L,541,121,349.778,24,24,262.56557416915894,12,0,20,16.448088269473327,110.0,164.48088269473325
L2_3C24L,542,122,281.378,24,24,290.49431705474854,5,0,11,13.352270601786323,100.0,133.52270601786324
L2_3C24L,543,123,277.36,24,24,285.15732765197754,3,0,3,14.4755656858963,130.0,144.755656858963
L2_3C24L,544,124,266.461,24,24,299.91770935058594,2,0,6,16.940964151358866,100.0,169.40964151358864
L2_3C24L,545,125,367.658,24,24,270.9995131492615,8,0,18,15.001597404471154,120.0,150.01597404471153
L2_3C24L,546,126,335.271,24,24,255.4476056098938,8,0,10,31.841295499990117,150.0,318.4129549999011
L2_3C24L,547,127,372.365,24,24,276.03075408935547,1,0,13,14.89747936089475,160.0,148.9747936089475
L2_3C24L,548,128,335.523,24,24,266.41380500793457,2,0,10,15.28731614290906,180.0,152.87316142909054
L2_3C24L,549,129,270.825,24,24,283.6404285430908,2,0,3,17.865235125437167,140.0,178.65235125437167
L2_3C24L,550,130,279.237,24,24,290.66492652893066,3,0,3,11.116907029740565,120.0,111.16907029740563
L2_3C24L,551,131,433.5,24,24,238.4277539253235,11,0,17,16.907441033047906,170.0,169.07441033047905
L2_3C24L,552,132,590.56,24,24,259.74227380752563,6,0,84,24.192418129785658,130.0,241.92418129785653
L2_3C24L,553,133,259.264,24,24,262.9078507423401,12,0,2,16.973818770169007,120.0,169.73818770169007
L2_3C24L,554,134,401.249,24,24,267.51732635498047,7,0,23,18.275535901040342,130.0,182.7553590104034
L2_3C24L,555,135,350.235,24,24,259.4128680229187,10,0,16,20.290396404029657,130.0,202.9039640402966
L2_3C24L,556,136,290.024,24,24,273.9419975280762,3,0,4,13.52663357853468,160.0,135.2663357853468
L2_3C24L,557,137,385.804,24,24,268.64608097076416,6,0,17,16.17970970368899,140.0,161.79709703688985
L2_3C24L,558,138,399.511,24,24,264.36961221694946,7,0,29,23.767956232587018,130.0,237.67956232587014
L2_3C24L,559,139,297.607,24,24,282.27473187446594,6,0,9,15.750863398914715,110.0,157.50863398914714
L2_3C24L,560,140,401.398,24,24,256.36909675598145,4,0,18,18.76968016941692,180.0,187.6968016941692
L2_3C24L,561,101,278.774,24,24,298.2041549682617,0,0,2,14.319483816594524,120.0,143.1948381659452
L2_3C24L,562,102,387.927,24,24,266.91364574432373,6,0,27,16.954476146682037,140.0,169.54476146682038
L2_3C24L,563,103,289.479,24,24,271.3553261756897,7,0,4,20.482255986112314,130.0,204.82255986112312
L2_3C24L,564,104,300.795,24,24,265.60268783569336,12,0,7,16.324349819773982,110.0,163.24349819773983
L2_3C24L,565,105,281.051,24,24,281.5742893218994,4,0,5,18.085704370828562,130.0,180.8570437082856
L2_3C24L,566,106,376.675,24,24,269.9029378890991,4,0,19,26.990181613118313,140.0,269.9018161311832
L2_3C24L,567,107,461.285,24,24,267.31380796432495,5,0,33,15.620626838626016,140.0,156.20626838626015
L2_3C24L,568,108,276.204,24,24,269.46762466430664,7,0,8,13.441237295022468,140.0,134.41237295022464
L2_3C24L,569,109,400.488,24,24,265.33942556381226,4,0,25,23.868586436901353,150.0,238.6858643690136
L2_3C24L,570,110,314.714,24,24,270.1137590408325,5,0,9,26.287427239892928,140.0,262.8742723989293
L2_3C24L,571,111,279.925,24,24,263.15241527557373,9,0,6,16.158615070907626,140.0,161.58615070907624
L2_3C24L,572,112,291.273,24,24,294.8755931854248,1,0,5,15.41466139455025,120.0,154.14661394550254
L2_3C24L,573,113,395.308,24,24,269.133385181427,3,0,11,31.22202050598225,150.0,312.22020505982255
L2_3C24L,574,114,270.32,24,24,273.35726833343506,5,0,2,22.142446411159355,140.0,221.42446411159352
L2_3C24L,575,115,300.992,24,24,272.6958122253418,4,0,8,19.347264348053912,150.0,193.47264348053915
L2_3C24L,576,116,288.944,24,24,280.78042697906494,3,0,4,15.731936353981927,140.0,157.3193635398193
L2_3C24L,577,117,297.707,24,24,267.8949098587036,2,0,5,15.35030822624598,180.0,153.50308226245986
L2_3C24L,578,118,329.691,24,24,269.84321308135986,7,0,11,20.522624568097704,130.0,205.22624568097703
L2_3C24L,579,119,291.335,24,24,297.6396369934082,0,0,6,16.201220249106406,120.0,162.01220249106402
L2_3C24L,580,120,292.193,24,24,290.86997985839844,2,0,9,13.76672879673832,120.0,137.66728796738323
L2_3C24L,581,121,395.51,24,24,293.0623936653137,5,0,27,14.79199590488929,80.0,147.91995904889288
L2_3C24L,582,122,289.381,24,24,297.73646545410156,2,0,4,9.211800319990619,110.0,92.11800319990621
L2_3C24L,583,123,293.392,24,24,259.0232195854187,8,0,7,19.922585659713146,150.0,199.22585659713147
L2_3C24L,584,124,274.31,24,24,282.19465374946594,8,0,8,14.351148181835057,100.0,143.51148181835057
L2_3C24L,585,125,397.404,24,24,244.37440538406372,11,0,30,15.418648456153818,160.0,154.18648456153818
L2_3C24L,586,126,294.267,24,24,274.468111038208,4,0,13,23.439621451190497,140.0,234.39621451190496
L2_3C24L,587,127,337.688,24,24,282.1716103553772,5,0,10,12.761275613486598,120.0,127.612756134866
L2_3C24L,588,128,258.424,24,24,291.46894931793213,1,0,3,16.77012847944913,130.0,167.70128479449136
L2_3C24L,589,129,291.623,24,24,260.6992235183716,8,0,7,19.335916930348308,150.0,193.35916930348304
L2_3C24L,590,130,294.994,24,24,284.68469524383545,7,0,10,11.051019468812493,100.0,110.51019468812493
L2_3C24L,591,131,387.624,24,24,268.7585725784302,4,0,22,14.13809093710575,150.0,141.3809093710575
L2_3C24L,592,132,693.663,24,24,244.97673559188843,3,0,92,26.744193653613408,180.0,267.44193653613405
L2_3C24L,593,133,269.11,24,24,266.8334012031555,13,0,6,15.555323837031,100.0,155.55323837031
L2_3C24L,594,134,355.141,24,24,273.92414689064026,8,0,31,13.58616676502622,110.0,135.8616676502622
L2_3C24L,595,135,294.412,24,24,281.71530628204346,6,0,9,19.282305611867937,110.0,192.8230561186794
L2_3C24L,596,136,292.126,24,24,280.3035202026367,3,0,5,17.321597383487962,140.0,173.21597383487955
L2_3C24L,597,137,348.257,24,24,262.866961479187,7,0,17,17.110096921398842,150.0,171.10096921398835
L2_3C24L,598,138,609.099,24,24,253.29589986801147,4,0,62,25.68033798740526,160.0,256.8033798740526
L2_3C24L,599,139,254.765,24,24,282.972695350647,5,0,2,18.424318243920357,120.0,184.2431824392036
L2_3C24L,600,140,256.409,24,24,306.2729740142822,2,0,3,9.090091185930765,90.0,90.90091185930766
L2_3C24L,601,101,271.413,24,24,296.65885734558105,2,0,4,12.803801796611612,110.0,128.03801796611614
L2_3C24L,602,102,255.401,24,24,278.63537406921387,4,0,2,17.882050073850326,140.0,178.8205007385033
L2_3C24L,603,103,324.561,24,24,271.0372095108032,2,0,8,28.20928195167435,160.0,282.09281951674353
L2_3C24L,604,104,320.206,24,24,303.9809322357178,3,0,16,13.396880857881657,80.0,133.96880857881658
L2_3C24L,605,105,269.392,24,24,275.02340292930603,5,0,6,11.588646498231032,140.0,115.88646498231032
L2_3C24L,606,106,306.003,24,24,278.30924224853516,3,0,16,18.969169237546694,140.0,189.6916923754669
L2_3C24L,607,107,419.27,24,24,282.92307901382446,4,0,23,18.589709391465753,110.0,185.89709391465757
L2_3C24L,608,108,270.658,24,24,287.97262382507324,2,0,3,16.757917263088398,130.0,167.57917263088402
L2_3C24L,609,109,320.372,24,24,268.16483879089355,6,0,5,24.450512845364344,140.0,244.50512845364347
L2_3C24L,610,110,311.077,24,24,283.5862236022949,2,0,15,13.045925969419836,140.0,130.45925969419835
L2_3C24L,611,111,370.964,24,24,279.25051975250244,2,0,24,17.498232830525566,140.0,174.98232830525563
L2_3C24L,612,112,271.221,24,24,300.15966415405273,3,0,7,14.46778251597764,90.0,144.67782515977643
L2_3C24L,613,113,281.142,24,24,268.84689569473267,6,0,3,25.51032766312138,140.0,255.10327663121376
L2_3C24L,614,114,423.24,24,24,260.5948061943054,5,0,22,34.68394874134755,150.0,346.83948741347547
L2_3C24L,615,115,290.85,24,24,280.05349826812744,3,0,7,18.154982568356676,140.0,181.54982568356675
L2_3C24L,616,116,424.741,24,24,268.46577882766724,5,0,31,16.78071998059088,140.0,167.8071998059088
L2_3C24L,617,117,274.054,24,24,260.8927001953125,6,0,1,15.357664866583548,170.0,153.57664866583545
L2_3C24L,618,118,343.71,24,24,285.93488216400146,4,0,12,18.550392306277505,110.0,185.50392306277507
L2_3C24L,619,119,306.602,24,24,279.0895104408264,5,0,6,23.034929572528075,120.0,230.34929572528077
L2_3C24L,620,120,313.837,24,24,293.0541887283325,2,0,16,21.486012493381207,110.0,214.86012493381207
L2_3C24L,621,121,352.19,24,24,274.54471015930176,11,0,31,13.184252972722453,90.0,131.84252972722453
L2_3C24L,622,122,303.219,24,24,281.4837613105774,7,0,15,18.3874619083168,100.0,183.87461908316803
L2_3C24L,623,123,291.118,24,24,270.88023567199707,3,0,7,22.065889215811115,160.0,220.65889215811114
L2_3C24L,624,124,289.606,24,24,307.33883476257324,1,0,6,13.870552518128807,90.0,138.7055251812881
L2_3C24L,625,125,325.471,24,24,234.49540042877197,14,0,10,16.681958231106876,170.0,166.81958231106873
L2_3C24L,626,126,387.311,24,24,275.42675018310547,2,0,22,15.24416368204135,150.0,152.4416368204135
L2_3C24L,627,127,293.204,24,24,271.19537258148193,6,0,6,17.682050739192896,140.0,176.8205073919289
L2_3C24L,628,128,342.052,24,24,264.92070960998535,4,0,9,21.93097684275892,160.0,219.3097684275892
L2_3C24L,629,129,280.74,24,24,276.90324211120605,4,0,6,18.655862792074227,140.0,186.5586279207423
L2_3C24L,630,130,313.84,24,24,277.8992156982422,4,0,9,10.33594680242379,140.0,103.35946802423788
L2_3C24L,631,131,702.227,24,24,248.33203315734863,5,0,67,17.226511928026717,160.0,172.26511928026719
L2_3C24L,632,132,331.339,24,24,278.9411997795105,8,0,23,15.195995462755503,100.0,151.95995462755508
L2_3C24L,633,133,350.899,24,24,265.8241403102875,7,0,22,15.586173441159065,140.0,155.86173441159065
L2_3C24L,634,134,278.196,24,24,277.4734697341919,7,0,4,13.421769098986942,120.0,134.21769098986942
L2_3C24L,635,135,279.251,24,24,282.42662048339844,5,0,5,16.911266838808377,120.0,169.11266838808382
L2_3C24L,636,136,280.648,24,24,263.89886951446533,6,0,3,17.00373243679971,160.0,170.03732436799706
L2_3C24L,637,137,304.883,24,24,259.88622283935547,10,0,16,10.379247481946646,140.0,103.79247481946646
L2_3C24L,638,138,471.705,24,24,269.32591438293457,4,0,38,18.913598996937537,140.0,189.13598996937534
L2_3C24L,639,139,265.47,24,24,288.04265785217285,4,0,4,23.19114105164331,110.0,231.91141051643316
L2_3C24L,640,140,452.547,24,24,263.1821813583374,3,0,17,27.72606771460953,160.0,277.2606771460953
L2_3C24L,641,101,269.253,24,24,294.4335889816284,0,0,5,15.221330805342832,130.0,152.21330805342834
L2_3C24L,642,102,304.266,24,24,254.08107948303223,10,0,10,18.06303366183269,150.0,180.6303366183269
L2_3C24L,643,103,286.44,24,24,282.1959342956543,5,0,10,26.013550002322237,110.0,260.1355000232224
L2_3C24L,644,104,294.281,24,24,265.7155122756958,13,0,11,19.28161702323686,100.0,192.8161702323686
L2_3C24L,645,105,252.809,24,24,291.27199363708496,3,0,2,10.760010179609537,120.0,107.60010179609537
L2_3C24L,646,106,425.306,24,24,244.70361042022705,11,0,32,22.65458767141177,150.0,226.5458767141177
L2_3C24L,647,107,329.269,24,24,265.4680595397949,9,0,14,15.106459802086155,130.0,151.06459802086152
L2_3C24L,648,108,301.881,24,24,264.9544053077698,10,0,18,16.81864057787995,120.0,168.18640577879953
L2_3C24L,649,109,317.28,24,24,255.57821464538574,8,0,5,23.07260478198986,160.0,230.7260478198986
L2_3C24L,650,110,252.79,24,24,279.6298942565918,8,0,2,12.900349073371729,110.0,129.00349073371729
L2_3C24L,651,111,378.766,24,24,283.1071186065674,1,0,25,14.642941476091776,140.0,146.42941476091778
L2_3C24L,652,112,318.296,24,24,294.2644557952881,2,0,7,15.785124086603489,110.0,157.85124086603489
L2_3C24L,653,113,312.465,24,24,282.3970146179199,1,0,7,30.34328730802598,140.0,303.4328730802598
L2_3C24L,654,114,405.981,24,24,283.1553044319153,3,0,24,14.482320388777033,120.0,144.82320388777035
L2_3C24L,655,115,290.85,24,24,272.0574426651001,6,0,7,14.808494773530203,140.0,148.08494773530202
L2_3C24L,656,116,294.004,24,24,282.80285263061523,2,0,15,13.990447856604103,140.0,139.904478566041
L2_3C24L,657,117,365.5,24,24,279.39899158477783,4,0,16,13.670002110528342,130.0,136.7000211052834
L2_3C24L,658,118,278.578,24,24,267.98837661743164,7,0,7,18.37207820181708,140.0,183.72078201817075
L2_3C24L,659,119,326.96,24,24,288.1080994606018,1,0,10,19.639681216401012,130.0,196.39681216401016
L2_3C24L,660,120,298.712,24,24,284.389146566391,8,0,10,15.369503253333368,90.0,153.69503253333366
L2_3C24L,661,121,313.018,24,24,275.6672639846802,10,0,20,14.442454265953296,90.0,144.42454265953296
L2_3C24L,662,122,323.322,24,24,282.3527216911316,7,0,6,18.824260230244786,100.0,188.24260230244786
L2_3C24L,663,123,263.633,24,24,277.14172887802124,4,0,2,19.527562116604912,140.0,195.2756211660491
L2_3C24L,664,124,282.503,24,24,289.6991901397705,6,0,7,19.336034571586538,90.0,193.3603457158654
L2_3C24L,665,125,362.661,24,24,249.63638639450073,9,0,23,17.878710065714383,160.0,178.78710065714387
L2_3C24L,666,126,341.656,24,24,278.17590618133545,0,0,18,19.413631780558838,160.0,194.1363178055884
L2_3C24L,667,127,307.217,24,24,279.29058170318604,4,0,6,24.031376408350038,130.0,240.3137640835004
L2_3C24L,668,128,317.329,24,24,284.5562114715576,2,0,11,21.47928653367533,130.0,214.79286533675335
L2_3C24L,669,129,305.249,24,24,266.52657890319824,9,0,18,13.244712443316235,130.0,132.44712443316234
L2_3C24L,670,130,259.123,24,24,303.4155807495117,3,0,2,8.614691193208222,90.0,86.14691193208222
L2_3C24L,671,131,549.723,24,24,278.655348777771,1,0,35,16.148819374554567,130.0,161.48819374554563
L2_3C24L,672,132,328.785,24,24,249.1099157333374,17,0,11,16.300246218059232,110.0,163.00246218059235
L2_3C24L,673,133,295.572,24,24,279.01368713378906,10,0,18,13.287705773066683,90.0,132.87705773066685
L2_3C24L,674,134,270.856,24,24,285.67615127563477,8,0,15,12.746162815718765,90.0,127.46162815718765
L2_3C24L,675,135,340.351,24,24,274.57193624973297,9,0,16,19.760175006922744,100.0,197.60175006922742
L2_3C24L,676,136,304.877,24,24,246.2895793914795,11,0,8,24.034701137062736,160.0,240.3470113706274
L2_3C24L,677,137,258.105,24,24,266.9484119415283,8,0,3,15.171964698466077,140.0,151.71964698466076
L2_3C24L,678,138,462.629,24,24,269.02245235443115,4,0,35,19.925147660256258,140.0,199.25147660256252
L2_3C24L,679,139,260.023,24,24,300.9862861633301,2,0,5,13.379041392282977,100.0,133.79041392282977
L2_3C24L,680,140,302.092,24,24,278.70951080322266,4,0,5,12.634935756800553,140.0,126.34935756800557
L2_3C24L,681,101,257.292,24,24,279.1660861968994,5,0,2,17.779671858014606,130.0,177.79671858014603
L2_3C24L,682,102,281.07,24,24,271.4758372306824,11,0,5,20.080539158792863,100.0,200.80539158792863
L2_3C24L,683,103,311.522,24,24,244.89643478393555,8,0,9,28.67851409265614,180.0,286.7851409265614
L2_3C24L,684,104,317.378,24,24,276.0363063812256,6,0,22,19.87896076891523,120.0,198.78960768915232
L2_3C24L,685,105,256.804,24,24,294.7034492492676,3,0,4,10.988505440551936,110.0,109.88505440551937
L2_3C24L,686,106,293.063,24,24,257.40424823760986,9,0,7,20.31917268757075,150.0,203.1917268757075
L2_3C24L,687,107,299.032,24,24,248.10897827148438,9,0,5,11.303387681493797,180.0,113.033876814938
L2_3C24L,688,108,336.05,24,24,273.5678119659424,7,0,13,21.44061499112064,120.0,214.4061499112064
L2_3C24L,689,109,300.339,24,24,266.0506353378296,5,0,3,18.16453203298977,160.0,181.64532032989771
L2_3C24L,690,110,333.593,24,24,293.3761763572693,2,0,18,13.746075281547592,110.0,137.4607528154759
L2_3C24L,691,111,396.774,24,24,269.8489055633545,4,0,15,13.836956163917003,150.0,138.36956163917006
L2_3C24L,692,112,327.633,24,24,283.3907985687256,5,0,11,18.69731305036001,110.0,186.97313050360012
L2_3C24L,693,113,309.073,24,24,266.72337913513184,3,0,7,32.58873831672274,160.0,325.8873831672273
L2_3C24L,694,114,282.935,24,24,267.1533889770508,4,0,6,24.48868089044201,160.0,244.8868089044201
L2_3C24L,695,115,401.649,24,24,230.91914749145508,13,0,25,21.93616650998609,170.0,219.36166509986083
L2_3C24L,696,116,269.93,24,24,278.6034240722656,4,0,6,14.65522885409426,140.0,146.55228854094258
L2_3C24L,697,117,271.781,24,24,286.445463180542,1,0,3,18.515116329970127,140.0,185.15116329970127
L2_3C24L,698,118,317.828,24,24,267.79124641418457,6,0,10,24.029147189637687,140.0,240.2914718963769
L2_3C24L,699,119,279.81,24,24,287.98315143585205,1,0,5,26.72281422141256,130.0,267.22814221412557
L2_3C24L,700,120,269.317,24,24,281.48136711120605,8,0,5,16.728751894771754,100.0,167.28751894771756
L2_3C24L,701,121,415.376,24,24,274.88536405563354,10,0,29,12.048747420338014,90.0,120.48747420338015
L2_3C24L,702,122,354.2,24,24,266.25612449645996,12,0,23,12.479588903228551,100.0,124.79588903228552
L2_3C24L,703,123,291.027,24,24,295.237717628479,0,0,4,19.20758547576568,120.0,192.07585475765674
L2_3C24L,704,124,391.977,24,24,294.63824367523193,2,0,27,12.872488084064576,100.0,128.72488084064577
L2_3C24L,705,125,431.162,24,24,267.11335611343384,6,0,23,24.62214890645916,130.0,246.2214890645916
L2_3C24L,706,126,324.825,24,24,274.13170051574707,3,0,12,19.560964319658034,150.0,195.60964319658032
L2_3C24L,707,127,326.809,24,24,267.30444145202637,8,0,11,18.985171574347046,130.0,189.8517157434705
L2_3C24L,708,128,329.306,24,24,277.5498113632202,2,0,9,18.16725653330178,150.0,181.67256533301784
L2_3C24L,709,129,289.858,24,24,268.26412868499756,7,0,5,19.11954874246042,140.0,191.19548742460424
L2_3C24L,710,130,271.003,24,24,294.8757963180542,3,0,4,10.414001802657097,110.0,104.14001802657097
L2_3C24L,711,131,411.337,24,24,271.1331524848938,3,0,16,14.55615350842846,150.0,145.5615350842846
L2_3C24L,712,132,488.497,24,24,270.06989192962646,6,0,56,18.10035785724181,120.0,181.00357857241806
L2_3C24L,713,133,301.942,24,24,294.33911514282227,5,0,9,12.20293968755541,90.0,122.02939687555411
L2_3C24L,714,134,347.075,24,24,272.72228813171387,8,0,15,17.592375012087683,110.0,175.92375012087686
L2_3C24L,715,135,400.25,24,24,264.5607099533081,5,0,28,16.46429789870978,150.0,164.64297898709788
L2_3C24L,716,136,295.65,24,24,278.8040294647217,3,0,4,22.31987232845422,140.0,223.1987232845422
L2_3C24L,717,137,312.366,24,24,278.0782804489136,4,0,10,11.405709025815513,140.0,114.05709025815516
L2_3C24L,718,138,407.003,24,24,270.5574641227722,5,0,29,18.14178327190009,130.0,181.4178327190009
L2_3C24L,719,139,274.888,24,24,290.77463722229004,4,0,7,20.751193389316814,100.0,207.5119338931682
L2_3C24L,720,140,383.036,24,24,279.39612865448,3,0,14,18.679569340445212,130.0,186.79569340445215
L2_3C24L,721,101,268.677,24,24,307.5347366333008,0,0,5,9.884189193180074,100.0,98.84189193180075
L2_3C24L,722,102,295.028,24,24,272.0221014022827,8,0,10,16.59295373626245,120.0,165.92953736262453
L2_3C24L,723,103,279.592,24,24,249.82973337173462,9,0,9,20.56756406958241,170.0,205.67564069582411
L2_3C24L,724,104,378.23,24,24,293.62102222442627,3,0,13,16.263248053866526,100.0,162.63248053866528
L2_3C24L,725,105,257.359,24,24,271.2707214355469,8,0,6,12.430928467359026,130.0,124.30928467359026
L2_3C24L,726,106,296.586,24,24,267.64508056640625,6,0,8,26.183071318954035,140.0,261.83071318954035
L2_3C24L,727,107,324.489,24,24,257.2259511947632,8,0,9,12.580156638861935,160.0,125.80156638861936
L2_3C24L,728,108,292.153,24,24,257.64427947998047,9,0,9,21.185729650328167,150.0,211.85729650328162
L2_3C24L,729,109,337.103,24,24,266.31811904907227,7,0,10,18.93957579830482,140.0,189.39575798304818
L2_3C24L,730,110,288.732,24,24,275.8621768951416,7,0,15,13.792745316515166,120.0,137.92745316515166
L2_3C24L,731,111,362.302,24,24,283.75017499923706,3,0,27,17.49939316031061,120.0,174.99393160310615
L2_3C24L,732,112,279.736,24,24,296.4409656524658,2,0,9,13.53013489127813,110.0,135.30134891278132
L2_3C24L,733,113,288.038,24,24,282.57524967193604,1,0,2,18.082484009756225,150.0,180.82484009756223
L2_3C24L,734,114,402.203,24,24,278.78676986694336,4,0,21,19.0440979890789,120.0,190.440979890789
L2_3C24L,735,115,352.057,24,24,257.7625560760498,8,0,12,19.124810635413237,150.0,191.24810635413237
L2_3C24L,736,116,303.442,24,24,299.20432567596436,2,0,12,12.652254753062758,100.0,126.52254753062756
L2_3C24L,737,117,276.638,24,24,276.61856842041016,2,0,5,16.271399600708733,160.0,162.71399600708733
L2_3C24L,738,118,375.972,24,24,275.5151438713074,4,0,13,13.282815505547282,140.0,132.82815505547282
L2_3C24L,739,119,297.193,24,24,283.2933850288391,5,0,11,22.355386507519096,110.0,223.55386507519094
L2_3C24L,740,120,389.656,24,24,281.87758016586304,1,0,21,17.074714189168155,140.0,170.7471418916816
L2_3C24L,741,121,281.128,24,24,270.98698139190674,13,0,11,15.043391776512896,90.0,150.43391776512897
L2_3C24L,742,122,271.06,24,24,293.2327699661255,6,0,6,10.890764842445423,90.0,108.90764842445422
L2_3C24L,743,123,291.602,24,24,272.2727298736572,6,0,6,14.090889742681723,140.0,140.9088974268172
L2_3C24L,744,124,303.142,24,24,292.6940975189209,4,0,15,14.352970961211248,100.0,143.52970961211247
L2_3C24L,745,125,282.76,24,24,275.2868490219116,11,0,9,15.71045806037466,90.0,157.1045806037466
L2_3C24L,746,126,313.658,24,24,272.27569580078125,4,0,4,20.74763545866301,150.0,207.47635458663012
L2_3C24L,747,127,278.734,24,24,281.6633186340332,3,0,6,12.788929952419691,140.0,127.88929952419691
L2_3C24L,748,128,347.03,24,24,267.09471702575684,5,0,8,23.017596234800003,150.0,230.17596234799998
L2_3C24L,749,129,317.645,24,24,273.11981678009033,6,0,9,19.60058499239523,130.0,196.00584992395227
L2_3C24L,750,130,259.067,24,24,304.68521881103516,1,0,2,9.382604839733732,100.0,93.82604839733732
L2_3C24L,751,131,447.091,24,24,261.6433730125427,6,0,32,11.188729431789735,150.0,111.88729431789731
L2_3C24L,752,132,576.502,24,24,271.95939779281616,1,0,54,25.13530718026668,140.0,251.35307180266676
L2_3C24L,753,133,338.613,24,24,251.9970507621765,8,0,15,16.676500908070285,170.0,166.76500908070287
L2_3C24L,754,134,330.631,24,24,271.39319896698,8,0,9,18.689295252414457,120.0,186.89295252414456
L2_3C24L,755,135,340.989,24,24,262.7456703186035,9,0,12,19.18109549204358,130.0,191.8109549204358
L2_3C24L,756,136,326.267,24,24,268.71672439575195,4,0,4,19.27758978122681,160.0,192.77589781226803
L2_3C24L,757,137,290.931,24,24,291.4524984359741,2,0,12,13.49165949782905,120.0,134.9165949782905
L2_3C24L,758,138,572.676,24,24,252.7006754875183,6,0,36,25.99775034467667,150.0,259.9775034467668
L2_3C24L,759,139,295.662,24,24,296.7884159088135,2,0,9,20.705280190037236,100.0,207.05280190037237
L2_3C24L,760,140,281.297,24,24,293.5011968612671,2,0,4,9.995970348809792,120.0,99.95970348809792
L2_3C24L,761,101,305.718,24,24,306.2205283641815,1,0,14,12.598217648149745,90.0,125.98217648149746
L2_3C24L,762,102,390.518,24,24,256.15435457229614,8,0,30,19.485461945745367,150.0,194.85461945745368
L2_3C24L,763,103,288.517,24,24,265.2237169742584,10,0,7,19.254249329881205,120.0,192.54249329881208
L2_3C24L,764,104,372.708,24,24,260.73029804229736,11,0,20,19.232314765558602,120.0,192.32314765558596
L2_3C24L,765,105,281.551,24,24,273.713547706604,7,0,8,12.621512765924027,130.0,126.21512765924028
L2_3C24L,766,106,255.584,24,24,290.84450101852417,3,0,5,20.518329653228783,110.0,205.1832965322879
L2_3C24L,767,107,325.891,24,24,274.616660118103,6,0,33,11.277785651472142,130.0,112.7778565147214
L2_3C24L,768,108,285.563,24,24,244.70212173461914,12,0,3,24.326246470249238,160.0,243.26246470249234
L2_3C24L,769,109,281.152,24,24,276.4225273132324,4,0,1,23.591570239018907,140.0,235.9157023901891
L2_3C24L,770,110,271.879,24,24,279.45521450042725,5,0,1,18.482627954788228,130.0,184.82627954788225
L2_3C24L,771,111,395.486,24,24,268.76025009155273,5,0,25,20.799129089936308,140.0,207.99129089936307
L2_3C24L,772,112,245.519,24,24,282.1198024749756,8,0,5,16.267324139171993,100.0,162.67324139171998
L2_3C24L,773,113,296.986,24,24,293.46451330184937,4,0,10,11.78495402279972,100.0,117.84954022799718
L2_3C24L,774,114,374.94,24,24,270.4895420074463,6,0,12,20.034858762050057,130.0,200.3485876205006
L2_3C24L,775,115,349.798,24,24,242.8264660835266,9,0,11,33.91173467648083,170.0,339.11734676480836
L2_3C24L,776,116,267.17,24,24,295.4649758338928,2,0,9,13.450091681250134,110.0,134.50091681250134
L2_3C24L,777,117,339.65,24,24,275.5604190826416,2,0,29,19.798599440484605,150.0,197.98599440484605
L2_3C24L,778,118,318.135,24,24,279.7860412597656,6,0,17,15.713148829075498,110.0,157.131488290755
L2_3C24L,779,119,271.402,24,24,284.8894147872925,5,0,8,17.035276727701493,110.0,170.35276727701495
L2_3C24L,780,120,290.903,24,24,275.11205101013184,5,0,3,14.626450973258377,140.0,146.2645097325838
L2_3C24L,781,121,262.259,24,24,294.4560971260071,10,0,11,15.146343606138196,50.0,151.4634360613819
L2_3C24L,782,122,281.168,24,24,291.18712520599365,5,0,10,11.042881768312768,100.0,110.4288176831277
L2_3C24L,783,123,274.976,24,24,278.8570976257324,5,0,4,15.4763259858208,130.0,154.76325985820804
L2_3C24L,784,124,272.847,24,24,292.12203884124756,4,0,8,21.259870937594236,100.0,212.59870937594235
L2_3C24L,785,125,549.69,24,24,260.3377022743225,4,0,38,25.54095277413194,150.0,255.4095277413194
L2_3C24L,786,126,368.118,24,24,275.67922592163086,3,0,24,17.735916621190967,140.0,177.35916621190967
L2_3C24L,787,127,330.333,24,24,268.79699420928955,7,0,17,19.010021923490026,130.0,190.1002192349002
L2_3C24L,788,128,325.263,24,24,275.3101921081543,3,0,10,15.632691919165069,150.0,156.3269191916507
L2_3C24L,789,129,330.77,24,24,265.9290337562561,5,0,24,23.56989174710052,150.0,235.6989174710052
L2_3C24L,790,130,269.101,24,24,304.64866638183594,1,0,4,9.504443059087869,100.0,95.0444305908787
L2_3C24L,791,131,444.762,24,24,258.31652641296387,6,0,27,13.944873888285105,160.0,139.44873888285105
L2_3C24L,792,132,388.044,24,24,286.681432723999,2,0,32,17.728553273285403,120.0,177.285532732854
L2_3C24L,793,133,302.27,24,24,270.5064449310303,10,0,14,14.978515017323296,110.0,149.78515017323298
L2_3C24L,794,134,391.871,24,24,278.43701171875,2,0,45,26.876609052526558,130.0,268.76609052526555
L2_3C24L,795,135,355.861,24,24,271.987135887146,8,0,25,20.04287453373816,110.0,200.4287453373816
L2_3C24L,796,136,259.186,24,24,292.94424629211426,3,0,4,16.852507943001573,110.0,168.52507943001572
L2_3C24L,797,137,304.808,24,24,266.2791414260864,6,0,9,20.73617591463754,150.0,207.3617591463754
L2_3C24L,798,138,364.425,24,24,274.5099220275879,5,0,18,19.96691281896769,130.0,199.66912818967685
L2_3C24L,799,139,272.247,24,24,285.94120025634766,5,0,3,20.195960136856,110.0,201.95960136855996
L2_3C24L,800,140,457.823,24,24,248.3590054512024,3,0,24,23.80327018968935,200.0,238.03270189689343
L2_3C24L,801,101,297.266,24,24,287.06889247894287,2,0,7,19.770328964147637,130.0,197.70328964147637
L2_3C24L,802,102,321.139,24,24,280.2698564529419,6,0,12,22.433767476419764,110.0,224.3376747641976
L2_3C24L,803,103,309.621,24,24,272.29114532470703,3,0,9,25.69618685491164,150.0,256.96186854911645
L2_3C24L,804,104,296.394,24,24,287.6055564880371,7,0,3,19.648147947256632,90.0,196.4814794725663
L2_3C24L,805,105,233.174,24,24,321.50023651123047,0,0,1,8.332518441072837,70.0,83.32518441072837
L2_3C24L,806,106,287.836,24,24,284.33581352233887,5,0,11,23.880614668827253,110.0,238.80614668827255
L2_3C24L,807,107,366.157,24,24,257.7293839454651,11,0,42,10.90201941504339,130.0,109.0201941504339
L2_3C24L,808,108,292.145,24,24,260.42692136764526,8,0,5,16.91025394902448,150.0,169.1025394902448
L2_3C24L,809,109,350.548,24,24,275.1093292236328,5,0,16,17.96887201527965,130.0,179.68872015279646
L2_3C24L,810,110,354.079,24,24,269.0362935066223,6,0,16,14.879030868770023,140.0,148.79030868770025
L2_3C24L,811,111,362.859,24,24,266.35370540618896,4,0,16,18.82098434144803,160.0,188.20984341448025
L2_3C24L,812,112,307.702,24,24,298.1259183883667,2,0,11,16.24691772818818,100.0,162.46917728188183
L2_3C24L,813,113,282.797,24,24,281.85143852233887,4,0,3,15.495174502729874,130.0,154.95174502729873
L2_3C24L,814,114,368.006,24,24,259.0799388885498,7,0,8,29.733533349972905,150.0,297.3353334997291
L2_3C24L,815,115,282.163,24,24,272.254994392395,6,0,4,15.816667768270214,140.0,158.1666776827022
L2_3C24L,816,116,268.473,24,24,272.75586318969727,11,0,5,15.81374794784991,100.0,158.1374794784991
L2_3C24L,817,117,301.617,24,24,274.7862186431885,1,0,7,15.712593894158031,170.0,157.12593894158036
L2_3C24L,818,118,415.226,24,24,267.1201276779175,6,0,25,24.59957500252747,130.0,245.9957500252747
L2_3C24L,819,119,330.398,24,24,277.92201948165894,4,0,13,23.59324965892988,130.0,235.93249658929886
L2_3C24L,820,120,270.484,24,24,291.00053882598877,5,0,6,14.998187493750278,100.0,149.98187493750277
L2_3C24L,821,121,319.166,24,24,282.0286908149719,10,0,15,16.57102918474479,80.0,165.71029184744788
L2_3C24L,822,122,258.236,24,24,299.20568656921387,5,0,5,14.314375518124574,80.0,143.14375518124575
L2_3C24L,823,123,267.438,24,24,270.8065414428711,7,0,5,22.31151168285603,130.0,223.11511682856028
L2_3C24L,824,124,244.632,24,24,295.732702255249,4,0,4,12.557642004762709,100.0,125.57642004762708
L2_3C24L,825,125,257.109,24,24,270.7903563976288,9,0,5,12.365478573637873,120.0,123.6547857363787
L2_3C24L,826,126,407.535,24,24,270.16127490997314,2,0,20,19.462426205138726,160.0,194.6242620513872
L2_3C24L,827,127,288.781,24,24,288.4144067764282,3,0,7,11.951969206902923,120.0,119.51969206902925
L2_3C24L,828,128,291.502,24,24,267.0968027114868,6,0,5,18.01066686723764,150.0,180.1066686723764
L2_3C24L,829,129,311.709,24,24,258.5681974887848,7,0,13,19.772667270251443,160.0,197.72667270251443
L2_3C24L,830,130,327.505,24,24,276.7426509857178,4,0,9,14.191153699020752,140.0,141.9115369902075
L2_3C24L,831,131,412.66,24,24,269.09087800979614,5,0,28,14.697067818644955,140.0,146.97067818644953
L2_3C24L,832,132,466.642,24,24,253.19703006744385,9,0,51,22.67655424240319,140.0,226.76554242403188
L2_3C24L,833,133,444.292,24,24,237.32466077804565,13,0,25,27.251140877987275,150.0,272.5114087798728
L2_3C24L,834,134,425.194,24,24,247.77129459381104,8,0,41,29.095652792652892,160.0,290.95652792652885
L2_3C24L,835,135,295.724,24,24,266.74752616882324,11,0,12,19.174881072030423,110.0,191.74881072030422
L2_3C24L,836,136,290.437,24,24,250.53095769882202,6,0,2,19.896806141963687,190.0,198.96806141963685
L2_3C24L,837,137,315.152,24,24,266.0901417732239,6,0,14,18.032860985472507,150.0,180.32860985472507
L2_3C24L,838,138,477.805,24,24,264.9713578224182,5,0,38,23.42879523701241,140.0,234.28795237012406
L2_3C24L,839,139,273.614,24,24,293.52723693847656,1,0,3,21.57587519102095,120.0,215.75875191020947
L2_3C24L,840,140,421.994,24,24,249.4643898010254,6,0,13,35.11868355489393,170.0,351.1868355489393
L2_3C24L,841,101,269.515,24,24,272.3588123321533,4,0,3,23.803983234009365,150.0,238.0398323400936
L2_3C24L,842,102,506.986,24,24,252.17755889892578,7,0,33,32.741462863801324,150.0,327.41462863801326
L2_3C24L,843,103,313.588,24,24,255.58782815933228,8,0,9,31.373880733072113,150.0,313.7388073307211
L2_3C24L,844,104,364.115,24,24,261.3081817626953,12,0,20,20.63939507667349,110.0,206.39395076673486
L2_3C24L,845,105,324.658,24,24,257.68707489967346,8,0,13,11.043074002495272,160.0,110.43074002495271
L2_3C24L,846,106,294.366,24,24,272.3456883430481,6,0,13,23.847697503327254,130.0,238.4769750332726
L2_3C24L,847,107,277.278,24,24,260.6515884399414,6,0,5,14.494682799710308,170.0,144.94682799710307
L2_3C24L,848,108,296.754,24,24,272.05705547332764,7,0,9,18.143148016825577,130.0,181.4314801682558
L2_3C24L,849,109,412.997,24,24,254.5682430267334,8,0,19,24.772487798980457,150.0,247.72487798980458
L2_3C24L,850,110,304.935,24,24,271.0660181045532,6,0,10,14.779913097534367,140.0,147.7991309753437
L2_3C24L,851,111,362.896,24,24,262.1573247909546,8,0,11,17.808869277106975,140.0,178.08869277106976
L2_3C24L,852,112,258.868,24,24,299.12561321258545,4,0,6,12.914626426470203,90.0,129.146264264702
L2_3C24L,853,113,251.303,24,24,308.258451461792,1,0,3,12.471825933684789,90.0,124.7182593368479
L2_3C24L,854,114,400.302,24,24,269.3232669830322,8,0,37,15.589105709254827,120.0,155.89105709254827
L2_3C24L,855,115,396.698,24,24,271.4945707321167,4,0,24,21.68475481426669,140.0,216.84754814266685
L2_3C24L,856,116,278.49,24,24,272.59696888923645,7,0,7,13.010092222137025,130.0,130.10092222137027
L2_3C24L,857,117,289.355,24,24,293.7139434814453,0,0,5,15.953499341682503,130.0,159.53499341682505
L2_3C24L,858,118,330.847,24,24,267.6577739715576,9,0,21,16.140704592152638,120.0,161.4070459215264
L2_3C24L,859,119,250.892,24,24,286.33139419555664,4,0,3,17.22869533048626,120.0,172.2869533048626
L2_3C24L,860,120,293.618,24,24,269.2739543914795,8,0,3,17.420106272599938,130.0,174.20106272599938
L2_3C24L,861,121,408.571,24,24,276.2222487926483,9,0,31,12.592500800971125,90.0,125.92500800971123
L2_3C24L,862,122,303.61,24,24,265.15049839019775,9,0,7,16.164975793774353,130.0,161.64975793774354
L2_3C24L,863,123,318.15,24,24,261.37800121307373,11,0,9,22.073324620772013,120.0,220.73324620772016
L2_3C24L,864,124,285.738,24,24,292.02330589294434,4,0,13,16.588976524482216,100.0,165.88976524482217
L2_3C24L,865,125,366.58,24,24,267.8429436683655,7,0,22,17.190181684454878,130.0,171.9018168445488
L2_3C24L,866,126,299.082,24,24,267.01201915740967,6,0,3,28.293254695083377,140.0,282.9325469508338
L2_3C24L,867,127,371.576,24,24,262.90940713882446,7,0,17,25.301964778474442,140.0,253.0196477847444
L2_3C24L,868,128,357.924,24,24,250.85936617851257,12,0,31,23.802113359543814,130.0,238.02113359543813
L2_3C24L,869,129,280.722,24,24,273.87779712677,9,0,9,15.407340651207106,110.0,154.07340651207107
L2_3C24L,870,130,242.805,24,24,293.9215602874756,5,0,0,10.261440645073115,100.0,102.61440645073115
L2_3C24L,871,131,508.677,24,24,266.59633922576904,3,0,35,19.678871496404078,150.0,196.78871496404076
L2_3C24L,872,132,474.826,24,24,278.7798824310303,3,0,59,14.067038945250241,120.0,140.67038945250238
L2_3C24L,873,133,279.735,24,24,278.48830795288086,8,0,9,13.372267903494954,110.0,133.72267903494955
L2_3C24L,874,134,329.834,24,24,272.3903498649597,9,0,21,13.698808297217909,110.0,136.9880829721791
L2_3C24L,875,135,297.439,24,24,260.83318614959717,11,0,9,18.889373546363352,120.0,188.8937354636335
L2_3C24L,876,136,336.995,24,24,263.8591480255127,7,0,12,13.802836202168983,150.0,138.0283620216898
L2_3C24L,877,137,487.463,24,24,265.3771405220032,4,0,36,32.076192363927376,140.0,320.76192363927373
L2_3C24L,878,138,515.762,24,24,286.9373435974121,1,0,46,20.208816949388684,110.0,202.08816949388682
L2_3C24L,879,139,270.64,24,24,300.57088470458984,2,0,10,13.097042935386597,100.0,130.97042935386597
L2_3C24L,880,140,384.865,24,24,274.89269065856934,2,0,18,32.02436648337747,140.0,320.2436648337747
L2_3C24L,881,101,295.156,24,24,285.98732471466064,5,0,13,13.375586067677895,110.0,133.755860676779
L2_3C24L,882,102,283.355,24,24,283.01757192611694,6,0,9,14.941421252551823,110.0,149.41421252551822
L2_3C24L,883,103,295.166,24,24,253.51283168792725,12,0,9,26.623849166258662,130.0,266.2384916625866
L2_3C24L,884,104,333.827,24,24,285.3923854827881,7,0,10,22.025372834205516,90.0,220.25372834205515
L2_3C24L,885,105,253.927,24,24,264.05233573913574,12,0,4,9.82554511037561,120.0,98.25545110375612
L2_3C24L,886,106,445.109,24,24,229.25239276885986,15,0,24,34.15867882716,150.0,341.58678827159997
L2_3C24L,887,107,436.791,24,24,259.65321016311646,8,0,50,16.155948176359292,140.0,161.55948176359294
L2_3C24L,888,108,341.796,24,24,276.23192739486694,5,0,14,27.560226564076824,120.0,275.6022656407683
L2_3C24L,889,109,356.172,24,24,265.65583658218384,3,0,16,26.147203841362593,160.0,261.47203841362597
L2_3C24L,890,110,305.069,24,24,289.8650827407837,4,0,16,10.4497106045301,110.0,104.497106045301
L2_3C24L,891,111,386.638,24,24,279.0161828994751,0,0,16,11.612694611791856,160.0,116.12694611791855
L2_3C24L,892,112,281.428,24,24,277.43329006433487,9,0,11,15.222358214690214,100.0,152.22358214690217
L2_3C24L,893,113,312.854,24,24,262.52907037734985,8,0,12,21.56972705882784,140.0,215.6972705882784
L2_3C24L,894,114,371.91,24,24,280.06258964538574,7,0,23,16.458033186991152,100.0,164.58033186991156
L2_3C24L,895,115,326.554,24,24,280.5161395072937,4,0,13,14.946174548357456,130.0,149.46174548357456
L2_3C24L,896,116,285.395,24,24,271.8276426792145,7,0,9,15.57450509530567,130.0,155.7450509530567
L2_3C24L,897,117,336.132,24,24,248.444739818573,11,0,7,25.184193938810576,150.0,251.84193938810577
L2_3C24L,898,118,313.534,24,24,250.3574743270874,10,0,12,15.475071848465284,160.0,154.75071848465285
L2_3C24L,899,119,297.16,24,24,286.73935317993164,3,0,9,22.535494110807484,120.0,225.35494110807483
L2_3C24L,900,120,429.382,24,24,254.6480269432068,6,0,19,26.17319392636282,160.0,261.7319392636282
L2_3C24L,901,121,432.304,24,24,287.13492250442505,5,0,47,16.21687804691986,90.0,162.16878046919862
L2_3C24L,902,122,270.896,24,24,288.288959980011,6,0,8,10.703445812489994,100.0,107.03445812489997
L2_3C24L,903,123,264.039,24,24,263.3294458389282,8,0,3,22.23518359109471,140.0,222.35183591094707
L2_3C24L,904,124,299.257,24,24,282.2516746520996,5,0,12,27.494396372313158,110.0,274.9439637231316
L2_3C24L,905,125,348.033,24,24,249.8082160949707,10,0,17,17.3059273832771,160.0,173.05927383277103
L2_3C24L,906,126,279.568,24,24,248.85630416870117,10,0,8,22.145649177898353,160.0,221.4564917789835
L2_3C24L,907,127,292.291,24,24,268.79671478271484,7,0,3,17.344251259168388,140.0,173.44251259168385
L2_3C24L,908,128,339.622,24,24,263.51453590393066,5,0,17,21.618208550819475,160.0,216.18208550819477
L2_3C24L,909,129,272.504,24,24,289.57951259613037,7,0,7,13.068292062383923,90.0,130.6829206238392
L2_3C24L,910,130,296.426,24,24,275.0380883216858,8,0,18,14.873031965744133,110.0,148.73031965744133
L2_3C24L,911,131,396.31,24,24,251.76886701583862,7,0,18,14.10374436948281,170.0,141.0374436948281
L2_3C24L,912,132,395.913,24,24,297.22250747680664,2,0,40,17.59164312490819,90.0,175.91643124908188
L2_3C24L,913,133,442.682,24,24,265.31251525878906,8,0,48,18.958284824100772,120.0,189.5828482410077
L2_3C24L,914,134,274.833,24,24,287.2925274372101,8,0,13,14.024911708689489,80.0,140.2491170868949
L2_3C24L,915,135,302.459,24,24,276.28364658355713,8,0,12,15.721150283205427,110.0,157.21150283205426
L2_3C24L,916,136,284.462,24,24,276.8268280029297,4,0,3,20.577231944099786,140.0,205.77231944099782
L2_3C24L,917,137,327.627,24,24,249.34455966949463,10,0,17,20.518118248452986,160.0,205.18118248452987
L2_3C24L,918,138,454.628,24,24,264.6575050354004,5,0,50,24.47497616066314,140.0,244.74976160663138
L2_3C24L,919,139,287.975,24,24,296.98252296447754,2,0,2,25.0582355431869,100.0,250.58235543186902
L2_3C24L,920,140,256.237,24,24,301.046648979187,1,0,4,9.844494116689965,110.0,98.44494116689965
L2_3C24L,921,101,372.84,24,24,282.7910089492798,0,0,20,25.696609968150764,140.0,256.96609968150767
L2_3C24L,922,102,304.584,24,24,249.37430572509766,10,0,13,33.75229007991441,150.0,337.5229007991441
L2_3C24L,923,103,325.737,24,24,264.39290142059326,8,0,23,23.690333659272767,130.0,236.90333659272767
L2_3C24L,924,104,493.499,24,24,263.8401803970337,6,0,31,30.532717162925874,130.0,305.3271716292587
L2_3C24L,925,105,306.374,24,24,265.1024761199951,7,0,5,14.658398427908965,150.0,146.58398427908966
L2_3C24L,926,106,285.518,24,24,274.74299812316895,9,0,10,25.856670488949128,100.0,258.5667048894913
L2_3C24L,927,107,385.953,24,24,264.9540853500366,8,0,14,21.819718736022306,130.0,218.197187360223
L2_3C24L,928,108,316.734,24,24,251.5799160003662,12,0,9,23.066931977540875,140.0,230.66931977540875
L2_3C24L,929,109,313.084,24,24,278.5849449634552,6,0,18,19.716850517502753,110.0,197.16850517502752
L2_3C24L,930,110,253.102,24,24,285.847957611084,6,0,0,13.840118824616903,110.0,138.40118824616906
L2_3C24L,931,111,340.316,24,24,274.8931293487549,7,0,19,12.022866542081209,120.0,120.2286654208121
L2_3C24L,932,112,277.625,24,24,281.8475532531738,7,0,3,13.841471009001612,110.0,138.41471009001614
L2_3C24L,933,113,267.472,24,24,277.414023399353,4,0,3,21.95323909090567,140.0,219.53239090905663
L2_3C24L,934,114,510.99,24,24,259.5050935745239,7,0,55,16.64965715613203,140.0,166.49657156132028
L2_3C24L,935,115,391.613,24,24,278.69707345962524,3,0,26,16.009734738940864,130.0,160.09734738940867
L2_3C24L,936,116,280.754,24,24,250.00102996826172,12,0,3,14.99654014699166,150.0,149.9654014699166
L2_3C24L,937,117,271.585,24,24,282.73462295532227,0,0,5,14.217922327467194,160.0,142.17922327467193
L2_3C24L,938,118,368.456,24,24,278.9836320877075,2,0,19,16.72122568814278,140.0,167.21225688142775
L2_3C24L,939,119,333.772,24,24,272.78290379047394,5,0,11,30.723655249260325,130.0,307.2365524926032
L2_3C24L,940,120,256.234,24,24,293.09191513061523,3,0,4,18.026929836054943,110.0,180.26929836054944
L2_3C24L,941,121,328.92,24,24,276.48875617980957,9,0,23,10.037481384845147,100.0,100.37481384845148
L2_3C24L,942,122,261.194,24,24,294.69256925582886,6,0,13,11.024771820907395,80.0,110.24771820907395
L2_3C24L,943,123,380.343,24,24,253.30886888504028,6,0,15,27.303761247081113,170.0,273.0376124708111
L2_3C24L,944,124,314.168,24,24,289.38646602630615,5,0,14,15.378429818960882,100.0,153.7842981896088
L2_3C24L,945,125,424.663,24,24,260.91184759140015,6,0,34,18.62714296078136,150.0,186.27142960781353
L2_3C24L,946,126,387.324,24,24,279.93042516708374,3,0,27,16.898558548590174,130.0,168.98558548590174
L2_3C24L,947,127,317.526,24,24,270.63175344467163,6,0,11,14.56082116475505,140.0,145.60821164755052
L2_3C24L,948,128,402.788,24,24,268.40693616867065,2,0,25,25.31021398860132,160.0,253.10213988601322
L2_3C24L,949,129,303.48,24,24,277.87143898010254,2,0,9,17.09517591671732,150.0,170.95175916717315
L2_3C24L,950,130,284.902,24,24,286.5691170692444,2,0,9,16.436274337299896,130.0,164.36274337299895
L2_3C24L,951,131,385.713,24,24,256.9013533592224,8,0,21,13.662126966515238,150.0,136.62126966515234
L2_3C24L,952,132,498.448,24,24,264.58825874328613,5,0,55,19.705791600226174,140.0,197.05791600226178
L2_3C24L,953,133,328.607,24,24,244.47372269630432,11,0,16,20.087586385475237,160.0,200.87586385475237
L2_3C24L,954,134,549.241,24,24,255.3422474861145,4,0,53,28.859166619680103,160.0,288.5916661968011
L2_3C24L,955,135,272.253,24,24,261.8547806739807,10,0,4,18.81737921754725,130.0,188.1737921754725
L2_3C24L,956,136,378.693,24,24,265.1866464614868,2,0,14,27.71114086793863,170.0,277.1114086793864
L2_3C24L,957,137,278.537,24,24,282.05859184265137,3,0,7,13.138032416846043,140.0,131.38032416846045
L2_3C24L,958,138,353.056,24,24,276.50390005111694,7,0,18,19.986980096866336,110.0,199.86980096866333
L2_3C24L,959,139,263.974,24,24,279.2425289154053,4,0,1,27.524879938801746,130.0,275.2487993880175
L2_3C24L,960,140,265.858,24,24,270.9029712677002,5,0,3,11.990074586787378,150.0,119.90074586787377
L2_3C24L,961,101,259.663,24,24,291.2468509674072,5,0,6,14.177171362599095,100.0,141.77171362599094
L2_3C24L,962,102,326.791,24,24,273.84663343429565,4,0,6,37.1778933470838,130.0,371.7789334708381
L2_3C24L,963,103,415.337,24,24,269.6063766479492,4,0,29,27.97871159229996,140.0,279.7871159229996
L2_3C24L,964,104,269.274,24,24,261.1755790710449,12,0,7,19.414742032405506,120.0,194.14742032405508
L2_3C24L,965,105,243.254,24,24,299.2092113494873,3,0,1,9.302622577349572,100.0,93.02622577349572
L2_3C24L,966,106,350.879,24,24,271.9954295158386,3,0,19,31.681899567329033,140.0,316.8189956732904
L2_3C24L,967,107,286.884,24,24,275.53201055526733,11,0,13,14.893294284199968,90.0,148.93294284199968
L2_3C24L,968,108,267.23,24,24,264.33624744415283,11,0,4,20.545830067210265,120.0,205.45830067210267
L2_3C24L,969,109,279.753,24,24,274.976975440979,4,0,13,21.743388737265413,140.0,217.43388737265414
L2_3C24L,970,110,383.666,24,24,262.1726613044739,7,0,12,27.757797291277214,140.0,277.5779729127721
L2_3C24L,971,111,295.642,24,24,281.03432273864746,8,0,12,13.21888846009016,100.0,132.18888460090162
L2_3C24L,972,112,332.037,24,24,257.3849558830261,12,0,23,20.383461580552744,120.0,203.83461580552742
L2_3C24L,973,113,414.374,24,24,279.6969747543335,3,0,19,31.010043735897817,120.0,310.1004373589782
L2_3C24L,974,114,366.658,24,24,267.31660747528076,8,0,27,22.27797123454627,120.0,222.77971234546274
L2_3C24L,975,115,265.636,24,24,257.09011578559875,12,0,5,19.69960572228002,130.0,196.99605722280018
L2_3C24L,976,116,282.187,24,24,282.62288093566895,3,0,5,17.92374014731677,130.0,179.23740147316767
L2_3C24L,977,117,307.141,24,24,278.5526580810547,3,0,4,23.157773456395564,140.0,231.5777345639557
L2_3C24L,978,118,340.462,24,24,256.4841854572296,9,0,27,21.71934250953168,140.0,217.19342509531677
L2_3C24L,979,119,366.756,24,24,261.1624355316162,5,0,18,37.79185130591894,150.0,377.9185130591894
L2_3C24L,980,120,282.232,24,24,289.21623730659485,4,0,9,12.6125355694437,110.0,126.125355694437
L2_3C24L,981,121,426.23,24,24,279.4730324745178,7,0,43,13.423231880792887,100.0,134.23231880792886
L2_3C24L,982,122,271.9,24,24,292.979962348938,6,0,6,11.733459161542559,90.0,117.33459161542557
L2_3C24L,983,123,367.896,24,24,274.1372814178467,2,0,16,24.54239311233836,150.0,245.42393112338357
L2_3C24L,984,124,266.446,24,24,293.3467025756836,4,0,4,18.84431419433415,100.0,188.4431419433415
L2_3C24L,985,125,367.7,24,24,275.392183303833,6,0,14,20.359384819100203,120.0,203.59384819100202
L2_3C24L,986,126,267.526,24,24,289.3283061981201,5,0,5,20.57230476000259,100.0,205.7230476000259
L2_3C24L,987,127,280.705,24,24,288.33960914611816,3,0,9,13.86795665128323,120.0,138.67956651283228
L2_3C24L,988,128,305.677,24,24,271.9722967147827,4,0,8,16.759012269432894,150.0,167.59012269432904
L2_3C24L,989,129,353.713,24,24,284.3008337020874,3,0,11,20.663876937912505,120.0,206.63876937912505
L2_3C24L,990,130,259.123,24,24,295.12942123413086,3,0,3,9.568555648088893,110.0,95.68555648088892
L2_3C24L,991,131,535.043,24,24,274.056040763855,3,0,36,11.479864057087,130.0,114.79864057087
L2_3C24L,992,132,580.044,24,24,272.89720344543457,3,0,55,23.675963567995755,120.0,236.75963567995754
L2_3C24L,993,133,327.597,24,24,282.7000684738159,8,0,17,15.999773909651573,90.0,159.99773909651572
L2_3C24L,994,134,281.521,24,24,290.47648429870605,5,0,10,13.411678956443582,100.0,134.1167895644358
L2_3C24L,995,135,325.323,24,24,270.68129873275757,7,0,12,17.72895946357997,130.0,177.2895946357997
L2_3C24L,996,136,270.094,24,24,293.8728847503662,3,0,4,12.090384793821647,110.0,120.90384793821646
L2_3C24L,997,137,281.601,24,24,273.86371994018555,4,0,6,15.454277422688351,150.0,154.54277422688355
L2_3C24L,998,138,444.694,24,24,280.81705474853516,2,0,32,18.943131888968228,130.0,189.43131888968233
L2_3C24L,999,139,282.915,24,24,278.28236293792725,5,0,2,19.05877830613597,130.0,190.5877830613597
L2_3C24L,1000,140,275.879,24,24,285.2089500427246,2,0,3,12.636823767148046,140.0,126.36823767148046
